solid OpenSCAD_Model
  facet normal -0.312568 0.946153 0.0842334
    outer loop
      vertex -28.1103 -2.33286 8.32015
      vertex -32.6234 -3.82379 8.32015
      vertex -27.9747 -2.77989 13.8446
    endloop
  endfacet
  facet normal -0.0734988 0.996405 -0.0421258
    outer loop
      vertex -9.49168 1.37061 -8.32015
      vertex -9.5146 1.60333 -2.77561
      vertex -4.75156 1.72026 -8.32015
    endloop
  endfacet
  facet normal 0.354758 0.919688 0.168291
    outer loop
      vertex 32.2304 -4.92205 19.3358
      vertex 32.0771 -5.35043 22
      vertex 34.2001 -6.16935 22
    endloop
  endfacet
  facet normal -0.120667 0.978324 0.168289
    outer loop
      vertex -11.7127 -0.536538 22
      vertex -14.0378 -0.365028 19.3358
      vertex -13.971 -0.815078 22
    endloop
  endfacet
  facet normal 0.485777 0.857724 0.168315
    outer loop
      vertex 45.0987 -10.6262 19.3358
      vertex 45.0751 -10.7793 20.1841
      vertex 45.3725 -10.8974 19.9276
    endloop
  endfacet
  facet normal 0.485398 0.857889 0.168566
    outer loop
      vertex 45.0987 -10.6262 19.3358
      vertex 45.3725 -10.8974 19.9276
      vertex 45.4451 -10.9249 19.8585
    endloop
  endfacet
  facet normal 0.486358 0.857403 0.168274
    outer loop
      vertex 45.0751 -10.7793 20.1841
      vertex 45.0987 -10.6262 19.3358
      vertex 45.0275 -10.7596 20.2213
    endloop
  endfacet
  facet normal 0.168524 0.971226 0.168288
    outer loop
      vertex 14.0378 -0.365028 19.3358
      vertex 16.3337 -1.22504 22
      vertex 18.6644 -1.16782 19.3358
    endloop
  endfacet
  facet normal 0.168521 0.971226 0.16829
    outer loop
      vertex 16.3337 -1.22504 22
      vertex 14.0378 -0.365028 19.3358
      vertex 13.971 -0.815078 22
    endloop
  endfacet
  facet normal 0.446019 0.886069 -0.126291
    outer loop
      vertex 45.0987 -10.6262 -19.3358
      vertex 41.2034 -7.88277 -13.8446
      vertex 45.4284 -10.0095 -13.8446
    endloop
  endfacet
  facet normal -0.0243708 0.991694 0.126292
    outer loop
      vertex -0.206083 0.810688 18.1949
      vertex 0 0.670459 19.3358
      vertex 0 0.815103 18.2
    endloop
  endfacet
  facet normal -0.0243007 0.991697 0.12628
    outer loop
      vertex -0.411672 0.807573 18.1798
      vertex 0 0.670459 19.3358
      vertex -0.206083 0.810688 18.1949
    endloop
  endfacet
  facet normal -0.0243878 0.991691 0.12631
    outer loop
      vertex -0.616267 0.805764 18.1545
      vertex 0 0.670459 19.3358
      vertex -0.411672 0.807573 18.1798
    endloop
  endfacet
  facet normal -0.024315 0.991698 0.126273
    outer loop
      vertex -0.819379 0.805266 18.1193
      vertex 0 0.670459 19.3358
      vertex -0.616267 0.805764 18.1545
    endloop
  endfacet
  facet normal -0.0243708 0.991691 0.12631
    outer loop
      vertex -1.02052 0.80608 18.0741
      vertex 0 0.670459 19.3358
      vertex -0.819379 0.805266 18.1193
    endloop
  endfacet
  facet normal -0.0242296 0.991709 0.126197
    outer loop
      vertex 0 0.670459 19.3358
      vertex -1.02052 0.80608 18.0741
      vertex -1.1071 0.807006 18.0502
    endloop
  endfacet
  facet normal -0.0242617 0.991708 0.126202
    outer loop
      vertex -4.17978 1.19494 14.4117
      vertex -4.72864 1.25368 13.8446
      vertex -4.16965 1.18474 14.4938
    endloop
  endfacet
  facet normal -0.0243519 0.991695 0.126288
    outer loop
      vertex -4.19494 1.22075 14.2061
      vertex -4.72864 1.25368 13.8446
      vertex -4.17978 1.19494 14.4117
    endloop
  endfacet
  facet normal -0.0243463 0.991696 0.12628
    outer loop
      vertex -4.2 1.24687 14
      vertex -4.72864 1.25368 13.8446
      vertex -4.19494 1.22075 14.2061
    endloop
  endfacet
  facet normal -0.0243431 0.991697 0.126269
    outer loop
      vertex -4.72864 1.25368 13.8446
      vertex -4.2 1.24687 14
      vertex -4.19619 1.26675 13.8446
    endloop
  endfacet
  facet normal 0.359577 0.932164 -0.0421277
    outer loop
      vertex 37.1474 -5.31832 -2.77561
      vertex 32.6234 -3.82379 -8.32015
      vertex 32.7022 -3.60361 -2.77561
    endloop
  endfacet
  facet normal 0.485815 0.857706 0.168296
    outer loop
      vertex 45.0987 -10.6262 19.3358
      vertex 45.6568 -11.0053 19.6568
      vertex 45.9276 -11.1029 19.3725
    endloop
  endfacet
  facet normal 0.486081 0.857995 0.166044
    outer loop
      vertex 45.0987 -10.6262 19.3358
      vertex 45.9276 -11.1029 19.3725
      vertex 45.9592 -11.1137 19.3358
    endloop
  endfacet
  facet normal 0.485908 0.857689 0.168114
    outer loop
      vertex 45.6568 -11.0053 19.6568
      vertex 45.0987 -10.6262 19.3358
      vertex 45.4451 -10.9249 19.8585
    endloop
  endfacet
  facet normal -0.266475 0.962921 -0.0421272
    outer loop
      vertex -28.1103 -2.33286 -8.32015
      vertex -28.1782 -2.10908 -2.77561
      vertex -23.5863 -0.838333 -2.77561
    endloop
  endfacet
  facet normal 0.122303 0.991598 -0.0421264
    outer loop
      vertex 14.2089 0.78879 -8.32015
      vertex 9.5146 1.60333 -2.77561
      vertex 14.2432 1.02011 -2.77561
    endloop
  endfacet
  facet normal -0.404884 0.913397 -0.042128
    outer loop
      vertex -41.4031 -7.46048 -8.32015
      vertex -41.5031 -7.24908 -2.77561
      vertex -37.0579 -5.53437 -8.32015
    endloop
  endfacet
  facet normal -0.170811 0.984403 0.0421263
    outer loop
      vertex -14.2432 1.02011 2.77561
      vertex -18.8919 -0.0237904 8.32015
      vertex -14.2089 0.78879 8.32015
    endloop
  endfacet
  facet normal 0.265761 0.960352 -0.0842324
    outer loop
      vertex 27.9747 -2.77989 -13.8446
      vertex 23.4159 -1.51832 -13.8446
      vertex 23.5294 -1.06518 -8.32015
    endloop
  endfacet
  facet normal 0.448021 0.890046 -0.0842384
    outer loop
      vertex 45.4284 -10.0095 -13.8446
      vertex 41.2034 -7.88277 -13.8446
      vertex 45.6486 -9.59748 -8.32015
    endloop
  endfacet
  facet normal 0.403804 0.91096 -0.0842308
    outer loop
      vertex 41.2034 -7.88277 -13.8446
      vertex 37.0579 -5.53437 -8.32015
      vertex 41.4031 -7.46048 -8.32015
    endloop
  endfacet
  facet normal -0.218908 0.974836 -0.0421305
    outer loop
      vertex -23.5294 -1.06518 -8.32015
      vertex -23.5863 -0.838333 -2.77561
      vertex -18.8919 -0.0237904 -8.32015
    endloop
  endfacet
  facet normal -0.358608 0.929651 0.0845573
    outer loop
      vertex -32.466 -4.26362 13.8446
      vertex -33.8051 -4.77556 13.7939
      vertex -33.8038 -4.77967 13.8446
    endloop
  endfacet
  facet normal -0.358607 0.92969 0.0841265
    outer loop
      vertex -32.466 -4.26362 13.8446
      vertex -33.8202 -4.76278 13.5883
      vertex -33.8051 -4.77556 13.7939
    endloop
  endfacet
  facet normal -0.358635 0.929661 0.0843328
    outer loop
      vertex -32.466 -4.26362 13.8446
      vertex -33.8455 -4.75398 13.3837
      vertex -33.8202 -4.76278 13.5883
    endloop
  endfacet
  facet normal -0.358591 0.929693 0.0841666
    outer loop
      vertex -32.466 -4.26362 13.8446
      vertex -33.8807 -4.74917 13.1806
      vertex -33.8455 -4.75398 13.3837
    endloop
  endfacet
  facet normal -0.358646 0.929658 0.084309
    outer loop
      vertex -32.466 -4.26362 13.8446
      vertex -33.9259 -4.74837 12.9795
      vertex -33.8807 -4.74917 13.1806
    endloop
  endfacet
  facet normal -0.358614 0.929677 0.0842453
    outer loop
      vertex -32.466 -4.26362 13.8446
      vertex -33.9809 -4.75158 12.7808
      vertex -33.9259 -4.74837 12.9795
    endloop
  endfacet
  facet normal -0.358524 0.929725 0.0840948
    outer loop
      vertex -32.466 -4.26362 13.8446
      vertex -34.0455 -4.75879 12.5851
      vertex -33.9809 -4.75158 12.7808
    endloop
  endfacet
  facet normal -0.358619 0.929676 0.0842333
    outer loop
      vertex -32.466 -4.26362 13.8446
      vertex -34.1197 -4.76998 12.3927
      vertex -34.0455 -4.75879 12.5851
    endloop
  endfacet
  facet normal -0.358559 0.929706 0.0841542
    outer loop
      vertex -32.466 -4.26362 13.8446
      vertex -34.2032 -4.78513 12.2043
      vertex -34.1197 -4.76998 12.3927
    endloop
  endfacet
  facet normal -0.358625 0.929674 0.0842339
    outer loop
      vertex -32.6234 -3.82379 8.32015
      vertex -34.2032 -4.78513 12.2043
      vertex -32.466 -4.26362 13.8446
    endloop
  endfacet
  facet normal -0.358626 0.929673 0.0842333
    outer loop
      vertex -34.2032 -4.78513 12.2043
      vertex -32.6234 -3.82379 8.32015
      vertex -34.2959 -4.8042 12.0201
    endloop
  endfacet
  facet normal -0.358594 0.929684 0.0842508
    outer loop
      vertex -34.2959 -4.8042 12.0201
      vertex -32.6234 -3.82379 8.32015
      vertex -34.3975 -4.82714 11.8408
    endloop
  endfacet
  facet normal -0.358602 0.929681 0.0842456
    outer loop
      vertex -34.3975 -4.82714 11.8408
      vertex -32.6234 -3.82379 8.32015
      vertex -34.5078 -4.8539 11.6666
    endloop
  endfacet
  facet normal -0.358615 0.929677 0.0842369
    outer loop
      vertex -34.5078 -4.8539 11.6666
      vertex -32.6234 -3.82379 8.32015
      vertex -34.6265 -4.88442 11.4981
    endloop
  endfacet
  facet normal -0.358552 0.929697 0.0842839
    outer loop
      vertex -34.6265 -4.88442 11.4981
      vertex -32.6234 -3.82379 8.32015
      vertex -34.7534 -4.91862 11.3355
    endloop
  endfacet
  facet normal -0.358585 0.929687 0.0842568
    outer loop
      vertex -34.7534 -4.91862 11.3355
      vertex -32.6234 -3.82379 8.32015
      vertex -34.8553 -4.94722 11.2174
    endloop
  endfacet
  facet normal 0.449211 0.892432 -0.0421281
    outer loop
      vertex 45.6486 -9.59748 -8.32015
      vertex 41.4031 -7.46048 -8.32015
      vertex 41.5031 -7.24908 -2.77561
    endloop
  endfacet
  facet normal 0.121975 0.988952 -0.084232
    outer loop
      vertex 14.1404 0.326705 -13.8446
      vertex 9.44589 0.905716 -13.8446
      vertex 14.2089 0.78879 -8.32015
    endloop
  endfacet
  facet normal 0.218907 0.974836 -0.0421297
    outer loop
      vertex 23.5863 -0.838333 -2.77561
      vertex 18.8919 -0.0237904 -8.32015
      vertex 18.9376 0.205567 -2.77561
    endloop
  endfacet
  facet normal 0.0729758 0.989305 -0.126292
    outer loop
      vertex 9.37734 0.209779 -19.3358
      vertex 4.69433 0.55522 -19.3358
      vertex 9.44589 0.905716 -13.8446
    endloop
  endfacet
  facet normal -0.26576 0.960352 0.0842334
    outer loop
      vertex -23.5294 -1.06518 8.32015
      vertex -28.1103 -2.33286 8.32015
      vertex -27.9747 -2.77989 13.8446
    endloop
  endfacet
  facet normal 0.170355 0.981776 0.0842318
    outer loop
      vertex 18.8919 -0.0237904 8.32015
      vertex 14.2089 0.78879 8.32015
      vertex 18.8008 -0.481955 13.8446
    endloop
  endfacet
  facet normal 0.26576 0.960352 0.0842334
    outer loop
      vertex 28.1103 -2.33286 8.32015
      vertex 23.5294 -1.06518 8.32015
      vertex 27.9747 -2.77989 13.8446
    endloop
  endfacet
  facet normal 0.358608 0.929651 0.0845573
    outer loop
      vertex 33.8051 -4.77556 13.7939
      vertex 32.466 -4.26362 13.8446
      vertex 33.8038 -4.77967 13.8446
    endloop
  endfacet
  facet normal 0.358607 0.92969 0.0841265
    outer loop
      vertex 33.8202 -4.76278 13.5883
      vertex 32.466 -4.26362 13.8446
      vertex 33.8051 -4.77556 13.7939
    endloop
  endfacet
  facet normal 0.358635 0.929661 0.0843328
    outer loop
      vertex 33.8455 -4.75398 13.3837
      vertex 32.466 -4.26362 13.8446
      vertex 33.8202 -4.76278 13.5883
    endloop
  endfacet
  facet normal 0.358591 0.929693 0.0841666
    outer loop
      vertex 33.8807 -4.74917 13.1806
      vertex 32.466 -4.26362 13.8446
      vertex 33.8455 -4.75398 13.3837
    endloop
  endfacet
  facet normal 0.358646 0.929658 0.084309
    outer loop
      vertex 33.9259 -4.74837 12.9795
      vertex 32.466 -4.26362 13.8446
      vertex 33.8807 -4.74917 13.1806
    endloop
  endfacet
  facet normal 0.358614 0.929677 0.0842453
    outer loop
      vertex 33.9809 -4.75158 12.7808
      vertex 32.466 -4.26362 13.8446
      vertex 33.9259 -4.74837 12.9795
    endloop
  endfacet
  facet normal 0.358524 0.929725 0.0840948
    outer loop
      vertex 34.0455 -4.75879 12.5851
      vertex 32.466 -4.26362 13.8446
      vertex 33.9809 -4.75158 12.7808
    endloop
  endfacet
  facet normal 0.358619 0.929676 0.0842333
    outer loop
      vertex 34.1197 -4.76998 12.3927
      vertex 32.466 -4.26362 13.8446
      vertex 34.0455 -4.75879 12.5851
    endloop
  endfacet
  facet normal 0.358559 0.929706 0.0841542
    outer loop
      vertex 34.2032 -4.78513 12.2043
      vertex 32.466 -4.26362 13.8446
      vertex 34.1197 -4.76998 12.3927
    endloop
  endfacet
  facet normal 0.358626 0.929673 0.0842333
    outer loop
      vertex 32.6234 -3.82379 8.32015
      vertex 34.2032 -4.78513 12.2043
      vertex 34.2959 -4.8042 12.0201
    endloop
  endfacet
  facet normal 0.358594 0.929684 0.0842508
    outer loop
      vertex 32.6234 -3.82379 8.32015
      vertex 34.2959 -4.8042 12.0201
      vertex 34.3975 -4.82714 11.8408
    endloop
  endfacet
  facet normal 0.358602 0.929681 0.0842456
    outer loop
      vertex 32.6234 -3.82379 8.32015
      vertex 34.3975 -4.82714 11.8408
      vertex 34.5078 -4.8539 11.6666
    endloop
  endfacet
  facet normal 0.358615 0.929677 0.0842369
    outer loop
      vertex 32.6234 -3.82379 8.32015
      vertex 34.5078 -4.8539 11.6666
      vertex 34.6265 -4.88442 11.4981
    endloop
  endfacet
  facet normal 0.358552 0.929697 0.0842839
    outer loop
      vertex 32.6234 -3.82379 8.32015
      vertex 34.6265 -4.88442 11.4981
      vertex 34.7534 -4.91862 11.3355
    endloop
  endfacet
  facet normal 0.358585 0.929687 0.0842568
    outer loop
      vertex 32.6234 -3.82379 8.32015
      vertex 34.7534 -4.91862 11.3355
      vertex 34.8553 -4.94722 11.2174
    endloop
  endfacet
  facet normal 0.358625 0.929674 0.0842339
    outer loop
      vertex 34.2032 -4.78513 12.2043
      vertex 32.6234 -3.82379 8.32015
      vertex 32.466 -4.26362 13.8446
    endloop
  endfacet
  facet normal 0.488955 0.863123 -0.126258
    outer loop
      vertex 48 -11.7453 -15.7519
      vertex 45.4284 -10.0095 -13.8446
      vertex 48 -11.4663 -13.8446
    endloop
  endfacet
  facet normal 0.488935 0.86313 -0.126292
    outer loop
      vertex 45.4284 -10.0095 -13.8446
      vertex 48 -11.7453 -15.7519
      vertex 45.0987 -10.6262 -19.3358
    endloop
  endfacet
  facet normal 0.0725156 0.983067 0.168287
    outer loop
      vertex 4.69433 0.55522 19.3358
      vertex 4.672 0.100794 22
      vertex 6.94129 -0.0665993 22
    endloop
  endfacet
  facet normal -0.491137 0.866998 -0.0842535
    outer loop
      vertex -45.6486 -9.59748 -8.32015
      vertex -48 -11.1494 -10.583
      vertex -48 -10.9295 -8.32015
    endloop
  endfacet
  facet normal -0.491148 0.866993 -0.0842381
    outer loop
      vertex -48 -11.1494 -10.583
      vertex -45.6486 -9.59748 -8.32015
      vertex -45.4284 -10.0095 -13.8446
    endloop
  endfacet
  facet normal -0.266471 0.962922 0.0421312
    outer loop
      vertex -23.5863 -0.838333 2.77561
      vertex -28.1103 -2.33286 8.32015
      vertex -23.5294 -1.06518 8.32015
    endloop
  endfacet
  facet normal -0.170808 0.984403 -0.042129
    outer loop
      vertex -18.8919 -0.0237904 -8.32015
      vertex -18.9376 0.205567 -2.77561
      vertex -14.2432 1.02011 -2.77561
    endloop
  endfacet
  facet normal -0.0729758 0.989305 -0.126292
    outer loop
      vertex -9.37734 0.209779 -19.3358
      vertex -9.44589 0.905716 -13.8446
      vertex -4.69433 0.55522 -19.3358
    endloop
  endfacet
  facet normal -0.443144 0.880528 0.168206
    outer loop
      vertex -45.0987 -10.6262 19.3358
      vertex -43.7712 -10.2866 21.0554
      vertex -43.558 -10.1998 21.1627
    endloop
  endfacet
  facet normal -0.443369 0.880376 0.168409
    outer loop
      vertex -43.7712 -10.2866 21.0554
      vertex -45.0987 -10.6262 19.3358
      vertex -44.1128 -10.4216 20.8618
    endloop
  endfacet
  facet normal -0.443172 0.880503 0.168265
    outer loop
      vertex -44.1128 -10.4216 20.8618
      vertex -45.0987 -10.6262 19.3358
      vertex -44.4445 -10.5484 20.6517
    endloop
  endfacet
  facet normal -0.443087 0.880554 0.16822
    outer loop
      vertex -44.4445 -10.5484 20.6517
      vertex -45.0987 -10.6262 19.3358
      vertex -44.7656 -10.6668 20.4257
    endloop
  endfacet
  facet normal -0.443303 0.880434 0.168281
    outer loop
      vertex -44.7656 -10.6668 20.4257
      vertex -45.0987 -10.6262 19.3358
      vertex -45.0275 -10.7596 20.2213
    endloop
  endfacet
  facet normal -0.403799 0.910961 -0.084235
    outer loop
      vertex -36.8791 -5.96595 -13.8446
      vertex -41.2034 -7.88277 -13.8446
      vertex -37.0579 -5.53437 -8.32015
    endloop
  endfacet
  facet normal -0.488937 0.863129 -0.126294
    outer loop
      vertex -45.0987 -10.6262 -19.3358
      vertex -48 -12.2697 -19.3358
      vertex -48 -11.7453 -15.7519
    endloop
  endfacet
  facet normal -0.311173 0.941925 -0.126292
    outer loop
      vertex -27.7717 -3.44908 -19.3358
      vertex -32.2304 -4.92205 -19.3358
      vertex -27.9747 -2.77989 -13.8446
    endloop
  endfacet
  facet normal 0.217348 0.96789 -0.126291
    outer loop
      vertex 23.246 -2.19666 -19.3358
      vertex 18.6644 -1.16782 -19.3358
      vertex 18.8008 -0.481955 -13.8446
    endloop
  endfacet
  facet normal 0.218325 0.972234 -0.0842325
    outer loop
      vertex 23.4159 -1.51832 -13.8446
      vertex 18.8008 -0.481955 -13.8446
      vertex 23.5294 -1.06518 -8.32015
    endloop
  endfacet
  facet normal 0.35476 0.919688 -0.168281
    outer loop
      vertex 34.2243 -6.18465 -22.0327
      vertex 36.6115 -6.61202 -19.3358
      vertex 36.4353 -7.03752 -22.0327
    endloop
  endfacet
  facet normal 0.354761 0.919688 -0.168282
    outer loop
      vertex 36.6115 -6.61202 -19.3358
      vertex 34.2243 -6.18465 -22.0327
      vertex 32.2304 -4.92205 -19.3358
    endloop
  endfacet
  facet normal -0.0725154 0.983067 -0.168286
    outer loop
      vertex -4.67173 0.0952188 -22.0327
      vertex -6.96886 -0.0742278 -22.0327
      vertex -4.69433 0.55522 -19.3358
    endloop
  endfacet
  facet normal -0.443203 0.880483 -0.168285
    outer loop
      vertex -42.8242 -9.99674 -22.0327
      vertex -40.9044 -8.51493 -19.3358
      vertex -40.7075 -8.93127 -22.0327
    endloop
  endfacet
  facet normal -0.443205 0.880483 -0.168283
    outer loop
      vertex -40.9044 -8.51493 -19.3358
      vertex -42.8242 -9.99674 -22.0327
      vertex -45.0987 -10.6262 -19.3358
    endloop
  endfacet
  facet normal -0.219101 0.975702 0
    outer loop
      vertex -18.9376 0.205567 -2.77561
      vertex -23.5863 -0.838333 2.77561
      vertex -18.9376 0.205567 2.77561
    endloop
  endfacet
  facet normal -0.219101 0.975702 0
    outer loop
      vertex -23.5863 -0.838333 2.77561
      vertex -18.9376 0.205567 -2.77561
      vertex -23.5863 -0.838333 -2.77561
    endloop
  endfacet
  facet normal -0.0735001 0.996405 -0.0421269
    outer loop
      vertex -4.75156 1.72026 -8.32015
      vertex -9.5146 1.60333 -2.77561
      vertex -4.76304 1.95383 -2.77561
    endloop
  endfacet
  facet normal -0.0735654 0.99729 0
    outer loop
      vertex -4.76304 1.95383 -2.77561
      vertex -9.5146 1.60333 2.77561
      vertex -4.76304 1.95383 2.77561
    endloop
  endfacet
  facet normal -0.0735654 0.99729 0
    outer loop
      vertex -9.5146 1.60333 2.77561
      vertex -4.76304 1.95383 -2.77561
      vertex -9.5146 1.60333 -2.77561
    endloop
  endfacet
  facet normal -0.0245185 0.998811 0.0421283
    outer loop
      vertex 0 2.07076 2.77561
      vertex -4.75156 1.72026 8.32015
      vertex 0 1.8369 8.32015
    endloop
  endfacet
  facet normal -0.170355 0.981776 0.0842318
    outer loop
      vertex -14.2089 0.78879 8.32015
      vertex -18.8919 -0.0237904 8.32015
      vertex -18.8008 -0.481955 13.8446
    endloop
  endfacet
  facet normal -0.218325 0.972234 0.0842325
    outer loop
      vertex -18.8008 -0.481955 13.8446
      vertex -23.5294 -1.06518 8.32015
      vertex -23.4159 -1.51832 13.8446
    endloop
  endfacet
  facet normal -0.170355 0.981776 0.0842316
    outer loop
      vertex -14.2089 0.78879 8.32015
      vertex -18.8008 -0.481955 13.8446
      vertex -14.1404 0.326705 13.8446
    endloop
  endfacet
  facet normal -0.024191 0.985441 0.168287
    outer loop
      vertex 0 0.670459 19.3358
      vertex -2.27477 0.159642 22
      vertex 0 0.215484 22
    endloop
  endfacet
  facet normal 0.401995 0.906891 -0.126292
    outer loop
      vertex 40.9044 -8.51493 -19.3358
      vertex 36.8791 -5.96595 -13.8446
      vertex 41.2034 -7.88277 -13.8446
    endloop
  endfacet
  facet normal 0.169593 0.977389 -0.126291
    outer loop
      vertex 18.6644 -1.16782 -19.3358
      vertex 14.0378 -0.365028 -19.3358
      vertex 18.8008 -0.481955 -13.8446
    endloop
  endfacet
  facet normal 0.446024 0.886066 0.126291
    outer loop
      vertex 45.4284 -10.0095 13.8446
      vertex 42.0639 -8.48878 15.0576
      vertex 45.0987 -10.6262 19.3358
    endloop
  endfacet
  facet normal 0.445818 0.886291 0.125437
    outer loop
      vertex 42.0639 -8.48878 15.0576
      vertex 45.4284 -10.0095 13.8446
      vertex 42.0741 -8.48866 15.0205
    endloop
  endfacet
  facet normal 0.446038 0.886046 0.126381
    outer loop
      vertex 42.0741 -8.48866 15.0205
      vertex 45.4284 -10.0095 13.8446
      vertex 42.1193 -8.48273 14.8194
    endloop
  endfacet
  facet normal 0.446006 0.886087 0.126206
    outer loop
      vertex 42.1193 -8.48273 14.8194
      vertex 45.4284 -10.0095 13.8446
      vertex 42.1545 -8.47152 14.6163
    endloop
  endfacet
  facet normal 0.446037 0.886039 0.126437
    outer loop
      vertex 42.1545 -8.47152 14.6163
      vertex 45.4284 -10.0095 13.8446
      vertex 42.1798 -8.45506 14.4117
    endloop
  endfacet
  facet normal 0.446013 0.886092 0.12615
    outer loop
      vertex 42.1798 -8.45506 14.4117
      vertex 45.4284 -10.0095 13.8446
      vertex 42.1949 -8.43339 14.2061
    endloop
  endfacet
  facet normal 0.44602 0.886055 0.126383
    outer loop
      vertex 42.1949 -8.43339 14.2061
      vertex 45.4284 -10.0095 13.8446
      vertex 42.2 -8.40656 14
    endloop
  endfacet
  facet normal 0.446022 0.886069 0.12628
    outer loop
      vertex 42.2 -8.40656 14
      vertex 45.4284 -10.0095 13.8446
      vertex 42.1962 -8.3825 13.8446
    endloop
  endfacet
  facet normal 0.399457 0.901174 -0.168285
    outer loop
      vertex 38.541 -7.97094 -22.0327
      vertex 40.9044 -8.51493 -19.3358
      vertex 40.7075 -8.93127 -22.0327
    endloop
  endfacet
  facet normal 0.399461 0.901171 -0.168289
    outer loop
      vertex 40.9044 -8.51493 -19.3358
      vertex 38.541 -7.97094 -22.0327
      vertex 36.6115 -6.61202 -19.3358
    endloop
  endfacet
  facet normal 0.492442 0.869325 0.0421279
    outer loop
      vertex 48 -10.6608 2.77561
      vertex 45.7588 -9.39124 2.77561
      vertex 48 -10.8104 5.86266
    endloop
  endfacet
  facet normal 0.359576 0.932164 0.0421272
    outer loop
      vertex 37.1474 -5.31832 2.77561
      vertex 32.6234 -3.82379 8.32015
      vertex 37.0579 -5.53437 8.32015
    endloop
  endfacet
  facet normal 0.311171 0.941925 0.126294
    outer loop
      vertex 32.466 -4.26362 13.8446
      vertex 27.9747 -2.77989 13.8446
      vertex 32.2304 -4.92205 19.3358
    endloop
  endfacet
  facet normal 0.443226 0.880471 0.168291
    outer loop
      vertex 40.9044 -8.51493 19.3358
      vertex 40.7841 -8.95624 21.9615
      vertex 41.1738 -9.14322 21.9134
    endloop
  endfacet
  facet normal 0.443156 0.880503 0.168306
    outer loop
      vertex 40.9044 -8.51493 19.3358
      vertex 41.1738 -9.14322 21.9134
      vertex 41.5607 -9.32512 21.8463
    endloop
  endfacet
  facet normal 0.443235 0.88047 0.168274
    outer loop
      vertex 40.9044 -8.51493 19.3358
      vertex 41.5607 -9.32512 21.8463
      vertex 41.9438 -9.50152 21.7602
    endloop
  endfacet
  facet normal 0.443131 0.88051 0.168335
    outer loop
      vertex 40.9044 -8.51493 19.3358
      vertex 41.9438 -9.50152 21.7602
      vertex 42.3223 -9.67199 21.6555
    endloop
  endfacet
  facet normal 0.443257 0.880466 0.168236
    outer loop
      vertex 40.9044 -8.51493 19.3358
      vertex 42.3223 -9.67199 21.6555
      vertex 42.6951 -9.83613 21.5323
    endloop
  endfacet
  facet normal 0.443147 0.8805 0.168346
    outer loop
      vertex 40.9044 -8.51493 19.3358
      vertex 42.6951 -9.83613 21.5323
      vertex 43.0615 -9.99352 21.391
    endloop
  endfacet
  facet normal 0.443248 0.880473 0.168222
    outer loop
      vertex 40.9044 -8.51493 19.3358
      vertex 43.0615 -9.99352 21.391
      vertex 43.4204 -10.1438 21.2319
    endloop
  endfacet
  facet normal 0.443077 0.88051 0.16848
    outer loop
      vertex 40.9044 -8.51493 19.3358
      vertex 43.4204 -10.1438 21.2319
      vertex 43.558 -10.1998 21.1627
    endloop
  endfacet
  facet normal 0.443207 0.880485 0.168268
    outer loop
      vertex 40.9044 -8.51493 19.3358
      vertex 43.558 -10.1998 21.1627
      vertex 45.0987 -10.6262 19.3358
    endloop
  endfacet
  facet normal 0.443415 0.880377 0.168284
    outer loop
      vertex 40.7841 -8.95624 21.9615
      vertex 40.9044 -8.51493 19.3358
      vertex 40.7123 -8.92109 21.9668
    endloop
  endfacet
  facet normal -0.486358 0.857403 0.168274
    outer loop
      vertex -45.0987 -10.6262 19.3358
      vertex -45.0751 -10.7793 20.1841
      vertex -45.0275 -10.7596 20.2213
    endloop
  endfacet
  facet normal -0.485777 0.857724 0.168315
    outer loop
      vertex -45.0751 -10.7793 20.1841
      vertex -45.0987 -10.6262 19.3358
      vertex -45.3725 -10.8974 19.9276
    endloop
  endfacet
  facet normal -0.485398 0.857889 0.168566
    outer loop
      vertex -45.3725 -10.8974 19.9276
      vertex -45.0987 -10.6262 19.3358
      vertex -45.4451 -10.9249 19.8585
    endloop
  endfacet
  facet normal -0.0245203 0.998811 0.0421268
    outer loop
      vertex 0 2.07076 2.77561
      vertex -4.76304 1.95383 2.77561
      vertex -4.75156 1.72026 8.32015
    endloop
  endfacet
  facet normal -0.404884 0.913397 0.042128
    outer loop
      vertex -37.0579 -5.53437 8.32015
      vertex -41.5031 -7.24908 2.77561
      vertex -41.4031 -7.46048 8.32015
    endloop
  endfacet
  facet normal -0.359576 0.932164 0.0421272
    outer loop
      vertex -32.6234 -3.82379 8.32015
      vertex -37.1474 -5.31832 2.77561
      vertex -37.0579 -5.53437 8.32015
    endloop
  endfacet
  facet normal -0.217348 0.96789 0.126291
    outer loop
      vertex -18.8008 -0.481955 13.8446
      vertex -23.246 -2.19666 19.3358
      vertex -18.6644 -1.16782 19.3358
    endloop
  endfacet
  facet normal -0.44642 0.885865 0.126302
    outer loop
      vertex -41.112 -8.26093 16.8205
      vertex -40.9044 -8.51493 19.3358
      vertex -41.0371 -8.23442 16.8993
    endloop
  endfacet
  facet normal -0.446024 0.886066 0.126289
    outer loop
      vertex -41.2466 -8.30645 16.6645
      vertex -40.9044 -8.51493 19.3358
      vertex -41.112 -8.26093 16.8205
    endloop
  endfacet
  facet normal -0.446018 0.88607 0.126289
    outer loop
      vertex -40.9044 -8.51493 19.3358
      vertex -41.2466 -8.30645 16.6645
      vertex -45.0987 -10.6262 19.3358
    endloop
  endfacet
  facet normal -0.445969 0.886082 0.12637
    outer loop
      vertex -41.3735 -8.34713 16.5019
      vertex -45.0987 -10.6262 19.3358
      vertex -41.2466 -8.30645 16.6645
    endloop
  endfacet
  facet normal -0.446012 0.88607 0.126304
    outer loop
      vertex -41.4922 -8.38286 16.3334
      vertex -45.0987 -10.6262 19.3358
      vertex -41.3735 -8.34713 16.5019
    endloop
  endfacet
  facet normal -0.446013 0.88607 0.126302
    outer loop
      vertex -41.6025 -8.41355 16.1592
      vertex -45.0987 -10.6262 19.3358
      vertex -41.4922 -8.38286 16.3334
    endloop
  endfacet
  facet normal -0.446004 0.886073 0.126315
    outer loop
      vertex -41.7041 -8.43913 15.9799
      vertex -45.0987 -10.6262 19.3358
      vertex -41.6025 -8.41355 16.1592
    endloop
  endfacet
  facet normal -0.446026 0.886066 0.126287
    outer loop
      vertex -41.7968 -8.45954 15.7957
      vertex -45.0987 -10.6262 19.3358
      vertex -41.7041 -8.43913 15.9799
    endloop
  endfacet
  facet normal -0.446025 0.886066 0.126288
    outer loop
      vertex -41.8803 -8.47472 15.6073
      vertex -45.0987 -10.6262 19.3358
      vertex -41.7968 -8.45954 15.7957
    endloop
  endfacet
  facet normal -0.446062 0.886053 0.126249
    outer loop
      vertex -41.9545 -8.48466 15.4149
      vertex -45.0987 -10.6262 19.3358
      vertex -41.8803 -8.47472 15.6073
    endloop
  endfacet
  facet normal -0.446072 0.886049 0.126239
    outer loop
      vertex -42.0191 -8.4893 15.2192
      vertex -45.0987 -10.6262 19.3358
      vertex -41.9545 -8.48466 15.4149
    endloop
  endfacet
  facet normal -0.445845 0.886133 0.126452
    outer loop
      vertex -45.0987 -10.6262 19.3358
      vertex -42.0191 -8.4893 15.2192
      vertex -42.0639 -8.48878 15.0576
    endloop
  endfacet
  facet normal -0.446018 0.886069 -0.126292
    outer loop
      vertex -40.9044 -8.51493 -19.3358
      vertex -45.0987 -10.6262 -19.3358
      vertex -41.2034 -7.88277 -13.8446
    endloop
  endfacet
  facet normal -0.448021 0.890046 -0.0842384
    outer loop
      vertex -45.4284 -10.0095 -13.8446
      vertex -45.6486 -9.59748 -8.32015
      vertex -41.2034 -7.88277 -13.8446
    endloop
  endfacet
  facet normal -0.313404 0.948685 -0.0421274
    outer loop
      vertex -28.1103 -2.33286 -8.32015
      vertex -32.6234 -3.82379 -8.32015
      vertex -28.1782 -2.10908 -2.77561
    endloop
  endfacet
  facet normal -0.359576 0.932164 -0.0421272
    outer loop
      vertex -37.0579 -5.53437 -8.32015
      vertex -37.1474 -5.31832 -2.77561
      vertex -32.6234 -3.82379 -8.32015
    endloop
  endfacet
  facet normal 0.120664 0.978325 -0.168288
    outer loop
      vertex 11.6841 -0.538642 -22.0327
      vertex 9.37734 0.209779 -19.3358
      vertex 14.0378 -0.365028 -19.3358
    endloop
  endfacet
  facet normal 0.120666 0.978325 -0.168286
    outer loop
      vertex 9.37734 0.209779 -19.3358
      vertex 11.6841 -0.538642 -22.0327
      vertex 9.3322 -0.248559 -22.0327
    endloop
  endfacet
  facet normal 0.266712 0.963776 -0
    outer loop
      vertex 28.1782 -2.10908 -2.77561
      vertex 23.5863 -0.838333 2.77561
      vertex 28.1782 -2.10908 2.77561
    endloop
  endfacet
  facet normal 0.266712 0.963776 0
    outer loop
      vertex 23.5863 -0.838333 2.77561
      vertex 28.1782 -2.10908 -2.77561
      vertex 23.5863 -0.838333 -2.77561
    endloop
  endfacet
  facet normal 0.265761 0.960352 0.0842324
    outer loop
      vertex 23.5294 -1.06518 8.32015
      vertex 23.4159 -1.51832 13.8446
      vertex 27.9747 -2.77989 13.8446
    endloop
  endfacet
  facet normal 0.401996 0.90689 -0.126291
    outer loop
      vertex 40.9044 -8.51493 -19.3358
      vertex 36.6115 -6.61202 -19.3358
      vertex 36.8791 -5.96595 -13.8446
    endloop
  endfacet
  facet normal 0.312568 0.946153 -0.0842334
    outer loop
      vertex 32.6234 -3.82379 -8.32015
      vertex 27.9747 -2.77989 -13.8446
      vertex 28.1103 -2.33286 -8.32015
    endloop
  endfacet
  facet normal 0.168528 0.971224 -0.16829
    outer loop
      vertex 18.5745 -1.61953 -22.0327
      vertex 16.3051 -1.22574 -22.0327
      vertex 18.6644 -1.16782 -19.3358
    endloop
  endfacet
  facet normal 0.309211 0.935985 -0.168289
    outer loop
      vertex 29.8881 -4.63315 -22.0327
      vertex 27.7717 -3.44908 -19.3358
      vertex 32.2304 -4.92205 -19.3358
    endloop
  endfacet
  facet normal 0.309215 0.935984 -0.168285
    outer loop
      vertex 27.7717 -3.44908 -19.3358
      vertex 29.8881 -4.63315 -22.0327
      vertex 27.638 -3.8898 -22.0327
    endloop
  endfacet
  facet normal -0.122303 0.991598 0.0421264
    outer loop
      vertex -9.5146 1.60333 2.77561
      vertex -14.2432 1.02011 2.77561
      vertex -14.2089 0.78879 8.32015
    endloop
  endfacet
  facet normal -0.122411 0.992479 0
    outer loop
      vertex -9.5146 1.60333 -2.77561
      vertex -14.2432 1.02011 2.77561
      vertex -9.5146 1.60333 2.77561
    endloop
  endfacet
  facet normal -0.122411 0.992479 0
    outer loop
      vertex -14.2432 1.02011 2.77561
      vertex -9.5146 1.60333 -2.77561
      vertex -14.2432 1.02011 -2.77561
    endloop
  endfacet
  facet normal -0.0729753 0.989305 -0.126292
    outer loop
      vertex -4.69433 0.55522 -19.3358
      vertex -9.44589 0.905716 -13.8446
      vertex -4.72864 1.25368 -13.8446
    endloop
  endfacet
  facet normal -0.0243447 0.991694 -0.126292
    outer loop
      vertex -4.69433 0.55522 -19.3358
      vertex -4.72864 1.25368 -13.8446
      vertex 0 0.670459 -19.3358
    endloop
  endfacet
  facet normal -0.168528 0.971224 -0.16829
    outer loop
      vertex -18.5745 -1.61953 -22.0327
      vertex -18.6644 -1.16782 -19.3358
      vertex -16.3051 -1.22574 -22.0327
    endloop
  endfacet
  facet normal -0.0241912 0.985441 0.168287
    outer loop
      vertex -4.69433 0.55522 19.3358
      vertex -2.27477 0.159642 22
      vertex 0 0.670459 19.3358
    endloop
  endfacet
  facet normal -0.0241909 0.985441 0.168287
    outer loop
      vertex -2.27477 0.159642 22
      vertex -4.69433 0.55522 19.3358
      vertex -4.672 0.100794 22
    endloop
  endfacet
  facet normal -0.266475 0.962921 0.0421272
    outer loop
      vertex -23.5863 -0.838333 2.77561
      vertex -28.1782 -2.10908 2.77561
      vertex -28.1103 -2.33286 8.32015
    endloop
  endfacet
  facet normal -0.170355 0.981776 -0.0842318
    outer loop
      vertex -18.8008 -0.481955 -13.8446
      vertex -18.8919 -0.0237904 -8.32015
      vertex -14.2089 0.78879 -8.32015
    endloop
  endfacet
  facet normal -0.0733029 0.993746 -0.0842332
    outer loop
      vertex -4.72864 1.25368 -13.8446
      vertex -9.44589 0.905716 -13.8446
      vertex -4.75156 1.72026 -8.32015
    endloop
  endfacet
  facet normal 0.0241909 0.985441 0.168287
    outer loop
      vertex 4.69433 0.55522 19.3358
      vertex 2.27477 0.159642 22
      vertex 4.672 0.100794 22
    endloop
  endfacet
  facet normal 0.0241912 0.985441 0.168287
    outer loop
      vertex 2.27477 0.159642 22
      vertex 4.69433 0.55522 19.3358
      vertex 0 0.670459 19.3358
    endloop
  endfacet
  facet normal -0.0245421 0.999699 0
    outer loop
      vertex 0 2.07076 -2.77561
      vertex -4.76304 1.95383 2.77561
      vertex 0 2.07076 2.77561
    endloop
  endfacet
  facet normal -0.0245421 0.999699 0
    outer loop
      vertex -4.76304 1.95383 2.77561
      vertex 0 2.07076 -2.77561
      vertex -4.76304 1.95383 -2.77561
    endloop
  endfacet
  facet normal 0.0244522 0.996142 0.0842755
    outer loop
      vertex 4.72864 1.25368 13.8446
      vertex 4.19494 1.27107 13.7939
      vertex 4.19619 1.26675 13.8446
    endloop
  endfacet
  facet normal 0.0244552 0.996145 0.0842451
    outer loop
      vertex 4.72864 1.25368 13.8446
      vertex 4.17978 1.28883 13.5883
      vertex 4.19494 1.27107 13.7939
    endloop
  endfacet
  facet normal 0.0244622 0.996146 0.0842303
    outer loop
      vertex 4.72864 1.25368 13.8446
      vertex 4.15454 1.30675 13.3837
      vertex 4.17978 1.28883 13.5883
    endloop
  endfacet
  facet normal 0.0244564 0.996146 0.0842374
    outer loop
      vertex 4.72864 1.25368 13.8446
      vertex 4.1193 1.32479 13.1806
      vertex 4.15454 1.30675 13.3837
    endloop
  endfacet
  facet normal 0.0244898 0.996147 0.084207
    outer loop
      vertex 4.72864 1.25368 13.8446
      vertex 4.07413 1.3429 12.9795
      vertex 4.1193 1.32479 13.1806
    endloop
  endfacet
  facet normal 0.0244719 0.996147 0.0842204
    outer loop
      vertex 4.72864 1.25368 13.8446
      vertex 4.01915 1.36105 12.7808
      vertex 4.07413 1.3429 12.9795
    endloop
  endfacet
  facet normal 0.0243873 0.996144 0.0842766
    outer loop
      vertex 4.72864 1.25368 13.8446
      vertex 3.95448 1.37919 12.5851
      vertex 4.01915 1.36105 12.7808
    endloop
  endfacet
  facet normal 0.0244581 0.996146 0.0842332
    outer loop
      vertex 4.75156 1.72026 8.32015
      vertex 3.95448 1.37919 12.5851
      vertex 4.72864 1.25368 13.8446
    endloop
  endfacet
  facet normal 0.0244514 0.996146 0.084232
    outer loop
      vertex 3.95448 1.37919 12.5851
      vertex 4.75156 1.72026 8.32015
      vertex 3.88029 1.39728 12.3927
    endloop
  endfacet
  facet normal 0.0244411 0.996147 0.0842298
    outer loop
      vertex 3.88029 1.39728 12.3927
      vertex 4.75156 1.72026 8.32015
      vertex 3.79675 1.41526 12.2043
    endloop
  endfacet
  facet normal 0.022447 0.996337 0.0825206
    outer loop
      vertex 2.66445 1.56575 10.7534
      vertex 4.75156 1.72026 8.32015
      vertex 2.66106 1.56605 10.7507
    endloop
  endfacet
  facet normal 0.0244787 0.996144 0.084251
    outer loop
      vertex 2.82055 1.55053 10.888
      vertex 4.75156 1.72026 8.32015
      vertex 2.66445 1.56575 10.7534
    endloop
  endfacet
  facet normal 0.0244566 0.996146 0.0842346
    outer loop
      vertex 2.96985 1.53484 11.0302
      vertex 4.75156 1.72026 8.32015
      vertex 2.82055 1.55053 10.888
    endloop
  endfacet
  facet normal 0.0244376 0.996147 0.0842222
    outer loop
      vertex 3.11199 1.51873 11.1795
      vertex 4.75156 1.72026 8.32015
      vertex 2.96985 1.53484 11.0302
    endloop
  endfacet
  facet normal 0.0244699 0.996145 0.0842405
    outer loop
      vertex 3.24664 1.50223 11.3355
      vertex 4.75156 1.72026 8.32015
      vertex 3.11199 1.51873 11.1795
    endloop
  endfacet
  facet normal 0.024441 0.996147 0.0842262
    outer loop
      vertex 3.37347 1.48537 11.4981
      vertex 4.75156 1.72026 8.32015
      vertex 3.24664 1.50223 11.3355
    endloop
  endfacet
  facet normal 0.0244442 0.996147 0.0842276
    outer loop
      vertex 3.49217 1.46821 11.6666
      vertex 4.75156 1.72026 8.32015
      vertex 3.37347 1.48537 11.4981
    endloop
  endfacet
  facet normal 0.0244692 0.996145 0.0842369
    outer loop
      vertex 3.60246 1.45077 11.8408
      vertex 4.75156 1.72026 8.32015
      vertex 3.49217 1.46821 11.6666
    endloop
  endfacet
  facet normal 0.0244812 0.996145 0.0842408
    outer loop
      vertex 3.70407 1.43311 12.0201
      vertex 4.75156 1.72026 8.32015
      vertex 3.60246 1.45077 11.8408
    endloop
  endfacet
  facet normal 0.0244475 0.996146 0.0842314
    outer loop
      vertex 3.79675 1.41526 12.2043
      vertex 4.75156 1.72026 8.32015
      vertex 3.70407 1.43311 12.0201
    endloop
  endfacet
  facet normal 0.217349 0.96789 0.12629
    outer loop
      vertex 23.4159 -1.51832 13.8446
      vertex 18.8008 -0.481955 13.8446
      vertex 23.246 -2.19666 19.3358
    endloop
  endfacet
  facet normal 0.404884 0.913397 0.042128
    outer loop
      vertex 41.5031 -7.24908 2.77561
      vertex 37.0579 -5.53437 8.32015
      vertex 41.4031 -7.46048 8.32015
    endloop
  endfacet
  facet normal 0.266471 0.962922 -0.0421312
    outer loop
      vertex 28.1103 -2.33286 -8.32015
      vertex 23.5294 -1.06518 -8.32015
      vertex 23.5863 -0.838333 -2.77561
    endloop
  endfacet
  facet normal 0.170355 0.981776 0.0842316
    outer loop
      vertex 14.2089 0.78879 8.32015
      vertex 14.1404 0.326705 13.8446
      vertex 18.8008 -0.481955 13.8446
    endloop
  endfacet
  facet normal 0.168525 0.971225 0.168289
    outer loop
      vertex 18.6644 -1.16782 19.3358
      vertex 16.3337 -1.22504 22
      vertex 18.5756 -1.61405 22
    endloop
  endfacet
  facet normal 0.485876 0.857672 -0.168297
    outer loop
      vertex 46.8858 -12.1677 -22.0327
      vertex 48 -12.2697 -19.3358
      vertex 48 -12.7989 -22.0327
    endloop
  endfacet
  facet normal 0.485854 0.857686 -0.168287
    outer loop
      vertex 48 -12.2697 -19.3358
      vertex 46.8858 -12.1677 -22.0327
      vertex 45.0987 -10.6262 -19.3358
    endloop
  endfacet
  facet normal 0.449211 0.892432 0.0421281
    outer loop
      vertex 41.5031 -7.24908 2.77561
      vertex 41.4031 -7.46048 8.32015
      vertex 45.6486 -9.59748 8.32015
    endloop
  endfacet
  facet normal 0.492452 0.869319 -0.0421308
    outer loop
      vertex 45.6486 -9.59748 -8.32015
      vertex 48 -10.8104 -5.86266
      vertex 48 -10.9295 -8.32015
    endloop
  endfacet
  facet normal 0.492446 0.869323 -0.0421237
    outer loop
      vertex 48 -10.8104 -5.86266
      vertex 45.6486 -9.59748 -8.32015
      vertex 45.7588 -9.39124 -2.77561
    endloop
  endfacet
  facet normal 0.399469 0.901168 0.168285
    outer loop
      vertex 36.6115 -6.61202 19.3358
      vertex 36.4374 -7.03236 22
      vertex 38.5176 -7.95447 22
    endloop
  endfacet
  facet normal 0.443369 0.880376 0.168409
    outer loop
      vertex 45.0987 -10.6262 19.3358
      vertex 43.7712 -10.2866 21.0554
      vertex 44.1128 -10.4216 20.8618
    endloop
  endfacet
  facet normal 0.443172 0.880503 0.168265
    outer loop
      vertex 45.0987 -10.6262 19.3358
      vertex 44.1128 -10.4216 20.8618
      vertex 44.4445 -10.5484 20.6517
    endloop
  endfacet
  facet normal 0.443087 0.880554 0.16822
    outer loop
      vertex 45.0987 -10.6262 19.3358
      vertex 44.4445 -10.5484 20.6517
      vertex 44.7656 -10.6668 20.4257
    endloop
  endfacet
  facet normal 0.443303 0.880434 0.168281
    outer loop
      vertex 45.0987 -10.6262 19.3358
      vertex 44.7656 -10.6668 20.4257
      vertex 45.0275 -10.7596 20.2213
    endloop
  endfacet
  facet normal 0.443144 0.880528 0.168206
    outer loop
      vertex 43.7712 -10.2866 21.0554
      vertex 45.0987 -10.6262 19.3358
      vertex 43.558 -10.1998 21.1627
    endloop
  endfacet
  facet normal 0.492452 0.869319 0.0421308
    outer loop
      vertex 48 -10.8104 5.86266
      vertex 45.6486 -9.59748 8.32015
      vertex 48 -10.9295 8.32015
    endloop
  endfacet
  facet normal 0.492446 0.869323 0.0421237
    outer loop
      vertex 45.6486 -9.59748 8.32015
      vertex 48 -10.8104 5.86266
      vertex 45.7588 -9.39124 2.77561
    endloop
  endfacet
  facet normal 0.449615 0.893223 -0
    outer loop
      vertex 45.7588 -9.39124 -2.77561
      vertex 41.5031 -7.24908 2.77561
      vertex 45.7588 -9.39124 2.77561
    endloop
  endfacet
  facet normal 0.449615 0.893223 0
    outer loop
      vertex 41.5031 -7.24908 2.77561
      vertex 45.7588 -9.39124 -2.77561
      vertex 41.5031 -7.24908 -2.77561
    endloop
  endfacet
  facet normal 0.215971 0.961788 0.168283
    outer loop
      vertex 23.246 -2.19666 19.3358
      vertex 20.9153 -2.13945 22
      vertex 23.1355 -2.638 22
    endloop
  endfacet
  facet normal -0.168525 0.971225 0.168289
    outer loop
      vertex -16.3337 -1.22504 22
      vertex -18.6644 -1.16782 19.3358
      vertex -18.5756 -1.61405 22
    endloop
  endfacet
  facet normal -0.262907 0.950031 0.168289
    outer loop
      vertex -27.7717 -3.44908 19.3358
      vertex -25.3285 -3.2449 22
      vertex -23.246 -2.19666 19.3358
    endloop
  endfacet
  facet normal -0.262906 0.950031 0.168289
    outer loop
      vertex -25.3285 -3.2449 22
      vertex -27.7717 -3.44908 19.3358
      vertex -27.6396 -3.88446 22
    endloop
  endfacet
  facet normal -0.215977 0.961786 0.168289
    outer loop
      vertex -18.6644 -1.16782 19.3358
      vertex -20.9153 -2.13945 22
      vertex -18.5756 -1.61405 22
    endloop
  endfacet
  facet normal -0.215978 0.961786 0.168289
    outer loop
      vertex -20.9153 -2.13945 22
      vertex -18.6644 -1.16782 19.3358
      vertex -23.246 -2.19666 19.3358
    endloop
  endfacet
  facet normal -0.121975 0.988952 0.084232
    outer loop
      vertex -9.44589 0.905716 13.8446
      vertex -14.2089 0.78879 8.32015
      vertex -14.1404 0.326705 13.8446
    endloop
  endfacet
  facet normal -0.313404 0.948685 0.0421275
    outer loop
      vertex -28.1782 -2.10908 2.77561
      vertex -32.7022 -3.60361 2.77561
      vertex -32.6234 -3.82379 8.32015
    endloop
  endfacet
  facet normal -0.403764 0.910975 0.0842618
    outer loop
      vertex -37.7939 -5.99793 9.80506
      vertex -37.0579 -5.53437 8.32015
      vertex -38 -6.08881 9.8
    endloop
  endfacet
  facet normal -0.403785 0.910966 0.0842487
    outer loop
      vertex -37.5883 -5.9082 9.82022
      vertex -37.0579 -5.53437 8.32015
      vertex -37.7939 -5.99793 9.80506
    endloop
  endfacet
  facet normal -0.403769 0.910973 0.0842561
    outer loop
      vertex -37.3837 -5.81985 9.84546
      vertex -37.0579 -5.53437 8.32015
      vertex -37.5883 -5.9082 9.82022
    endloop
  endfacet
  facet normal -0.403841 0.910943 0.0842351
    outer loop
      vertex -37.1806 -5.73307 9.8807
      vertex -37.0579 -5.53437 8.32015
      vertex -37.3837 -5.81985 9.84546
    endloop
  endfacet
  facet normal -0.403816 0.910954 0.0842384
    outer loop
      vertex -37.0579 -5.53437 8.32015
      vertex -37.1806 -5.73307 9.8807
      vertex -37.0061 -5.65934 9.91989
    endloop
  endfacet
  facet normal -0.403801 0.910961 0.0842329
    outer loop
      vertex -38.1715 -6.16522 9.80421
      vertex -38 -6.08881 9.8
      vertex -37.0579 -5.53437 8.32015
    endloop
  endfacet
  facet normal -0.313682 0.949528 0
    outer loop
      vertex -28.1782 -2.10908 -2.77561
      vertex -32.7022 -3.60361 2.77561
      vertex -28.1782 -2.10908 2.77561
    endloop
  endfacet
  facet normal -0.313682 0.949528 0
    outer loop
      vertex -32.7022 -3.60361 2.77561
      vertex -28.1782 -2.10908 -2.77561
      vertex -32.7022 -3.60361 -2.77561
    endloop
  endfacet
  facet normal -0.404883 0.913397 -0.0421273
    outer loop
      vertex -37.0579 -5.53437 -8.32015
      vertex -41.5031 -7.24908 -2.77561
      vertex -37.1474 -5.31832 -2.77561
    endloop
  endfacet
  facet normal -0.449211 0.892432 -0.0421281
    outer loop
      vertex -41.4031 -7.46048 -8.32015
      vertex -45.6486 -9.59748 -8.32015
      vertex -41.5031 -7.24908 -2.77561
    endloop
  endfacet
  facet normal -0.445818 0.886291 0.125437
    outer loop
      vertex -45.4284 -10.0095 13.8446
      vertex -42.0639 -8.48878 15.0576
      vertex -42.0741 -8.48866 15.0205
    endloop
  endfacet
  facet normal -0.446038 0.886046 0.126381
    outer loop
      vertex -45.4284 -10.0095 13.8446
      vertex -42.0741 -8.48866 15.0205
      vertex -42.1193 -8.48273 14.8194
    endloop
  endfacet
  facet normal -0.446006 0.886087 0.126206
    outer loop
      vertex -45.4284 -10.0095 13.8446
      vertex -42.1193 -8.48273 14.8194
      vertex -42.1545 -8.47152 14.6163
    endloop
  endfacet
  facet normal -0.446037 0.886039 0.126437
    outer loop
      vertex -45.4284 -10.0095 13.8446
      vertex -42.1545 -8.47152 14.6163
      vertex -42.1798 -8.45506 14.4117
    endloop
  endfacet
  facet normal -0.446013 0.886092 0.12615
    outer loop
      vertex -45.4284 -10.0095 13.8446
      vertex -42.1798 -8.45506 14.4117
      vertex -42.1949 -8.43339 14.2061
    endloop
  endfacet
  facet normal -0.44602 0.886055 0.126383
    outer loop
      vertex -45.4284 -10.0095 13.8446
      vertex -42.1949 -8.43339 14.2061
      vertex -42.2 -8.40656 14
    endloop
  endfacet
  facet normal -0.446022 0.886069 0.12628
    outer loop
      vertex -45.4284 -10.0095 13.8446
      vertex -42.2 -8.40656 14
      vertex -42.1962 -8.3825 13.8446
    endloop
  endfacet
  facet normal -0.446024 0.886066 0.126291
    outer loop
      vertex -42.0639 -8.48878 15.0576
      vertex -45.4284 -10.0095 13.8446
      vertex -45.0987 -10.6262 19.3358
    endloop
  endfacet
  facet normal -0.354761 0.919687 0.168288
    outer loop
      vertex -36.6115 -6.61202 19.3358
      vertex -34.2001 -6.16935 22
      vertex -32.2304 -4.92205 19.3358
    endloop
  endfacet
  facet normal -0.354758 0.919688 0.168285
    outer loop
      vertex -34.2001 -6.16935 22
      vertex -36.6115 -6.61202 19.3358
      vertex -36.4374 -7.03236 22
    endloop
  endfacet
  facet normal -0.491148 0.866993 0.0842379
    outer loop
      vertex -48 -11.1494 10.583
      vertex -48 -11.4663 13.8446
      vertex -45.4284 -10.0095 13.8446
    endloop
  endfacet
  facet normal -0.262902 0.950032 -0.168288
    outer loop
      vertex -23.1341 -2.64342 -22.0327
      vertex -25.3541 -3.25776 -22.0327
      vertex -23.246 -2.19666 -19.3358
    endloop
  endfacet
  facet normal -0.401995 0.906891 -0.126292
    outer loop
      vertex -40.9044 -8.51493 -19.3358
      vertex -41.2034 -7.88277 -13.8446
      vertex -36.8791 -5.96595 -13.8446
    endloop
  endfacet
  facet normal -0.446019 0.886069 -0.126291
    outer loop
      vertex -45.0987 -10.6262 -19.3358
      vertex -45.4284 -10.0095 -13.8446
      vertex -41.2034 -7.88277 -13.8446
    endloop
  endfacet
  facet normal -0.312568 0.946153 -0.0842334
    outer loop
      vertex -27.9747 -2.77989 -13.8446
      vertex -32.6234 -3.82379 -8.32015
      vertex -28.1103 -2.33286 -8.32015
    endloop
  endfacet
  facet normal -0.121975 0.988952 -0.084232
    outer loop
      vertex -14.1404 0.326705 -13.8446
      vertex -14.2089 0.78879 -8.32015
      vertex -9.44589 0.905716 -13.8446
    endloop
  endfacet
  facet normal 0.312568 0.946153 -0.0842337
    outer loop
      vertex 32.466 -4.26362 -13.8446
      vertex 27.9747 -2.77989 -13.8446
      vertex 32.6234 -3.82379 -8.32015
    endloop
  endfacet
  facet normal 0.313404 0.948685 -0.0421275
    outer loop
      vertex 32.6234 -3.82379 -8.32015
      vertex 28.1782 -2.10908 -2.77561
      vertex 32.7022 -3.60361 -2.77561
    endloop
  endfacet
  facet normal 0.311171 0.941925 -0.126294
    outer loop
      vertex 32.2304 -4.92205 -19.3358
      vertex 27.9747 -2.77989 -13.8446
      vertex 32.466 -4.26362 -13.8446
    endloop
  endfacet
  facet normal 0.354751 0.91969 -0.16829
    outer loop
      vertex 34.2243 -6.18465 -22.0327
      vertex 32.0752 -5.35568 -22.0327
      vertex 32.2304 -4.92205 -19.3358
    endloop
  endfacet
  facet normal 0.311173 0.941925 -0.126292
    outer loop
      vertex 32.2304 -4.92205 -19.3358
      vertex 27.7717 -3.44908 -19.3358
      vertex 27.9747 -2.77989 -13.8446
    endloop
  endfacet
  facet normal 0.0725157 0.983067 -0.168286
    outer loop
      vertex 6.96886 -0.0742278 -22.0327
      vertex 9.37734 0.209779 -19.3358
      vertex 9.3322 -0.248559 -22.0327
    endloop
  endfacet
  facet normal 0.0725157 0.983067 -0.168286
    outer loop
      vertex 9.37734 0.209779 -19.3358
      vertex 6.96886 -0.0742278 -22.0327
      vertex 4.69433 0.55522 -19.3358
    endloop
  endfacet
  facet normal 0.170355 0.981776 -0.0842316
    outer loop
      vertex 18.8008 -0.481955 -13.8446
      vertex 14.1404 0.326705 -13.8446
      vertex 14.2089 0.78879 -8.32015
    endloop
  endfacet
  facet normal 0.120663 0.978325 -0.168287
    outer loop
      vertex 13.9702 -0.8206 -22.0327
      vertex 11.6841 -0.538642 -22.0327
      vertex 14.0378 -0.365028 -19.3358
    endloop
  endfacet
  facet normal 0.168524 0.971226 -0.168286
    outer loop
      vertex 16.3051 -1.22574 -22.0327
      vertex 14.0378 -0.365028 -19.3358
      vertex 18.6644 -1.16782 -19.3358
    endloop
  endfacet
  facet normal 0.168522 0.971226 -0.168288
    outer loop
      vertex 14.0378 -0.365028 -19.3358
      vertex 16.3051 -1.22574 -22.0327
      vertex 13.9702 -0.8206 -22.0327
    endloop
  endfacet
  facet normal 0.0725154 0.983067 -0.168286
    outer loop
      vertex 6.96886 -0.0742278 -22.0327
      vertex 4.67173 0.0952188 -22.0327
      vertex 4.69433 0.55522 -19.3358
    endloop
  endfacet
  facet normal -0.122303 0.991598 -0.0421258
    outer loop
      vertex -9.49168 1.37061 -8.32015
      vertex -14.2089 0.78879 -8.32015
      vertex -9.5146 1.60333 -2.77561
    endloop
  endfacet
  facet normal -0.0725157 0.983067 -0.168286
    outer loop
      vertex -6.96886 -0.0742278 -22.0327
      vertex -9.37734 0.209779 -19.3358
      vertex -4.69433 0.55522 -19.3358
    endloop
  endfacet
  facet normal -0.0725157 0.983067 -0.168286
    outer loop
      vertex -9.37734 0.209779 -19.3358
      vertex -6.96886 -0.0742278 -22.0327
      vertex -9.3322 -0.248559 -22.0327
    endloop
  endfacet
  facet normal -0.217348 0.96789 -0.126291
    outer loop
      vertex -18.6644 -1.16782 -19.3358
      vertex -23.246 -2.19666 -19.3358
      vertex -18.8008 -0.481955 -13.8446
    endloop
  endfacet
  facet normal 0.0729753 0.989305 -0.126292
    outer loop
      vertex 9.44589 0.905716 -13.8446
      vertex 4.69433 0.55522 -19.3358
      vertex 4.72864 1.25368 -13.8446
    endloop
  endfacet
  facet normal -0.12143 0.984533 0.126292
    outer loop
      vertex -9.44589 0.905716 13.8446
      vertex -14.1404 0.326705 13.8446
      vertex -14.0378 -0.365028 19.3358
    endloop
  endfacet
  facet normal -0.0729753 0.989305 0.126292
    outer loop
      vertex -4.72864 1.25368 13.8446
      vertex -9.44589 0.905716 13.8446
      vertex -4.69433 0.55522 19.3358
    endloop
  endfacet
  facet normal -0.265761 0.960352 -0.0842324
    outer loop
      vertex -23.4159 -1.51832 -13.8446
      vertex -27.9747 -2.77989 -13.8446
      vertex -23.5294 -1.06518 -8.32015
    endloop
  endfacet
  facet normal -0.218323 0.972235 -0.0842315
    outer loop
      vertex -18.8008 -0.481955 -13.8446
      vertex -23.5294 -1.06518 -8.32015
      vertex -18.8919 -0.0237904 -8.32015
    endloop
  endfacet
  facet normal 0.120667 0.978324 0.168289
    outer loop
      vertex 14.0378 -0.365028 19.3358
      vertex 11.7127 -0.536538 22
      vertex 13.971 -0.815078 22
    endloop
  endfacet
  facet normal 0.0243447 0.991694 0.126294
    outer loop
      vertex 1.41494 0.811635 17.9545
      vertex 0 0.670459 19.3358
      vertex 4.69433 0.55522 19.3358
    endloop
  endfacet
  facet normal 0.0244579 0.991679 0.126391
    outer loop
      vertex 0 0.670459 19.3358
      vertex 1.2192 0.808205 18.0191
      vertex 1.1071 0.807006 18.0502
    endloop
  endfacet
  facet normal 0.024282 0.991704 0.126231
    outer loop
      vertex 0 0.670459 19.3358
      vertex 1.41494 0.811635 17.9545
      vertex 1.2192 0.808205 18.0191
    endloop
  endfacet
  facet normal 0.0243475 0.991695 0.126287
    outer loop
      vertex 4.69433 0.55522 19.3358
      vertex 1.60727 0.816362 17.8803
      vertex 1.41494 0.811635 17.9545
    endloop
  endfacet
  facet normal 0.024332 0.991691 0.126319
    outer loop
      vertex 4.69433 0.55522 19.3358
      vertex 1.79573 0.822374 17.7968
      vertex 1.60727 0.816362 17.8803
    endloop
  endfacet
  facet normal 0.0243511 0.991695 0.126284
    outer loop
      vertex 4.69433 0.55522 19.3358
      vertex 1.97987 0.829657 17.7041
      vertex 1.79573 0.822374 17.7968
    endloop
  endfacet
  facet normal 0.0243417 0.991693 0.126299
    outer loop
      vertex 4.69433 0.55522 19.3358
      vertex 2.15923 0.838194 17.6025
      vertex 1.97987 0.829657 17.7041
    endloop
  endfacet
  facet normal 0.0243496 0.991695 0.126288
    outer loop
      vertex 4.69433 0.55522 19.3358
      vertex 2.33339 0.847964 17.4922
      vertex 2.15923 0.838194 17.6025
    endloop
  endfacet
  facet normal 0.0243448 0.991694 0.126294
    outer loop
      vertex 4.69433 0.55522 19.3358
      vertex 2.50194 0.858943 17.3735
      vertex 2.33339 0.847964 17.4922
    endloop
  endfacet
  facet normal 0.0243727 0.991697 0.126263
    outer loop
      vertex 4.69433 0.55522 19.3358
      vertex 2.66445 0.871106 17.2466
      vertex 2.50194 0.858943 17.3735
    endloop
  endfacet
  facet normal 0.0243239 0.991693 0.12631
    outer loop
      vertex 4.69433 0.55522 19.3358
      vertex 2.82055 0.884421 17.112
      vertex 2.66445 0.871106 17.2466
    endloop
  endfacet
  facet normal 0.0243674 0.991696 0.126274
    outer loop
      vertex 4.69433 0.55522 19.3358
      vertex 2.96985 0.898859 16.9698
      vertex 2.82055 0.884421 17.112
    endloop
  endfacet
  facet normal 0.0243436 0.991694 0.126291
    outer loop
      vertex 4.69433 0.55522 19.3358
      vertex 3.11199 0.914383 16.8205
      vertex 2.96985 0.898859 16.9698
    endloop
  endfacet
  facet normal 0.0242928 0.991692 0.126323
    outer loop
      vertex 4.69433 0.55522 19.3358
      vertex 3.24664 0.930956 16.6645
      vertex 3.11199 0.914383 16.8205
    endloop
  endfacet
  facet normal 0.0243957 0.991696 0.126268
    outer loop
      vertex 4.69433 0.55522 19.3358
      vertex 3.37347 0.948539 16.5019
      vertex 3.24664 0.930956 16.6645
    endloop
  endfacet
  facet normal 0.0243113 0.991693 0.126307
    outer loop
      vertex 4.69433 0.55522 19.3358
      vertex 3.49217 0.96709 16.3334
      vertex 3.37347 0.948539 16.5019
    endloop
  endfacet
  facet normal 0.0243727 0.991695 0.126282
    outer loop
      vertex 4.69433 0.55522 19.3358
      vertex 3.60246 0.986562 16.1592
      vertex 3.49217 0.96709 16.3334
    endloop
  endfacet
  facet normal 0.0242922 0.991693 0.12631
    outer loop
      vertex 4.69433 0.55522 19.3358
      vertex 3.70407 1.00691 15.9799
      vertex 3.60246 0.986562 16.1592
    endloop
  endfacet
  facet normal 0.0244329 0.991695 0.126268
    outer loop
      vertex 4.69433 0.55522 19.3358
      vertex 3.79675 1.02808 15.7957
      vertex 3.70407 1.00691 15.9799
    endloop
  endfacet
  facet normal 0.0242815 0.991694 0.126307
    outer loop
      vertex 4.69433 0.55522 19.3358
      vertex 3.88029 1.05003 15.6073
      vertex 3.79675 1.02808 15.7957
    endloop
  endfacet
  facet normal 0.0243531 0.991694 0.126291
    outer loop
      vertex 4.69433 0.55522 19.3358
      vertex 3.95448 1.07271 15.4149
      vertex 3.88029 1.05003 15.6073
    endloop
  endfacet
  facet normal 0.0242948 0.991694 0.126302
    outer loop
      vertex 4.69433 0.55522 19.3358
      vertex 4.01915 1.09605 15.2192
      vertex 3.95448 1.07271 15.4149
    endloop
  endfacet
  facet normal 0.0243557 0.991694 0.126292
    outer loop
      vertex 4.72864 1.25368 13.8446
      vertex 4.01915 1.09605 15.2192
      vertex 4.69433 0.55522 19.3358
    endloop
  endfacet
  facet normal 0.0242707 0.991702 0.126249
    outer loop
      vertex 4.01915 1.09605 15.2192
      vertex 4.72864 1.25368 13.8446
      vertex 4.07413 1.12 15.0205
    endloop
  endfacet
  facet normal 0.0244838 0.991682 0.126365
    outer loop
      vertex 4.07413 1.12 15.0205
      vertex 4.72864 1.25368 13.8446
      vertex 4.1193 1.14451 14.8194
    endloop
  endfacet
  facet normal 0.0243758 0.991693 0.126299
    outer loop
      vertex 4.1193 1.14451 14.8194
      vertex 4.72864 1.25368 13.8446
      vertex 4.15454 1.16951 14.6163
    endloop
  endfacet
  facet normal 0.0243781 0.991692 0.126301
    outer loop
      vertex 4.15454 1.16951 14.6163
      vertex 4.72864 1.25368 13.8446
      vertex 4.16965 1.18474 14.4938
    endloop
  endfacet
  facet normal 0.0243708 0.991694 0.126292
    outer loop
      vertex 0 0.670459 19.3358
      vertex 0.206083 0.810688 18.1949
      vertex 0 0.815103 18.2
    endloop
  endfacet
  facet normal 0.0243007 0.991697 0.12628
    outer loop
      vertex 0 0.670459 19.3358
      vertex 0.411672 0.807573 18.1798
      vertex 0.206083 0.810688 18.1949
    endloop
  endfacet
  facet normal 0.0243878 0.991691 0.12631
    outer loop
      vertex 0 0.670459 19.3358
      vertex 0.616267 0.805764 18.1545
      vertex 0.411672 0.807573 18.1798
    endloop
  endfacet
  facet normal 0.024315 0.991698 0.126273
    outer loop
      vertex 0 0.670459 19.3358
      vertex 0.819379 0.805266 18.1193
      vertex 0.616267 0.805764 18.1545
    endloop
  endfacet
  facet normal 0.0243708 0.991691 0.12631
    outer loop
      vertex 0 0.670459 19.3358
      vertex 1.02052 0.80608 18.0741
      vertex 0.819379 0.805266 18.1193
    endloop
  endfacet
  facet normal 0.0242296 0.991709 0.126197
    outer loop
      vertex 1.02052 0.80608 18.0741
      vertex 0 0.670459 19.3358
      vertex 1.1071 0.807006 18.0502
    endloop
  endfacet
  facet normal 0.0242617 0.991708 0.126202
    outer loop
      vertex 4.72864 1.25368 13.8446
      vertex 4.17978 1.19494 14.4117
      vertex 4.16965 1.18474 14.4938
    endloop
  endfacet
  facet normal 0.0243519 0.991695 0.126288
    outer loop
      vertex 4.72864 1.25368 13.8446
      vertex 4.19494 1.22075 14.2061
      vertex 4.17978 1.19494 14.4117
    endloop
  endfacet
  facet normal 0.0243463 0.991696 0.12628
    outer loop
      vertex 4.72864 1.25368 13.8446
      vertex 4.2 1.24687 14
      vertex 4.19494 1.22075 14.2061
    endloop
  endfacet
  facet normal 0.0243431 0.991697 0.126269
    outer loop
      vertex 4.2 1.24687 14
      vertex 4.72864 1.25368 13.8446
      vertex 4.19619 1.26675 13.8446
    endloop
  endfacet
  facet normal -0.024469 0.996146 0.08423
    outer loop
      vertex 0 1.8369 8.32015
      vertex -0.206083 1.70628 9.80506
      vertex 0 1.71177 9.8
    endloop
  endfacet
  facet normal -0.0244598 0.996146 0.0842313
    outer loop
      vertex 0 1.8369 8.32015
      vertex -0.411672 1.69995 9.82022
      vertex -0.206083 1.70628 9.80506
    endloop
  endfacet
  facet normal -0.0244198 0.996146 0.0842422
    outer loop
      vertex 0 1.8369 8.32015
      vertex -0.616267 1.6928 9.84546
      vertex -0.411672 1.69995 9.82022
    endloop
  endfacet
  facet normal -0.0244761 0.996147 0.0842195
    outer loop
      vertex 0 1.8369 8.32015
      vertex -0.819379 1.68483 9.8807
      vertex -0.616267 1.6928 9.84546
    endloop
  endfacet
  facet normal -0.0244699 0.996146 0.0842228
    outer loop
      vertex 0 1.8369 8.32015
      vertex -1.02052 1.67607 9.92587
      vertex -0.819379 1.68483 9.8807
    endloop
  endfacet
  facet normal -0.0244153 0.996145 0.0842573
    outer loop
      vertex 0 1.8369 8.32015
      vertex -1.2192 1.66655 9.98085
      vertex -1.02052 1.67607 9.92587
    endloop
  endfacet
  facet normal -0.0245104 0.996148 0.0841879
    outer loop
      vertex 0 1.8369 8.32015
      vertex -1.41494 1.65627 10.0455
      vertex -1.2192 1.66655 9.98085
    endloop
  endfacet
  facet normal -0.0244102 0.996144 0.0842695
    outer loop
      vertex 0 1.8369 8.32015
      vertex -1.60727 1.64528 10.1197
      vertex -1.41494 1.65627 10.0455
    endloop
  endfacet
  facet normal -0.0244531 0.996146 0.0842315
    outer loop
      vertex -4.75156 1.72026 8.32015
      vertex -1.60727 1.64528 10.1197
      vertex 0 1.8369 8.32015
    endloop
  endfacet
  facet normal -0.0244626 0.996144 0.084248
    outer loop
      vertex -1.60727 1.64528 10.1197
      vertex -4.75156 1.72026 8.32015
      vertex -1.79573 1.63359 10.2032
    endloop
  endfacet
  facet normal -0.0244566 0.996145 0.0842386
    outer loop
      vertex -1.79573 1.63359 10.2032
      vertex -4.75156 1.72026 8.32015
      vertex -1.97987 1.62123 10.2959
    endloop
  endfacet
  facet normal -0.0244404 0.996148 0.0842159
    outer loop
      vertex -1.97987 1.62123 10.2959
      vertex -4.75156 1.72026 8.32015
      vertex -2.15923 1.60824 10.3975
    endloop
  endfacet
  facet normal -0.0244469 0.996147 0.0842241
    outer loop
      vertex -2.15923 1.60824 10.3975
      vertex -4.75156 1.72026 8.32015
      vertex -2.33339 1.59464 10.5078
    endloop
  endfacet
  facet normal -0.0244717 0.996144 0.0842512
    outer loop
      vertex -2.33339 1.59464 10.5078
      vertex -4.75156 1.72026 8.32015
      vertex -2.50194 1.58046 10.6265
    endloop
  endfacet
  facet normal -0.0244592 0.996145 0.0842392
    outer loop
      vertex -2.50194 1.58046 10.6265
      vertex -4.75156 1.72026 8.32015
      vertex -2.66106 1.56605 10.7507
    endloop
  endfacet
  facet normal 0.218325 0.972234 0.0842325
    outer loop
      vertex 23.5294 -1.06518 8.32015
      vertex 18.8008 -0.481955 13.8446
      vertex 23.4159 -1.51832 13.8446
    endloop
  endfacet
  facet normal -0.0243444 0.991694 -0.126292
    outer loop
      vertex 0 0.670459 -19.3358
      vertex -4.72864 1.25368 -13.8446
      vertex 0 1.36976 -13.8446
    endloop
  endfacet
  facet normal 0.0245185 0.998811 -0.0421283
    outer loop
      vertex 4.75156 1.72026 -8.32015
      vertex 0 1.8369 -8.32015
      vertex 0 2.07076 -2.77561
    endloop
  endfacet
  facet normal 0.39948 0.901162 0.168294
    outer loop
      vertex 40.9044 -8.51493 19.3358
      vertex 40 -8.61156 22
      vertex 40.3925 -8.78376 21.9904
    endloop
  endfacet
  facet normal 0.399413 0.901193 0.168284
    outer loop
      vertex 40.9044 -8.51493 19.3358
      vertex 40.3925 -8.78376 21.9904
      vertex 40.7123 -8.92109 21.9668
    endloop
  endfacet
  facet normal 0.399455 0.901174 0.168286
    outer loop
      vertex 40 -8.61156 22
      vertex 40.9044 -8.51493 19.3358
      vertex 38.5176 -7.95447 22
    endloop
  endfacet
  facet normal 0.399461 0.901171 0.168292
    outer loop
      vertex 38.5176 -7.95447 22
      vertex 40.9044 -8.51493 19.3358
      vertex 36.6115 -6.61202 19.3358
    endloop
  endfacet
  facet normal 0.313404 0.948685 0.0421274
    outer loop
      vertex 28.1782 -2.10908 2.77561
      vertex 28.1103 -2.33286 8.32015
      vertex 32.6234 -3.82379 8.32015
    endloop
  endfacet
  facet normal 0.266471 0.962922 0.0421312
    outer loop
      vertex 23.5863 -0.838333 2.77561
      vertex 23.5294 -1.06518 8.32015
      vertex 28.1103 -2.33286 8.32015
    endloop
  endfacet
  facet normal 0.26576 0.960352 -0.0842334
    outer loop
      vertex 27.9747 -2.77989 -13.8446
      vertex 23.5294 -1.06518 -8.32015
      vertex 28.1103 -2.33286 -8.32015
    endloop
  endfacet
  facet normal 0.121429 0.984533 -0.126292
    outer loop
      vertex 14.0378 -0.365028 -19.3358
      vertex 9.37734 0.209779 -19.3358
      vertex 9.44589 0.905716 -13.8446
    endloop
  endfacet
  facet normal 0.266475 0.962921 0.0421272
    outer loop
      vertex 28.1782 -2.10908 2.77561
      vertex 23.5863 -0.838333 2.77561
      vertex 28.1103 -2.33286 8.32015
    endloop
  endfacet
  facet normal 0.313404 0.948685 -0.0421274
    outer loop
      vertex 32.6234 -3.82379 -8.32015
      vertex 28.1103 -2.33286 -8.32015
      vertex 28.1782 -2.10908 -2.77561
    endloop
  endfacet
  facet normal 0.266475 0.962921 -0.0421272
    outer loop
      vertex 28.1103 -2.33286 -8.32015
      vertex 23.5863 -0.838333 -2.77561
      vertex 28.1782 -2.10908 -2.77561
    endloop
  endfacet
  facet normal 0.218908 0.974836 -0.0421305
    outer loop
      vertex 23.5294 -1.06518 -8.32015
      vertex 18.8919 -0.0237904 -8.32015
      vertex 23.5863 -0.838333 -2.77561
    endloop
  endfacet
  facet normal 0.218323 0.972235 -0.0842315
    outer loop
      vertex 23.5294 -1.06518 -8.32015
      vertex 18.8008 -0.481955 -13.8446
      vertex 18.8919 -0.0237904 -8.32015
    endloop
  endfacet
  facet normal 0.309211 0.935984 0.168291
    outer loop
      vertex 27.7717 -3.44908 19.3358
      vertex 29.9165 -4.63666 22
      vertex 32.2304 -4.92205 19.3358
    endloop
  endfacet
  facet normal 0.309213 0.935984 0.168289
    outer loop
      vertex 29.9165 -4.63666 22
      vertex 27.7717 -3.44908 19.3358
      vertex 27.6396 -3.88446 22
    endloop
  endfacet
  facet normal 0.309209 0.935985 0.16829
    outer loop
      vertex 32.2304 -4.92205 19.3358
      vertex 29.9165 -4.63666 22
      vertex 32.0771 -5.35043 22
    endloop
  endfacet
  facet normal 0.491137 0.866998 -0.0842535
    outer loop
      vertex 48 -11.1494 -10.583
      vertex 45.6486 -9.59748 -8.32015
      vertex 48 -10.9295 -8.32015
    endloop
  endfacet
  facet normal 0.491148 0.866993 -0.0842381
    outer loop
      vertex 45.6486 -9.59748 -8.32015
      vertex 48 -11.1494 -10.583
      vertex 45.4284 -10.0095 -13.8446
    endloop
  endfacet
  facet normal 0.491148 0.866993 -0.0842379
    outer loop
      vertex 48 -11.4663 -13.8446
      vertex 45.4284 -10.0095 -13.8446
      vertex 48 -11.1494 -10.583
    endloop
  endfacet
  facet normal 0.359896 0.932992 -0
    outer loop
      vertex 37.1474 -5.31832 -2.77561
      vertex 32.7022 -3.60361 2.77561
      vertex 37.1474 -5.31832 2.77561
    endloop
  endfacet
  facet normal 0.359896 0.932992 0
    outer loop
      vertex 32.7022 -3.60361 2.77561
      vertex 37.1474 -5.31832 -2.77561
      vertex 32.7022 -3.60361 -2.77561
    endloop
  endfacet
  facet normal 0.313682 0.949528 -0
    outer loop
      vertex 32.7022 -3.60361 -2.77561
      vertex 28.1782 -2.10908 2.77561
      vertex 32.7022 -3.60361 2.77561
    endloop
  endfacet
  facet normal 0.313682 0.949528 0
    outer loop
      vertex 28.1782 -2.10908 2.77561
      vertex 32.7022 -3.60361 -2.77561
      vertex 28.1782 -2.10908 -2.77561
    endloop
  endfacet
  facet normal 0.449216 0.89243 -0.042124
    outer loop
      vertex 45.6486 -9.59748 -8.32015
      vertex 41.5031 -7.24908 -2.77561
      vertex 45.7588 -9.39124 -2.77561
    endloop
  endfacet
  facet normal 0.449216 0.89243 0.042124
    outer loop
      vertex 45.7588 -9.39124 2.77561
      vertex 41.5031 -7.24908 2.77561
      vertex 45.6486 -9.59748 8.32015
    endloop
  endfacet
  facet normal 0.491137 0.866998 0.0842535
    outer loop
      vertex 45.6486 -9.59748 8.32015
      vertex 48 -11.1494 10.583
      vertex 48 -10.9295 8.32015
    endloop
  endfacet
  facet normal 0.491148 0.866993 0.0842381
    outer loop
      vertex 48 -11.1494 10.583
      vertex 45.6486 -9.59748 8.32015
      vertex 45.4284 -10.0095 13.8446
    endloop
  endfacet
  facet normal 0.491148 0.866993 0.0842379
    outer loop
      vertex 48 -11.1494 10.583
      vertex 45.4284 -10.0095 13.8446
      vertex 48 -11.4663 13.8446
    endloop
  endfacet
  facet normal 0.489162 0.863044 0.125998
    outer loop
      vertex 45.4284 -10.0095 13.8446
      vertex 47.7164 -11.6359 16.1022
      vertex 47.7602 -11.6376 15.9438
    endloop
  endfacet
  facet normal 0.488923 0.863131 0.12633
    outer loop
      vertex 45.4284 -10.0095 13.8446
      vertex 47.7602 -11.6376 15.9438
      vertex 47.8463 -11.6303 15.5607
    endloop
  endfacet
  facet normal 0.488946 0.863124 0.126292
    outer loop
      vertex 45.4284 -10.0095 13.8446
      vertex 47.8463 -11.6303 15.5607
      vertex 47.9134 -11.6117 15.1738
    endloop
  endfacet
  facet normal 0.488919 0.86313 0.126349
    outer loop
      vertex 45.4284 -10.0095 13.8446
      vertex 47.9134 -11.6117 15.1738
      vertex 47.9615 -11.5819 14.7841
    endloop
  endfacet
  facet normal 0.488959 0.863125 0.126233
    outer loop
      vertex 45.4284 -10.0095 13.8446
      vertex 47.9615 -11.5819 14.7841
      vertex 47.9904 -11.541 14.3925
    endloop
  endfacet
  facet normal 0.488942 0.863123 0.126309
    outer loop
      vertex 45.4284 -10.0095 13.8446
      vertex 47.9904 -11.541 14.3925
      vertex 48 -11.489 14
    endloop
  endfacet
  facet normal 0.488966 0.863142 0.126083
    outer loop
      vertex 45.4284 -10.0095 13.8446
      vertex 48 -11.489 14
      vertex 48 -11.4663 13.8446
    endloop
  endfacet
  facet normal 0.488933 0.863131 0.126292
    outer loop
      vertex 47.7164 -11.6359 16.1022
      vertex 45.4284 -10.0095 13.8446
      vertex 45.0987 -10.6262 19.3358
    endloop
  endfacet
  facet normal 0.488963 0.863082 0.126509
    outer loop
      vertex 46.1841 -11.2029 19.0751
      vertex 45.0987 -10.6262 19.3358
      vertex 45.9592 -11.1137 19.3358
    endloop
  endfacet
  facet normal 0.488966 0.863076 0.126536
    outer loop
      vertex 46.4257 -11.2944 18.7656
      vertex 45.0987 -10.6262 19.3358
      vertex 46.1841 -11.2029 19.0751
    endloop
  endfacet
  facet normal 0.488824 0.863231 0.126024
    outer loop
      vertex 46.6517 -11.3755 18.4445
      vertex 45.0987 -10.6262 19.3358
      vertex 46.4257 -11.2944 18.7656
    endloop
  endfacet
  facet normal 0.488899 0.863162 0.126213
    outer loop
      vertex 46.8618 -11.446 18.1128
      vertex 45.0987 -10.6262 19.3358
      vertex 46.6517 -11.3755 18.4445
    endloop
  endfacet
  facet normal 0.488912 0.86315 0.126239
    outer loop
      vertex 47.0554 -11.5057 17.7712
      vertex 45.0987 -10.6262 19.3358
      vertex 46.8618 -11.446 18.1128
    endloop
  endfacet
  facet normal 0.488841 0.863208 0.126118
    outer loop
      vertex 47.2319 -11.5544 17.4204
      vertex 45.0987 -10.6262 19.3358
      vertex 47.0554 -11.5057 17.7712
    endloop
  endfacet
  facet normal 0.488997 0.863086 0.126351
    outer loop
      vertex 47.391 -11.592 17.0615
      vertex 45.0987 -10.6262 19.3358
      vertex 47.2319 -11.5544 17.4204
    endloop
  endfacet
  facet normal 0.489043 0.863051 0.126412
    outer loop
      vertex 47.5323 -11.6184 16.6951
      vertex 45.0987 -10.6262 19.3358
      vertex 47.391 -11.592 17.0615
    endloop
  endfacet
  facet normal 0.48906 0.863038 0.126432
    outer loop
      vertex 47.6555 -11.6336 16.3223
      vertex 45.0987 -10.6262 19.3358
      vertex 47.5323 -11.6184 16.6951
    endloop
  endfacet
  facet normal 0.488897 0.863157 0.126254
    outer loop
      vertex 45.0987 -10.6262 19.3358
      vertex 47.6555 -11.6336 16.3223
      vertex 47.7164 -11.6359 16.1022
    endloop
  endfacet
  facet normal 0.313404 0.948685 0.0421275
    outer loop
      vertex 32.7022 -3.60361 2.77561
      vertex 28.1782 -2.10908 2.77561
      vertex 32.6234 -3.82379 8.32015
    endloop
  endfacet
  facet normal -0.169593 0.977389 0.126291
    outer loop
      vertex -14.0378 -0.365028 19.3358
      vertex -18.8008 -0.481955 13.8446
      vertex -18.6644 -1.16782 19.3358
    endloop
  endfacet
  facet normal -0.215971 0.961788 0.168283
    outer loop
      vertex -20.9153 -2.13945 22
      vertex -23.246 -2.19666 19.3358
      vertex -23.1355 -2.638 22
    endloop
  endfacet
  facet normal -0.170808 0.984403 0.042129
    outer loop
      vertex -14.2432 1.02011 2.77561
      vertex -18.9376 0.205567 2.77561
      vertex -18.8919 -0.0237904 8.32015
    endloop
  endfacet
  facet normal -0.218907 0.974836 0.0421297
    outer loop
      vertex -18.9376 0.205567 2.77561
      vertex -23.5863 -0.838333 2.77561
      vertex -18.8919 -0.0237904 8.32015
    endloop
  endfacet
  facet normal -0.359577 0.932164 0.0421277
    outer loop
      vertex -32.7022 -3.60361 2.77561
      vertex -37.1474 -5.31832 2.77561
      vertex -32.6234 -3.82379 8.32015
    endloop
  endfacet
  facet normal -0.358884 0.929595 0.0839905
    outer loop
      vertex -32.6234 -3.82379 8.32015
      vertex -34.888 -4.95642 11.1795
      vertex -34.8553 -4.94722 11.2174
    endloop
  endfacet
  facet normal -0.358536 0.929701 0.0843081
    outer loop
      vertex -32.6234 -3.82379 8.32015
      vertex -35.0302 -4.99772 11.0302
      vertex -34.888 -4.95642 11.1795
    endloop
  endfacet
  facet normal -0.358621 0.929676 0.0842217
    outer loop
      vertex -32.6234 -3.82379 8.32015
      vertex -35.1795 -5.04243 10.888
      vertex -35.0302 -4.99772 11.0302
    endloop
  endfacet
  facet normal -0.358728 0.929646 0.084101
    outer loop
      vertex -32.6234 -3.82379 8.32015
      vertex -35.3355 -5.09045 10.7534
      vertex -35.1795 -5.04243 10.888
    endloop
  endfacet
  facet normal -0.358553 0.929693 0.0843213
    outer loop
      vertex -32.6234 -3.82379 8.32015
      vertex -35.4981 -5.14165 10.6265
      vertex -35.3355 -5.09045 10.7534
    endloop
  endfacet
  facet normal -0.358635 0.929672 0.0842064
    outer loop
      vertex -32.6234 -3.82379 8.32015
      vertex -35.6666 -5.1959 10.5078
      vertex -35.4981 -5.14165 10.6265
    endloop
  endfacet
  facet normal -0.358584 0.929685 0.0842853
    outer loop
      vertex -32.6234 -3.82379 8.32015
      vertex -35.8408 -5.25309 10.3975
      vertex -35.6666 -5.1959 10.5078
    endloop
  endfacet
  facet normal -0.358696 0.929659 0.0840941
    outer loop
      vertex -32.6234 -3.82379 8.32015
      vertex -36.0201 -5.31308 10.2959
      vertex -35.8408 -5.25309 10.3975
    endloop
  endfacet
  facet normal -0.358617 0.929676 0.0842436
    outer loop
      vertex -37.0579 -5.53437 8.32015
      vertex -36.0201 -5.31308 10.2959
      vertex -32.6234 -3.82379 8.32015
    endloop
  endfacet
  facet normal -0.358476 0.929737 0.0841631
    outer loop
      vertex -36.0201 -5.31308 10.2959
      vertex -37.0579 -5.53437 8.32015
      vertex -36.2043 -5.37571 10.2032
    endloop
  endfacet
  facet normal -0.35873 0.929628 0.0842871
    outer loop
      vertex -36.2043 -5.37571 10.2032
      vertex -37.0579 -5.53437 8.32015
      vertex -36.3927 -5.44084 10.1197
    endloop
  endfacet
  facet normal -0.358503 0.929724 0.0841983
    outer loop
      vertex -36.3927 -5.44084 10.1197
      vertex -37.0579 -5.53437 8.32015
      vertex -36.5851 -5.50831 10.0455
    endloop
  endfacet
  facet normal -0.35865 0.929663 0.0842396
    outer loop
      vertex -36.5851 -5.50831 10.0455
      vertex -37.0579 -5.53437 8.32015
      vertex -36.7808 -5.57795 9.98085
    endloop
  endfacet
  facet normal -0.358592 0.929686 0.0842306
    outer loop
      vertex -36.7808 -5.57795 9.98085
      vertex -37.0579 -5.53437 8.32015
      vertex -36.9795 -5.64961 9.92587
    endloop
  endfacet
  facet normal -0.358956 0.929545 0.0842382
    outer loop
      vertex -36.9795 -5.64961 9.92587
      vertex -37.0579 -5.53437 8.32015
      vertex -37.0061 -5.65934 9.91989
    endloop
  endfacet
  facet normal -0.449216 0.89243 0.042124
    outer loop
      vertex -41.5031 -7.24908 2.77561
      vertex -45.7588 -9.39124 2.77561
      vertex -45.6486 -9.59748 8.32015
    endloop
  endfacet
  facet normal -0.492452 0.869319 0.0421308
    outer loop
      vertex -45.6486 -9.59748 8.32015
      vertex -48 -10.8104 5.86266
      vertex -48 -10.9295 8.32015
    endloop
  endfacet
  facet normal -0.492446 0.869323 0.0421237
    outer loop
      vertex -48 -10.8104 5.86266
      vertex -45.6486 -9.59748 8.32015
      vertex -45.7588 -9.39124 2.77561
    endloop
  endfacet
  facet normal -0.405243 0.914209 0
    outer loop
      vertex -37.1474 -5.31832 -2.77561
      vertex -41.5031 -7.24908 2.77561
      vertex -37.1474 -5.31832 2.77561
    endloop
  endfacet
  facet normal -0.405243 0.914209 0
    outer loop
      vertex -41.5031 -7.24908 2.77561
      vertex -37.1474 -5.31832 -2.77561
      vertex -41.5031 -7.24908 -2.77561
    endloop
  endfacet
  facet normal -0.313404 0.948685 0.0421274
    outer loop
      vertex -28.1782 -2.10908 2.77561
      vertex -32.6234 -3.82379 8.32015
      vertex -28.1103 -2.33286 8.32015
    endloop
  endfacet
  facet normal -0.266712 0.963776 0
    outer loop
      vertex -23.5863 -0.838333 -2.77561
      vertex -28.1782 -2.10908 2.77561
      vertex -23.5863 -0.838333 2.77561
    endloop
  endfacet
  facet normal -0.266712 0.963776 0
    outer loop
      vertex -28.1782 -2.10908 2.77561
      vertex -23.5863 -0.838333 -2.77561
      vertex -28.1782 -2.10908 -2.77561
    endloop
  endfacet
  facet normal -0.404883 0.913397 0.0421273
    outer loop
      vertex -37.1474 -5.31832 2.77561
      vertex -41.5031 -7.24908 2.77561
      vertex -37.0579 -5.53437 8.32015
    endloop
  endfacet
  facet normal -0.449216 0.89243 -0.042124
    outer loop
      vertex -45.6486 -9.59748 -8.32015
      vertex -45.7588 -9.39124 -2.77561
      vertex -41.5031 -7.24908 -2.77561
    endloop
  endfacet
  facet normal -0.403804 0.91096 -0.0842308
    outer loop
      vertex -41.2034 -7.88277 -13.8446
      vertex -41.4031 -7.46048 -8.32015
      vertex -37.0579 -5.53437 -8.32015
    endloop
  endfacet
  facet normal -0.448013 0.89005 -0.0842306
    outer loop
      vertex -41.2034 -7.88277 -13.8446
      vertex -45.6486 -9.59748 -8.32015
      vertex -41.4031 -7.46048 -8.32015
    endloop
  endfacet
  facet normal -0.443415 0.880377 0.168284
    outer loop
      vertex -40.9044 -8.51493 19.3358
      vertex -40.7841 -8.95624 21.9615
      vertex -40.7123 -8.92109 21.9668
    endloop
  endfacet
  facet normal -0.443226 0.880471 0.168291
    outer loop
      vertex -40.7841 -8.95624 21.9615
      vertex -40.9044 -8.51493 19.3358
      vertex -41.1738 -9.14322 21.9134
    endloop
  endfacet
  facet normal -0.443156 0.880503 0.168306
    outer loop
      vertex -41.1738 -9.14322 21.9134
      vertex -40.9044 -8.51493 19.3358
      vertex -41.5607 -9.32512 21.8463
    endloop
  endfacet
  facet normal -0.443235 0.88047 0.168274
    outer loop
      vertex -41.5607 -9.32512 21.8463
      vertex -40.9044 -8.51493 19.3358
      vertex -41.9438 -9.50152 21.7602
    endloop
  endfacet
  facet normal -0.443131 0.88051 0.168335
    outer loop
      vertex -41.9438 -9.50152 21.7602
      vertex -40.9044 -8.51493 19.3358
      vertex -42.3223 -9.67199 21.6555
    endloop
  endfacet
  facet normal -0.443257 0.880466 0.168236
    outer loop
      vertex -42.3223 -9.67199 21.6555
      vertex -40.9044 -8.51493 19.3358
      vertex -42.6951 -9.83613 21.5323
    endloop
  endfacet
  facet normal -0.443147 0.8805 0.168346
    outer loop
      vertex -42.6951 -9.83613 21.5323
      vertex -40.9044 -8.51493 19.3358
      vertex -43.0615 -9.99352 21.391
    endloop
  endfacet
  facet normal -0.443248 0.880473 0.168222
    outer loop
      vertex -43.0615 -9.99352 21.391
      vertex -40.9044 -8.51493 19.3358
      vertex -43.4204 -10.1438 21.2319
    endloop
  endfacet
  facet normal -0.443077 0.88051 0.16848
    outer loop
      vertex -43.4204 -10.1438 21.2319
      vertex -40.9044 -8.51493 19.3358
      vertex -43.558 -10.1998 21.1627
    endloop
  endfacet
  facet normal -0.443207 0.880485 0.168268
    outer loop
      vertex -43.558 -10.1998 21.1627
      vertex -40.9044 -8.51493 19.3358
      vertex -45.0987 -10.6262 19.3358
    endloop
  endfacet
  facet normal -0.399469 0.901168 0.168285
    outer loop
      vertex -36.6115 -6.61202 19.3358
      vertex -38.5176 -7.95447 22
      vertex -36.4374 -7.03236 22
    endloop
  endfacet
  facet normal -0.357012 0.925523 0.126295
    outer loop
      vertex -35.6666 -5.99596 17.4922
      vertex -36.6115 -6.61202 19.3358
      vertex -32.2304 -4.92205 19.3358
    endloop
  endfacet
  facet normal -0.357297 0.925414 0.126285
    outer loop
      vertex -36.6115 -6.61202 19.3358
      vertex -36.5851 -6.41333 17.9545
      vertex -36.6773 -6.45309 17.985
    endloop
  endfacet
  facet normal -0.356873 0.925573 0.126316
    outer loop
      vertex -36.6115 -6.61202 19.3358
      vertex -36.3927 -6.32902 17.8803
      vertex -36.5851 -6.41333 17.9545
    endloop
  endfacet
  facet normal -0.357165 0.925469 0.126252
    outer loop
      vertex -36.6115 -6.61202 19.3358
      vertex -36.2043 -6.24492 17.7968
      vertex -36.3927 -6.32902 17.8803
    endloop
  endfacet
  facet normal -0.356836 0.925581 0.126366
    outer loop
      vertex -36.6115 -6.61202 19.3358
      vertex -36.0201 -6.16125 17.7041
      vertex -36.2043 -6.24492 17.7968
    endloop
  endfacet
  facet normal -0.357206 0.925461 0.126199
    outer loop
      vertex -36.6115 -6.61202 19.3358
      vertex -35.8408 -6.07819 17.6025
      vertex -36.0201 -6.16125 17.7041
    endloop
  endfacet
  facet normal -0.35689 0.92556 0.12637
    outer loop
      vertex -36.6115 -6.61202 19.3358
      vertex -35.6666 -5.99596 17.4922
      vertex -35.8408 -6.07819 17.6025
    endloop
  endfacet
  facet normal -0.35704 0.925503 0.126359
    outer loop
      vertex -32.2304 -4.92205 19.3358
      vertex -35.4981 -5.91475 17.3735
      vertex -35.6666 -5.99596 17.4922
    endloop
  endfacet
  facet normal -0.356935 0.925572 0.126148
    outer loop
      vertex -32.2304 -4.92205 19.3358
      vertex -35.3355 -5.83475 17.2466
      vertex -35.4981 -5.91475 17.3735
    endloop
  endfacet
  facet normal -0.357093 0.925473 0.126427
    outer loop
      vertex -32.2304 -4.92205 19.3358
      vertex -35.1795 -5.75617 17.112
      vertex -35.3355 -5.83475 17.2466
    endloop
  endfacet
  facet normal -0.356998 0.92553 0.126279
    outer loop
      vertex -32.2304 -4.92205 19.3358
      vertex -35.0302 -5.67918 16.9698
      vertex -35.1795 -5.75617 17.112
    endloop
  endfacet
  facet normal -0.356974 0.925544 0.126246
    outer loop
      vertex -32.2304 -4.92205 19.3358
      vertex -34.888 -5.60397 16.8205
      vertex -35.0302 -5.67918 16.9698
    endloop
  endfacet
  facet normal -0.357094 0.925478 0.126391
    outer loop
      vertex -32.2304 -4.92205 19.3358
      vertex -34.7534 -5.53073 16.6645
      vertex -34.888 -5.60397 16.8205
    endloop
  endfacet
  facet normal -0.357006 0.925525 0.126297
    outer loop
      vertex -34.7534 -5.53073 16.6645
      vertex -32.2304 -4.92205 19.3358
      vertex -34.628 -5.46043 16.5038
    endloop
  endfacet
  facet normal -0.399455 0.901174 0.168286
    outer loop
      vertex -40.9044 -8.51493 19.3358
      vertex -40 -8.61156 22
      vertex -38.5176 -7.95447 22
    endloop
  endfacet
  facet normal -0.39948 0.901162 0.168294
    outer loop
      vertex -40 -8.61156 22
      vertex -40.9044 -8.51493 19.3358
      vertex -40.3925 -8.78376 21.9904
    endloop
  endfacet
  facet normal -0.399461 0.901171 0.168292
    outer loop
      vertex -40.9044 -8.51493 19.3358
      vertex -38.5176 -7.95447 22
      vertex -36.6115 -6.61202 19.3358
    endloop
  endfacet
  facet normal -0.399413 0.901193 0.168284
    outer loop
      vertex -40.3925 -8.78376 21.9904
      vertex -40.9044 -8.51493 19.3358
      vertex -40.7123 -8.92109 21.9668
    endloop
  endfacet
  facet normal -0.488933 0.863131 0.126292
    outer loop
      vertex -45.4284 -10.0095 13.8446
      vertex -47.7164 -11.6359 16.1022
      vertex -45.0987 -10.6262 19.3358
    endloop
  endfacet
  facet normal -0.489162 0.863044 0.125998
    outer loop
      vertex -47.7164 -11.6359 16.1022
      vertex -45.4284 -10.0095 13.8446
      vertex -47.7602 -11.6376 15.9438
    endloop
  endfacet
  facet normal -0.488923 0.863131 0.12633
    outer loop
      vertex -47.7602 -11.6376 15.9438
      vertex -45.4284 -10.0095 13.8446
      vertex -47.8463 -11.6303 15.5607
    endloop
  endfacet
  facet normal -0.488946 0.863124 0.126292
    outer loop
      vertex -47.8463 -11.6303 15.5607
      vertex -45.4284 -10.0095 13.8446
      vertex -47.9134 -11.6117 15.1738
    endloop
  endfacet
  facet normal -0.488919 0.86313 0.126349
    outer loop
      vertex -47.9134 -11.6117 15.1738
      vertex -45.4284 -10.0095 13.8446
      vertex -47.9615 -11.5819 14.7841
    endloop
  endfacet
  facet normal -0.488959 0.863125 0.126233
    outer loop
      vertex -47.9615 -11.5819 14.7841
      vertex -45.4284 -10.0095 13.8446
      vertex -47.9904 -11.541 14.3925
    endloop
  endfacet
  facet normal -0.488942 0.863123 0.126309
    outer loop
      vertex -47.9904 -11.541 14.3925
      vertex -45.4284 -10.0095 13.8446
      vertex -48 -11.489 14
    endloop
  endfacet
  facet normal -0.488966 0.863142 0.126083
    outer loop
      vertex -48 -11.489 14
      vertex -45.4284 -10.0095 13.8446
      vertex -48 -11.4663 13.8446
    endloop
  endfacet
  facet normal -0.399461 0.901171 -0.168289
    outer loop
      vertex -38.541 -7.97094 -22.0327
      vertex -40.9044 -8.51493 -19.3358
      vertex -36.6115 -6.61202 -19.3358
    endloop
  endfacet
  facet normal -0.399457 0.901174 -0.168285
    outer loop
      vertex -40.9044 -8.51493 -19.3358
      vertex -38.541 -7.97094 -22.0327
      vertex -40.7075 -8.93127 -22.0327
    endloop
  endfacet
  facet normal -0.312568 0.946153 -0.0842337
    outer loop
      vertex -32.466 -4.26362 -13.8446
      vertex -32.6234 -3.82379 -8.32015
      vertex -27.9747 -2.77989 -13.8446
    endloop
  endfacet
  facet normal -0.354751 0.91969 -0.16829
    outer loop
      vertex -32.0752 -5.35568 -22.0327
      vertex -34.2243 -6.18465 -22.0327
      vertex -32.2304 -4.92205 -19.3358
    endloop
  endfacet
  facet normal -0.488955 0.863123 -0.126258
    outer loop
      vertex -45.4284 -10.0095 -13.8446
      vertex -48 -11.7453 -15.7519
      vertex -48 -11.4663 -13.8446
    endloop
  endfacet
  facet normal -0.488935 0.86313 -0.126292
    outer loop
      vertex -48 -11.7453 -15.7519
      vertex -45.4284 -10.0095 -13.8446
      vertex -45.0987 -10.6262 -19.3358
    endloop
  endfacet
  facet normal -0.492442 0.869325 -0.0421279
    outer loop
      vertex -45.7588 -9.39124 -2.77561
      vertex -48 -10.8104 -5.86266
      vertex -48 -10.6608 -2.77561
    endloop
  endfacet
  facet normal -0.262907 0.950032 -0.168284
    outer loop
      vertex -25.3541 -3.25776 -22.0327
      vertex -27.7717 -3.44908 -19.3358
      vertex -23.246 -2.19666 -19.3358
    endloop
  endfacet
  facet normal -0.262909 0.950031 -0.168285
    outer loop
      vertex -27.7717 -3.44908 -19.3358
      vertex -25.3541 -3.25776 -22.0327
      vertex -27.638 -3.8898 -22.0327
    endloop
  endfacet
  facet normal -0.264575 0.95606 -0.126292
    outer loop
      vertex -27.7717 -3.44908 -19.3358
      vertex -27.9747 -2.77989 -13.8446
      vertex -23.246 -2.19666 -19.3358
    endloop
  endfacet
  facet normal -0.0241912 0.985441 -0.168286
    outer loop
      vertex -2.30268 0.153376 -22.0327
      vertex -4.69433 0.55522 -19.3358
      vertex 0 0.670459 -19.3358
    endloop
  endfacet
  facet normal -0.0241913 0.985441 -0.168286
    outer loop
      vertex -4.69433 0.55522 -19.3358
      vertex -2.30268 0.153376 -22.0327
      vertex -4.67173 0.0952188 -22.0327
    endloop
  endfacet
  facet normal 0.264573 0.956061 -0.12629
    outer loop
      vertex 27.9747 -2.77989 -13.8446
      vertex 23.246 -2.19666 -19.3358
      vertex 23.4159 -1.51832 -13.8446
    endloop
  endfacet
  facet normal 0.217349 0.96789 -0.12629
    outer loop
      vertex 23.246 -2.19666 -19.3358
      vertex 18.8008 -0.481955 -13.8446
      vertex 23.4159 -1.51832 -13.8446
    endloop
  endfacet
  facet normal 0.309212 0.935984 -0.16829
    outer loop
      vertex 32.0752 -5.35568 -22.0327
      vertex 29.8881 -4.63315 -22.0327
      vertex 32.2304 -4.92205 -19.3358
    endloop
  endfacet
  facet normal 0.262902 0.950032 -0.168288
    outer loop
      vertex 25.3541 -3.25776 -22.0327
      vertex 23.1341 -2.64342 -22.0327
      vertex 23.246 -2.19666 -19.3358
    endloop
  endfacet
  facet normal 0.399472 0.901168 -0.16828
    outer loop
      vertex 38.541 -7.97094 -22.0327
      vertex 36.4353 -7.03752 -22.0327
      vertex 36.6115 -6.61202 -19.3358
    endloop
  endfacet
  facet normal 0.443205 0.880483 -0.168283
    outer loop
      vertex 42.8242 -9.99674 -22.0327
      vertex 40.9044 -8.51493 -19.3358
      vertex 45.0987 -10.6262 -19.3358
    endloop
  endfacet
  facet normal 0.443203 0.880483 -0.168285
    outer loop
      vertex 40.9044 -8.51493 -19.3358
      vertex 42.8242 -9.99674 -22.0327
      vertex 40.7075 -8.93127 -22.0327
    endloop
  endfacet
  facet normal 0.0734988 0.996405 -0.0421258
    outer loop
      vertex 9.49168 1.37061 -8.32015
      vertex 4.75156 1.72026 -8.32015
      vertex 9.5146 1.60333 -2.77561
    endloop
  endfacet
  facet normal 0.170811 0.984403 -0.0421263
    outer loop
      vertex 18.8919 -0.0237904 -8.32015
      vertex 14.2089 0.78879 -8.32015
      vertex 14.2432 1.02011 -2.77561
    endloop
  endfacet
  facet normal 0.024191 0.985441 -0.168286
    outer loop
      vertex 2.30268 0.153376 -22.0327
      vertex 0 0.209903 -22.0327
      vertex 0 0.670459 -19.3358
    endloop
  endfacet
  facet normal -0.024191 0.985441 -0.168286
    outer loop
      vertex 0 0.209903 -22.0327
      vertex -2.30268 0.153376 -22.0327
      vertex 0 0.670459 -19.3358
    endloop
  endfacet
  facet normal -0.170811 0.984403 -0.0421263
    outer loop
      vertex -14.2089 0.78879 -8.32015
      vertex -18.8919 -0.0237904 -8.32015
      vertex -14.2432 1.02011 -2.77561
    endloop
  endfacet
  facet normal -0.0244522 0.996142 0.0842755
    outer loop
      vertex -4.19494 1.27107 13.7939
      vertex -4.72864 1.25368 13.8446
      vertex -4.19619 1.26675 13.8446
    endloop
  endfacet
  facet normal -0.0244552 0.996145 0.0842451
    outer loop
      vertex -4.17978 1.28883 13.5883
      vertex -4.72864 1.25368 13.8446
      vertex -4.19494 1.27107 13.7939
    endloop
  endfacet
  facet normal -0.0244622 0.996146 0.0842303
    outer loop
      vertex -4.15454 1.30675 13.3837
      vertex -4.72864 1.25368 13.8446
      vertex -4.17978 1.28883 13.5883
    endloop
  endfacet
  facet normal -0.0244564 0.996146 0.0842374
    outer loop
      vertex -4.1193 1.32479 13.1806
      vertex -4.72864 1.25368 13.8446
      vertex -4.15454 1.30675 13.3837
    endloop
  endfacet
  facet normal -0.0244898 0.996147 0.084207
    outer loop
      vertex -4.07413 1.3429 12.9795
      vertex -4.72864 1.25368 13.8446
      vertex -4.1193 1.32479 13.1806
    endloop
  endfacet
  facet normal -0.0244719 0.996147 0.0842204
    outer loop
      vertex -4.01915 1.36105 12.7808
      vertex -4.72864 1.25368 13.8446
      vertex -4.07413 1.3429 12.9795
    endloop
  endfacet
  facet normal -0.0243873 0.996144 0.0842766
    outer loop
      vertex -3.95448 1.37919 12.5851
      vertex -4.72864 1.25368 13.8446
      vertex -4.01915 1.36105 12.7808
    endloop
  endfacet
  facet normal -0.0244514 0.996146 0.084232
    outer loop
      vertex -4.75156 1.72026 8.32015
      vertex -3.95448 1.37919 12.5851
      vertex -3.88029 1.39728 12.3927
    endloop
  endfacet
  facet normal -0.0244411 0.996147 0.0842298
    outer loop
      vertex -4.75156 1.72026 8.32015
      vertex -3.88029 1.39728 12.3927
      vertex -3.79675 1.41526 12.2043
    endloop
  endfacet
  facet normal -0.0244475 0.996146 0.0842314
    outer loop
      vertex -4.75156 1.72026 8.32015
      vertex -3.79675 1.41526 12.2043
      vertex -3.70407 1.43311 12.0201
    endloop
  endfacet
  facet normal -0.0244581 0.996146 0.0842332
    outer loop
      vertex -3.95448 1.37919 12.5851
      vertex -4.75156 1.72026 8.32015
      vertex -4.72864 1.25368 13.8446
    endloop
  endfacet
  facet normal -0.0244812 0.996145 0.0842408
    outer loop
      vertex -3.60246 1.45077 11.8408
      vertex -4.75156 1.72026 8.32015
      vertex -3.70407 1.43311 12.0201
    endloop
  endfacet
  facet normal -0.0244692 0.996145 0.0842369
    outer loop
      vertex -3.49217 1.46821 11.6666
      vertex -4.75156 1.72026 8.32015
      vertex -3.60246 1.45077 11.8408
    endloop
  endfacet
  facet normal -0.0244442 0.996147 0.0842276
    outer loop
      vertex -3.37347 1.48537 11.4981
      vertex -4.75156 1.72026 8.32015
      vertex -3.49217 1.46821 11.6666
    endloop
  endfacet
  facet normal -0.024441 0.996147 0.0842262
    outer loop
      vertex -3.24664 1.50223 11.3355
      vertex -4.75156 1.72026 8.32015
      vertex -3.37347 1.48537 11.4981
    endloop
  endfacet
  facet normal -0.0244699 0.996145 0.0842405
    outer loop
      vertex -3.11199 1.51873 11.1795
      vertex -4.75156 1.72026 8.32015
      vertex -3.24664 1.50223 11.3355
    endloop
  endfacet
  facet normal -0.0244376 0.996147 0.0842222
    outer loop
      vertex -2.96985 1.53484 11.0302
      vertex -4.75156 1.72026 8.32015
      vertex -3.11199 1.51873 11.1795
    endloop
  endfacet
  facet normal -0.0244566 0.996146 0.0842346
    outer loop
      vertex -2.82055 1.55053 10.888
      vertex -4.75156 1.72026 8.32015
      vertex -2.96985 1.53484 11.0302
    endloop
  endfacet
  facet normal -0.0244787 0.996144 0.084251
    outer loop
      vertex -2.66445 1.56575 10.7534
      vertex -4.75156 1.72026 8.32015
      vertex -2.82055 1.55053 10.888
    endloop
  endfacet
  facet normal -0.022447 0.996337 0.0825206
    outer loop
      vertex -4.75156 1.72026 8.32015
      vertex -2.66445 1.56575 10.7534
      vertex -2.66106 1.56605 10.7507
    endloop
  endfacet
  facet normal -0.169593 0.977389 -0.126291
    outer loop
      vertex -18.6644 -1.16782 -19.3358
      vertex -18.8008 -0.481955 -13.8446
      vertex -14.0378 -0.365028 -19.3358
    endloop
  endfacet
  facet normal -0.169594 0.977389 -0.126292
    outer loop
      vertex -14.0378 -0.365028 -19.3358
      vertex -18.8008 -0.481955 -13.8446
      vertex -14.1404 0.326705 -13.8446
    endloop
  endfacet
  facet normal -0.218907 0.974836 -0.0421297
    outer loop
      vertex -18.8919 -0.0237904 -8.32015
      vertex -23.5863 -0.838333 -2.77561
      vertex -18.9376 0.205567 -2.77561
    endloop
  endfacet
  facet normal -0.122303 0.991598 -0.0421264
    outer loop
      vertex -14.2089 0.78879 -8.32015
      vertex -14.2432 1.02011 -2.77561
      vertex -9.5146 1.60333 -2.77561
    endloop
  endfacet
  facet normal -0.0735001 0.996405 0.0421269
    outer loop
      vertex -4.76304 1.95383 2.77561
      vertex -9.5146 1.60333 2.77561
      vertex -4.75156 1.72026 8.32015
    endloop
  endfacet
  facet normal 0.0733026 0.993746 -0.0842334
    outer loop
      vertex 9.44589 0.905716 -13.8446
      vertex 4.75156 1.72026 -8.32015
      vertex 9.49168 1.37061 -8.32015
    endloop
  endfacet
  facet normal 0.0243444 0.991694 -0.126292
    outer loop
      vertex 4.72864 1.25368 -13.8446
      vertex 0 0.670459 -19.3358
      vertex 0 1.36976 -13.8446
    endloop
  endfacet
  facet normal -0.0733026 0.993746 0.0842334
    outer loop
      vertex -4.75156 1.72026 8.32015
      vertex -9.49168 1.37061 8.32015
      vertex -9.44589 0.905716 13.8446
    endloop
  endfacet
  facet normal 0.121977 0.988952 0.0842334
    outer loop
      vertex 9.49168 1.37061 8.32015
      vertex 9.44589 0.905716 13.8446
      vertex 14.2089 0.78879 8.32015
    endloop
  endfacet
  facet normal 0.170808 0.984403 0.042129
    outer loop
      vertex 18.9376 0.205567 2.77561
      vertex 14.2432 1.02011 2.77561
      vertex 18.8919 -0.0237904 8.32015
    endloop
  endfacet
  facet normal -0.0725156 0.983067 0.168287
    outer loop
      vertex -4.69433 0.55522 19.3358
      vertex -6.94129 -0.0665993 22
      vertex -4.672 0.100794 22
    endloop
  endfacet
  facet normal -0.0244579 0.991679 0.126391
    outer loop
      vertex -1.2192 0.808205 18.0191
      vertex 0 0.670459 19.3358
      vertex -1.1071 0.807006 18.0502
    endloop
  endfacet
  facet normal -0.024282 0.991704 0.126231
    outer loop
      vertex -1.41494 0.811635 17.9545
      vertex 0 0.670459 19.3358
      vertex -1.2192 0.808205 18.0191
    endloop
  endfacet
  facet normal -0.0243447 0.991694 0.126294
    outer loop
      vertex 0 0.670459 19.3358
      vertex -1.41494 0.811635 17.9545
      vertex -4.69433 0.55522 19.3358
    endloop
  endfacet
  facet normal -0.0243475 0.991695 0.126287
    outer loop
      vertex -1.60727 0.816362 17.8803
      vertex -4.69433 0.55522 19.3358
      vertex -1.41494 0.811635 17.9545
    endloop
  endfacet
  facet normal -0.024332 0.991691 0.126319
    outer loop
      vertex -1.79573 0.822374 17.7968
      vertex -4.69433 0.55522 19.3358
      vertex -1.60727 0.816362 17.8803
    endloop
  endfacet
  facet normal -0.0243511 0.991695 0.126284
    outer loop
      vertex -1.97987 0.829657 17.7041
      vertex -4.69433 0.55522 19.3358
      vertex -1.79573 0.822374 17.7968
    endloop
  endfacet
  facet normal -0.0243417 0.991693 0.126299
    outer loop
      vertex -2.15923 0.838194 17.6025
      vertex -4.69433 0.55522 19.3358
      vertex -1.97987 0.829657 17.7041
    endloop
  endfacet
  facet normal -0.0243496 0.991695 0.126288
    outer loop
      vertex -2.33339 0.847964 17.4922
      vertex -4.69433 0.55522 19.3358
      vertex -2.15923 0.838194 17.6025
    endloop
  endfacet
  facet normal -0.0243448 0.991694 0.126294
    outer loop
      vertex -2.50194 0.858943 17.3735
      vertex -4.69433 0.55522 19.3358
      vertex -2.33339 0.847964 17.4922
    endloop
  endfacet
  facet normal -0.0243727 0.991697 0.126263
    outer loop
      vertex -2.66445 0.871106 17.2466
      vertex -4.69433 0.55522 19.3358
      vertex -2.50194 0.858943 17.3735
    endloop
  endfacet
  facet normal -0.0243239 0.991693 0.12631
    outer loop
      vertex -2.82055 0.884421 17.112
      vertex -4.69433 0.55522 19.3358
      vertex -2.66445 0.871106 17.2466
    endloop
  endfacet
  facet normal -0.0243674 0.991696 0.126274
    outer loop
      vertex -2.96985 0.898859 16.9698
      vertex -4.69433 0.55522 19.3358
      vertex -2.82055 0.884421 17.112
    endloop
  endfacet
  facet normal -0.0243436 0.991694 0.126291
    outer loop
      vertex -3.11199 0.914383 16.8205
      vertex -4.69433 0.55522 19.3358
      vertex -2.96985 0.898859 16.9698
    endloop
  endfacet
  facet normal -0.0242928 0.991692 0.126323
    outer loop
      vertex -3.24664 0.930956 16.6645
      vertex -4.69433 0.55522 19.3358
      vertex -3.11199 0.914383 16.8205
    endloop
  endfacet
  facet normal -0.0243957 0.991696 0.126268
    outer loop
      vertex -3.37347 0.948539 16.5019
      vertex -4.69433 0.55522 19.3358
      vertex -3.24664 0.930956 16.6645
    endloop
  endfacet
  facet normal -0.0243113 0.991693 0.126307
    outer loop
      vertex -3.49217 0.96709 16.3334
      vertex -4.69433 0.55522 19.3358
      vertex -3.37347 0.948539 16.5019
    endloop
  endfacet
  facet normal -0.0243727 0.991695 0.126282
    outer loop
      vertex -3.60246 0.986562 16.1592
      vertex -4.69433 0.55522 19.3358
      vertex -3.49217 0.96709 16.3334
    endloop
  endfacet
  facet normal -0.0242922 0.991693 0.12631
    outer loop
      vertex -3.70407 1.00691 15.9799
      vertex -4.69433 0.55522 19.3358
      vertex -3.60246 0.986562 16.1592
    endloop
  endfacet
  facet normal -0.0244329 0.991695 0.126268
    outer loop
      vertex -3.79675 1.02808 15.7957
      vertex -4.69433 0.55522 19.3358
      vertex -3.70407 1.00691 15.9799
    endloop
  endfacet
  facet normal -0.0242815 0.991694 0.126307
    outer loop
      vertex -3.88029 1.05003 15.6073
      vertex -4.69433 0.55522 19.3358
      vertex -3.79675 1.02808 15.7957
    endloop
  endfacet
  facet normal -0.0243531 0.991694 0.126291
    outer loop
      vertex -3.95448 1.07271 15.4149
      vertex -4.69433 0.55522 19.3358
      vertex -3.88029 1.05003 15.6073
    endloop
  endfacet
  facet normal -0.0242948 0.991694 0.126302
    outer loop
      vertex -4.01915 1.09605 15.2192
      vertex -4.69433 0.55522 19.3358
      vertex -3.95448 1.07271 15.4149
    endloop
  endfacet
  facet normal -0.0242707 0.991702 0.126249
    outer loop
      vertex -4.72864 1.25368 13.8446
      vertex -4.01915 1.09605 15.2192
      vertex -4.07413 1.12 15.0205
    endloop
  endfacet
  facet normal -0.0244838 0.991682 0.126365
    outer loop
      vertex -4.72864 1.25368 13.8446
      vertex -4.07413 1.12 15.0205
      vertex -4.1193 1.14451 14.8194
    endloop
  endfacet
  facet normal -0.0243758 0.991693 0.126299
    outer loop
      vertex -4.72864 1.25368 13.8446
      vertex -4.1193 1.14451 14.8194
      vertex -4.15454 1.16951 14.6163
    endloop
  endfacet
  facet normal -0.0243781 0.991692 0.126301
    outer loop
      vertex -4.72864 1.25368 13.8446
      vertex -4.15454 1.16951 14.6163
      vertex -4.16965 1.18474 14.4938
    endloop
  endfacet
  facet normal -0.0243557 0.991694 0.126292
    outer loop
      vertex -4.01915 1.09605 15.2192
      vertex -4.72864 1.25368 13.8446
      vertex -4.69433 0.55522 19.3358
    endloop
  endfacet
  facet normal 0.218323 0.972235 0.0842315
    outer loop
      vertex 18.8919 -0.0237904 8.32015
      vertex 18.8008 -0.481955 13.8446
      vertex 23.5294 -1.06518 8.32015
    endloop
  endfacet
  facet normal 0.121975 0.988952 0.084232
    outer loop
      vertex 14.2089 0.78879 8.32015
      vertex 9.44589 0.905716 13.8446
      vertex 14.1404 0.326705 13.8446
    endloop
  endfacet
  facet normal 0.0733026 0.993746 0.0842334
    outer loop
      vertex 9.49168 1.37061 8.32015
      vertex 4.75156 1.72026 8.32015
      vertex 9.44589 0.905716 13.8446
    endloop
  endfacet
  facet normal -0.0245185 0.998811 -0.0421283
    outer loop
      vertex 0 1.8369 -8.32015
      vertex -4.75156 1.72026 -8.32015
      vertex 0 2.07076 -2.77561
    endloop
  endfacet
  facet normal -0.0245203 0.998811 -0.0421268
    outer loop
      vertex -4.75156 1.72026 -8.32015
      vertex -4.76304 1.95383 -2.77561
      vertex 0 2.07076 -2.77561
    endloop
  endfacet
  facet normal 0.311173 0.941925 0.126292
    outer loop
      vertex 27.9747 -2.77989 13.8446
      vertex 27.7717 -3.44908 19.3358
      vertex 32.2304 -4.92205 19.3358
    endloop
  endfacet
  facet normal 0.262906 0.950031 0.168289
    outer loop
      vertex 27.7717 -3.44908 19.3358
      vertex 25.3285 -3.2449 22
      vertex 27.6396 -3.88446 22
    endloop
  endfacet
  facet normal 0.262907 0.950031 0.168289
    outer loop
      vertex 25.3285 -3.2449 22
      vertex 27.7717 -3.44908 19.3358
      vertex 23.246 -2.19666 19.3358
    endloop
  endfacet
  facet normal 0.218907 0.974836 0.0421297
    outer loop
      vertex 18.9376 0.205567 2.77561
      vertex 18.8919 -0.0237904 8.32015
      vertex 23.5863 -0.838333 2.77561
    endloop
  endfacet
  facet normal 0.170808 0.984403 -0.042129
    outer loop
      vertex 18.8919 -0.0237904 -8.32015
      vertex 14.2432 1.02011 -2.77561
      vertex 18.9376 0.205567 -2.77561
    endloop
  endfacet
  facet normal 0.218908 0.974836 0.0421305
    outer loop
      vertex 23.5863 -0.838333 2.77561
      vertex 18.8919 -0.0237904 8.32015
      vertex 23.5294 -1.06518 8.32015
    endloop
  endfacet
  facet normal 0.169594 0.977389 0.126292
    outer loop
      vertex 14.1404 0.326705 13.8446
      vertex 14.0378 -0.365028 19.3358
      vertex 18.8008 -0.481955 13.8446
    endloop
  endfacet
  facet normal 0.170355 0.981776 -0.0842318
    outer loop
      vertex 18.8008 -0.481955 -13.8446
      vertex 14.2089 0.78879 -8.32015
      vertex 18.8919 -0.0237904 -8.32015
    endloop
  endfacet
  facet normal 0.405243 0.914209 -0
    outer loop
      vertex 41.5031 -7.24908 -2.77561
      vertex 37.1474 -5.31832 2.77561
      vertex 41.5031 -7.24908 2.77561
    endloop
  endfacet
  facet normal 0.405243 0.914209 0
    outer loop
      vertex 37.1474 -5.31832 2.77561
      vertex 41.5031 -7.24908 -2.77561
      vertex 37.1474 -5.31832 -2.77561
    endloop
  endfacet
  facet normal 0.312568 0.946153 0.0842334
    outer loop
      vertex 28.1103 -2.33286 8.32015
      vertex 27.9747 -2.77989 13.8446
      vertex 32.6234 -3.82379 8.32015
    endloop
  endfacet
  facet normal 0.448013 0.89005 -0.0842306
    outer loop
      vertex 45.6486 -9.59748 -8.32015
      vertex 41.2034 -7.88277 -13.8446
      vertex 41.4031 -7.46048 -8.32015
    endloop
  endfacet
  facet normal 0.404884 0.913397 -0.042128
    outer loop
      vertex 41.4031 -7.46048 -8.32015
      vertex 37.0579 -5.53437 -8.32015
      vertex 41.5031 -7.24908 -2.77561
    endloop
  endfacet
  facet normal 0.492442 0.869325 -0.0421279
    outer loop
      vertex 48 -10.8104 -5.86266
      vertex 45.7588 -9.39124 -2.77561
      vertex 48 -10.6608 -2.77561
    endloop
  endfacet
  facet normal 0.492879 0.870098 -0
    outer loop
      vertex 48 -10.6608 -2.77561
      vertex 45.7588 -9.39124 2.77561
      vertex 48 -10.6608 2.77561
    endloop
  endfacet
  facet normal 0.492879 0.870098 0
    outer loop
      vertex 45.7588 -9.39124 2.77561
      vertex 48 -10.6608 -2.77561
      vertex 45.7588 -9.39124 -2.77561
    endloop
  endfacet
  facet normal 0.488937 0.863129 -0.126294
    outer loop
      vertex 48 -12.2697 -19.3358
      vertex 45.0987 -10.6262 -19.3358
      vertex 48 -11.7453 -15.7519
    endloop
  endfacet
  facet normal 0.402777 0.906638 0.125608
    outer loop
      vertex 40.9044 -8.51493 19.3358
      vertex 39.7957 -7.80917 17.7968
      vertex 39.781 -7.80354 17.8033
    endloop
  endfacet
  facet normal 0.401897 0.906923 0.126372
    outer loop
      vertex 40.9044 -8.51493 19.3358
      vertex 39.9799 -7.87788 17.7041
      vertex 39.7957 -7.80917 17.7968
    endloop
  endfacet
  facet normal 0.402101 0.906852 0.126229
    outer loop
      vertex 40.9044 -8.51493 19.3358
      vertex 40.1592 -7.94324 17.6025
      vertex 39.9799 -7.87788 17.7041
    endloop
  endfacet
  facet normal 0.401933 0.906914 0.126321
    outer loop
      vertex 40.9044 -8.51493 19.3358
      vertex 40.3334 -8.00508 17.4922
      vertex 40.1592 -7.94324 17.6025
    endloop
  endfacet
  facet normal 0.40207 0.906861 0.126265
    outer loop
      vertex 40.9044 -8.51493 19.3358
      vertex 40.5019 -8.06326 17.3735
      vertex 40.3334 -8.00508 17.4922
    endloop
  endfacet
  facet normal 0.401897 0.906931 0.126316
    outer loop
      vertex 40.9044 -8.51493 19.3358
      vertex 40.6645 -8.11764 17.2466
      vertex 40.5019 -8.06326 17.3735
    endloop
  endfacet
  facet normal 0.402152 0.906824 0.126267
    outer loop
      vertex 40.9044 -8.51493 19.3358
      vertex 40.8205 -8.16808 17.112
      vertex 40.6645 -8.11764 17.2466
    endloop
  endfacet
  facet normal 0.402002 0.906889 0.126282
    outer loop
      vertex 40.9044 -8.51493 19.3358
      vertex 40.9698 -8.21446 16.9698
      vertex 40.8205 -8.16808 17.112
    endloop
  endfacet
  facet normal 0.401357 0.907172 0.1263
    outer loop
      vertex 40.9698 -8.21446 16.9698
      vertex 40.9044 -8.51493 19.3358
      vertex 41.0371 -8.23442 16.8993
    endloop
  endfacet
  facet normal 0.34498 0.931542 0.114972
    outer loop
      vertex 34.6265 -5.45964 16.5019
      vertex 32.2304 -4.92205 19.3358
      vertex 34.628 -5.46043 16.5038
    endloop
  endfacet
  facet normal 0.357044 0.925507 0.126317
    outer loop
      vertex 34.5078 -5.39085 16.3334
      vertex 32.2304 -4.92205 19.3358
      vertex 34.6265 -5.45964 16.5019
    endloop
  endfacet
  facet normal 0.356989 0.925535 0.126271
    outer loop
      vertex 34.3975 -5.32454 16.1592
      vertex 32.2304 -4.92205 19.3358
      vertex 34.5078 -5.39085 16.3334
    endloop
  endfacet
  facet normal 0.357058 0.925501 0.126322
    outer loop
      vertex 34.2959 -5.26087 15.9799
      vertex 32.2304 -4.92205 19.3358
      vertex 34.3975 -5.32454 16.1592
    endloop
  endfacet
  facet normal 0.356962 0.925547 0.126259
    outer loop
      vertex 34.2032 -5.19999 15.7957
      vertex 32.2304 -4.92205 19.3358
      vertex 34.2959 -5.26087 15.9799
    endloop
  endfacet
  facet normal 0.357109 0.925478 0.126346
    outer loop
      vertex 34.1197 -5.14205 15.6073
      vertex 32.2304 -4.92205 19.3358
      vertex 34.2032 -5.19999 15.7957
    endloop
  endfacet
  facet normal 0.356937 0.925557 0.126254
    outer loop
      vertex 34.0455 -5.08719 15.4149
      vertex 32.2304 -4.92205 19.3358
      vertex 34.1197 -5.14205 15.6073
    endloop
  endfacet
  facet normal 0.356788 0.925574 0.126554
    outer loop
      vertex 32.466 -4.26362 13.8446
      vertex 34.0455 -5.08719 15.4149
      vertex 33.9809 -5.03553 15.2192
    endloop
  endfacet
  facet normal 0.357046 0.925517 0.126238
    outer loop
      vertex 32.466 -4.26362 13.8446
      vertex 33.9809 -5.03553 15.2192
      vertex 33.9259 -4.98721 15.0205
    endloop
  endfacet
  facet normal 0.357033 0.92552 0.126257
    outer loop
      vertex 32.466 -4.26362 13.8446
      vertex 33.9259 -4.98721 15.0205
      vertex 33.8807 -4.94234 14.8194
    endloop
  endfacet
  facet normal 0.35695 0.925534 0.126387
    outer loop
      vertex 32.466 -4.26362 13.8446
      vertex 33.8807 -4.94234 14.8194
      vertex 33.8455 -4.90103 14.6163
    endloop
  endfacet
  facet normal 0.357071 0.925519 0.126158
    outer loop
      vertex 32.466 -4.26362 13.8446
      vertex 33.8455 -4.90103 14.6163
      vertex 33.8202 -4.86338 14.4117
    endloop
  endfacet
  facet normal 0.356977 0.925524 0.126386
    outer loop
      vertex 32.466 -4.26362 13.8446
      vertex 33.8202 -4.86338 14.4117
      vertex 33.8051 -4.82948 14.2061
    endloop
  endfacet
  facet normal 0.357017 0.925527 0.126245
    outer loop
      vertex 32.466 -4.26362 13.8446
      vertex 33.8051 -4.82948 14.2061
      vertex 33.8 -4.7994 14
    endloop
  endfacet
  facet normal 0.357018 0.925528 0.126238
    outer loop
      vertex 32.466 -4.26362 13.8446
      vertex 33.8 -4.7994 14
      vertex 33.8038 -4.77967 13.8446
    endloop
  endfacet
  facet normal 0.357019 0.92552 0.126294
    outer loop
      vertex 34.0455 -5.08719 15.4149
      vertex 32.466 -4.26362 13.8446
      vertex 32.2304 -4.92205 19.3358
    endloop
  endfacet
  facet normal 0.312568 0.946153 0.0842337
    outer loop
      vertex 32.6234 -3.82379 8.32015
      vertex 27.9747 -2.77989 13.8446
      vertex 32.466 -4.26362 13.8446
    endloop
  endfacet
  facet normal 0.354758 0.919688 0.168285
    outer loop
      vertex 36.6115 -6.61202 19.3358
      vertex 34.2001 -6.16935 22
      vertex 36.4374 -7.03236 22
    endloop
  endfacet
  facet normal 0.354761 0.919687 0.168288
    outer loop
      vertex 34.2001 -6.16935 22
      vertex 36.6115 -6.61202 19.3358
      vertex 32.2304 -4.92205 19.3358
    endloop
  endfacet
  facet normal -0.169594 0.977389 0.126292
    outer loop
      vertex -14.1404 0.326705 13.8446
      vertex -18.8008 -0.481955 13.8446
      vertex -14.0378 -0.365028 19.3358
    endloop
  endfacet
  facet normal -0.168521 0.971226 0.16829
    outer loop
      vertex -14.0378 -0.365028 19.3358
      vertex -16.3337 -1.22504 22
      vertex -13.971 -0.815078 22
    endloop
  endfacet
  facet normal -0.168524 0.971226 0.168288
    outer loop
      vertex -16.3337 -1.22504 22
      vertex -14.0378 -0.365028 19.3358
      vertex -18.6644 -1.16782 19.3358
    endloop
  endfacet
  facet normal -0.262915 0.95003 0.168283
    outer loop
      vertex -23.246 -2.19666 19.3358
      vertex -25.3285 -3.2449 22
      vertex -23.1355 -2.638 22
    endloop
  endfacet
  facet normal -0.309213 0.935984 0.168289
    outer loop
      vertex -27.7717 -3.44908 19.3358
      vertex -29.9165 -4.63666 22
      vertex -27.6396 -3.88446 22
    endloop
  endfacet
  facet normal -0.309211 0.935984 0.168291
    outer loop
      vertex -29.9165 -4.63666 22
      vertex -27.7717 -3.44908 19.3358
      vertex -32.2304 -4.92205 19.3358
    endloop
  endfacet
  facet normal -0.34498 0.931542 0.114972
    outer loop
      vertex -32.2304 -4.92205 19.3358
      vertex -34.6265 -5.45964 16.5019
      vertex -34.628 -5.46043 16.5038
    endloop
  endfacet
  facet normal -0.357044 0.925507 0.126317
    outer loop
      vertex -32.2304 -4.92205 19.3358
      vertex -34.5078 -5.39085 16.3334
      vertex -34.6265 -5.45964 16.5019
    endloop
  endfacet
  facet normal -0.356989 0.925535 0.126271
    outer loop
      vertex -32.2304 -4.92205 19.3358
      vertex -34.3975 -5.32454 16.1592
      vertex -34.5078 -5.39085 16.3334
    endloop
  endfacet
  facet normal -0.357058 0.925501 0.126322
    outer loop
      vertex -32.2304 -4.92205 19.3358
      vertex -34.2959 -5.26087 15.9799
      vertex -34.3975 -5.32454 16.1592
    endloop
  endfacet
  facet normal -0.356962 0.925547 0.126259
    outer loop
      vertex -32.2304 -4.92205 19.3358
      vertex -34.2032 -5.19999 15.7957
      vertex -34.2959 -5.26087 15.9799
    endloop
  endfacet
  facet normal -0.357109 0.925478 0.126346
    outer loop
      vertex -32.2304 -4.92205 19.3358
      vertex -34.1197 -5.14205 15.6073
      vertex -34.2032 -5.19999 15.7957
    endloop
  endfacet
  facet normal -0.356937 0.925557 0.126254
    outer loop
      vertex -32.2304 -4.92205 19.3358
      vertex -34.0455 -5.08719 15.4149
      vertex -34.1197 -5.14205 15.6073
    endloop
  endfacet
  facet normal -0.357019 0.92552 0.126294
    outer loop
      vertex -32.466 -4.26362 13.8446
      vertex -34.0455 -5.08719 15.4149
      vertex -32.2304 -4.92205 19.3358
    endloop
  endfacet
  facet normal -0.356788 0.925574 0.126554
    outer loop
      vertex -34.0455 -5.08719 15.4149
      vertex -32.466 -4.26362 13.8446
      vertex -33.9809 -5.03553 15.2192
    endloop
  endfacet
  facet normal -0.357046 0.925517 0.126238
    outer loop
      vertex -33.9809 -5.03553 15.2192
      vertex -32.466 -4.26362 13.8446
      vertex -33.9259 -4.98721 15.0205
    endloop
  endfacet
  facet normal -0.357033 0.92552 0.126257
    outer loop
      vertex -33.9259 -4.98721 15.0205
      vertex -32.466 -4.26362 13.8446
      vertex -33.8807 -4.94234 14.8194
    endloop
  endfacet
  facet normal -0.35695 0.925534 0.126387
    outer loop
      vertex -33.8807 -4.94234 14.8194
      vertex -32.466 -4.26362 13.8446
      vertex -33.8455 -4.90103 14.6163
    endloop
  endfacet
  facet normal -0.357071 0.925519 0.126158
    outer loop
      vertex -33.8455 -4.90103 14.6163
      vertex -32.466 -4.26362 13.8446
      vertex -33.8202 -4.86338 14.4117
    endloop
  endfacet
  facet normal -0.356977 0.925524 0.126386
    outer loop
      vertex -33.8202 -4.86338 14.4117
      vertex -32.466 -4.26362 13.8446
      vertex -33.8051 -4.82948 14.2061
    endloop
  endfacet
  facet normal -0.357017 0.925527 0.126245
    outer loop
      vertex -33.8051 -4.82948 14.2061
      vertex -32.466 -4.26362 13.8446
      vertex -33.8 -4.7994 14
    endloop
  endfacet
  facet normal -0.357018 0.925528 0.126238
    outer loop
      vertex -33.8 -4.7994 14
      vertex -32.466 -4.26362 13.8446
      vertex -33.8038 -4.77967 13.8446
    endloop
  endfacet
  facet normal -0.311173 0.941925 0.126292
    outer loop
      vertex -27.9747 -2.77989 13.8446
      vertex -32.2304 -4.92205 19.3358
      vertex -27.7717 -3.44908 19.3358
    endloop
  endfacet
  facet normal -0.218323 0.972235 0.0842315
    outer loop
      vertex -18.8919 -0.0237904 8.32015
      vertex -23.5294 -1.06518 8.32015
      vertex -18.8008 -0.481955 13.8446
    endloop
  endfacet
  facet normal -0.218908 0.974836 0.0421305
    outer loop
      vertex -18.8919 -0.0237904 8.32015
      vertex -23.5863 -0.838333 2.77561
      vertex -23.5294 -1.06518 8.32015
    endloop
  endfacet
  facet normal -0.403669 0.911008 0.0843524
    outer loop
      vertex -37.0579 -5.53437 8.32015
      vertex -38.2061 -6.18063 9.80506
      vertex -38.1715 -6.16522 9.80421
    endloop
  endfacet
  facet normal -0.40381 0.910958 0.0842216
    outer loop
      vertex -37.0579 -5.53437 8.32015
      vertex -38.4117 -6.27317 9.82022
      vertex -38.2061 -6.18063 9.80506
    endloop
  endfacet
  facet normal -0.403772 0.910971 0.084262
    outer loop
      vertex -37.0579 -5.53437 8.32015
      vertex -38.6163 -6.36619 9.84546
      vertex -38.4117 -6.27317 9.82022
    endloop
  endfacet
  facet normal -0.403819 0.910955 0.0842055
    outer loop
      vertex -37.0579 -5.53437 8.32015
      vertex -38.8194 -6.45948 9.8807
      vertex -38.6163 -6.36619 9.84546
    endloop
  endfacet
  facet normal -0.403804 0.91096 0.0842251
    outer loop
      vertex -41.4031 -7.46048 8.32015
      vertex -38.8194 -6.45948 9.8807
      vertex -37.0579 -5.53437 8.32015
    endloop
  endfacet
  facet normal -0.403859 0.910925 0.0843393
    outer loop
      vertex -38.8194 -6.45948 9.8807
      vertex -41.4031 -7.46048 8.32015
      vertex -39.0205 -6.55282 9.92587
    endloop
  endfacet
  facet normal -0.403772 0.910979 0.0841792
    outer loop
      vertex -39.0205 -6.55282 9.92587
      vertex -41.4031 -7.46048 8.32015
      vertex -39.2192 -6.64597 9.98085
    endloop
  endfacet
  facet normal -0.403865 0.910924 0.0843283
    outer loop
      vertex -39.2192 -6.64597 9.98085
      vertex -41.4031 -7.46048 8.32015
      vertex -39.4149 -6.73872 10.0455
    endloop
  endfacet
  facet normal -0.403705 0.911015 0.0841063
    outer loop
      vertex -39.4149 -6.73872 10.0455
      vertex -41.4031 -7.46048 8.32015
      vertex -39.6073 -6.83083 10.1197
    endloop
  endfacet
  facet normal -0.403877 0.91092 0.0843114
    outer loop
      vertex -39.6073 -6.83083 10.1197
      vertex -41.4031 -7.46048 8.32015
      vertex -39.7957 -6.92209 10.2032
    endloop
  endfacet
  facet normal -0.40374 0.910994 0.0841726
    outer loop
      vertex -39.7957 -6.92209 10.2032
      vertex -41.4031 -7.46048 8.32015
      vertex -39.9799 -7.01229 10.2959
    endloop
  endfacet
  facet normal -0.403884 0.910918 0.0842937
    outer loop
      vertex -39.9799 -7.01229 10.2959
      vertex -41.4031 -7.46048 8.32015
      vertex -40.1592 -7.10119 10.3975
    endloop
  endfacet
  facet normal -0.403231 0.911214 0.0842252
    outer loop
      vertex -41.2466 -7.66994 11.3355
      vertex -41.4031 -7.46048 8.32015
      vertex -41.292 -7.69541 11.3937
    endloop
  endfacet
  facet normal -0.403964 0.910888 0.0842406
    outer loop
      vertex -41.112 -7.59582 11.1795
      vertex -41.4031 -7.46048 8.32015
      vertex -41.2466 -7.66994 11.3355
    endloop
  endfacet
  facet normal -0.403718 0.910999 0.0842209
    outer loop
      vertex -40.9698 -7.519 11.0302
      vertex -41.4031 -7.46048 8.32015
      vertex -41.112 -7.59582 11.1795
    endloop
  endfacet
  facet normal -0.403762 0.910979 0.0842274
    outer loop
      vertex -40.8205 -7.43968 10.888
      vertex -41.4031 -7.46048 8.32015
      vertex -40.9698 -7.519 11.0302
    endloop
  endfacet
  facet normal -0.403977 0.910879 0.084277
    outer loop
      vertex -40.6645 -7.35804 10.7534
      vertex -41.4031 -7.46048 8.32015
      vertex -40.8205 -7.43968 10.888
    endloop
  endfacet
  facet normal -0.40366 0.911029 0.0841745
    outer loop
      vertex -40.5019 -7.27427 10.6265
      vertex -41.4031 -7.46048 8.32015
      vertex -40.6645 -7.35804 10.7534
    endloop
  endfacet
  facet normal -0.403847 0.910938 0.0842547
    outer loop
      vertex -40.3334 -7.18859 10.5078
      vertex -41.4031 -7.46048 8.32015
      vertex -40.5019 -7.27427 10.6265
    endloop
  endfacet
  facet normal -0.403748 0.910987 0.0842005
    outer loop
      vertex -40.1592 -7.10119 10.3975
      vertex -41.4031 -7.46048 8.32015
      vertex -40.3334 -7.18859 10.5078
    endloop
  endfacet
  facet normal -0.449615 0.893223 0
    outer loop
      vertex -41.5031 -7.24908 -2.77561
      vertex -45.7588 -9.39124 2.77561
      vertex -41.5031 -7.24908 2.77561
    endloop
  endfacet
  facet normal -0.449615 0.893223 0
    outer loop
      vertex -45.7588 -9.39124 2.77561
      vertex -41.5031 -7.24908 -2.77561
      vertex -45.7588 -9.39124 -2.77561
    endloop
  endfacet
  facet normal -0.358618 0.929676 -0.0842339
    outer loop
      vertex -32.466 -4.26362 -13.8446
      vertex -36.8791 -5.96595 -13.8446
      vertex -32.6234 -3.82379 -8.32015
    endloop
  endfacet
  facet normal -0.358617 0.929677 -0.0842347
    outer loop
      vertex -36.8791 -5.96595 -13.8446
      vertex -37.0579 -5.53437 -8.32015
      vertex -32.6234 -3.82379 -8.32015
    endloop
  endfacet
  facet normal -0.359896 0.932992 0
    outer loop
      vertex -32.7022 -3.60361 -2.77561
      vertex -37.1474 -5.31832 2.77561
      vertex -32.7022 -3.60361 2.77561
    endloop
  endfacet
  facet normal -0.359896 0.932992 0
    outer loop
      vertex -37.1474 -5.31832 2.77561
      vertex -32.7022 -3.60361 -2.77561
      vertex -37.1474 -5.31832 -2.77561
    endloop
  endfacet
  facet normal -0.402005 0.906884 0.126304
    outer loop
      vertex -38.2061 -7.15998 18.1949
      vertex -36.6115 -6.61202 19.3358
      vertex -38 -7.06933 18.2
    endloop
  endfacet
  facet normal -0.401937 0.906929 0.126203
    outer loop
      vertex -36.6115 -6.61202 19.3358
      vertex -37.7939 -6.97728 18.1949
      vertex -38 -7.06933 18.2
    endloop
  endfacet
  facet normal -0.402033 0.906869 0.126322
    outer loop
      vertex -36.6115 -6.61202 19.3358
      vertex -37.5883 -6.88403 18.1798
      vertex -37.7939 -6.97728 18.1949
    endloop
  endfacet
  facet normal -0.401946 0.90692 0.126236
    outer loop
      vertex -36.6115 -6.61202 19.3358
      vertex -37.3837 -6.78983 18.1545
      vertex -37.5883 -6.88403 18.1798
    endloop
  endfacet
  facet normal -0.402032 0.906873 0.1263
    outer loop
      vertex -36.6115 -6.61202 19.3358
      vertex -37.1806 -6.69489 18.1193
      vertex -37.3837 -6.78983 18.1545
    endloop
  endfacet
  facet normal -0.402045 0.906866 0.126307
    outer loop
      vertex -36.6115 -6.61202 19.3358
      vertex -36.9795 -6.59944 18.0741
      vertex -37.1806 -6.69489 18.1193
    endloop
  endfacet
  facet normal -0.401973 0.906901 0.126286
    outer loop
      vertex -36.6115 -6.61202 19.3358
      vertex -36.7808 -6.50371 18.0191
      vertex -36.9795 -6.59944 18.0741
    endloop
  endfacet
  facet normal -0.401948 0.906912 0.126284
    outer loop
      vertex -36.7808 -6.50371 18.0191
      vertex -36.6115 -6.61202 19.3358
      vertex -36.6773 -6.45309 17.985
    endloop
  endfacet
  facet normal -0.401946 0.906925 0.126203
    outer loop
      vertex -38.4117 -7.249 18.1798
      vertex -36.6115 -6.61202 19.3358
      vertex -38.2061 -7.15998 18.1949
    endloop
  endfacet
  facet normal -0.401996 0.906889 0.1263
    outer loop
      vertex -36.6115 -6.61202 19.3358
      vertex -38.4117 -7.249 18.1798
      vertex -40.9044 -8.51493 19.3358
    endloop
  endfacet
  facet normal -0.401998 0.906889 0.126295
    outer loop
      vertex -38.6163 -7.33617 18.1545
      vertex -40.9044 -8.51493 19.3358
      vertex -38.4117 -7.249 18.1798
    endloop
  endfacet
  facet normal -0.402009 0.906887 0.126272
    outer loop
      vertex -38.8194 -7.4213 18.1193
      vertex -40.9044 -8.51493 19.3358
      vertex -38.6163 -7.33617 18.1545
    endloop
  endfacet
  facet normal -0.402066 0.906877 0.126165
    outer loop
      vertex -39.0205 -7.50417 18.0741
      vertex -40.9044 -8.51493 19.3358
      vertex -38.8194 -7.4213 18.1193
    endloop
  endfacet
  facet normal -0.40197 0.906897 0.126325
    outer loop
      vertex -39.2192 -7.58458 18.0191
      vertex -40.9044 -8.51493 19.3358
      vertex -39.0205 -7.50417 18.0741
    endloop
  endfacet
  facet normal -0.40202 0.906885 0.126252
    outer loop
      vertex -39.4149 -7.66234 17.9545
      vertex -40.9044 -8.51493 19.3358
      vertex -39.2192 -7.58458 18.0191
    endloop
  endfacet
  facet normal -0.401899 0.906918 0.126403
    outer loop
      vertex -39.6073 -7.73726 17.8803
      vertex -40.9044 -8.51493 19.3358
      vertex -39.4149 -7.66234 17.9545
    endloop
  endfacet
  facet normal -0.402022 0.906881 0.126274
    outer loop
      vertex -40.9044 -8.51493 19.3358
      vertex -39.6073 -7.73726 17.8803
      vertex -39.781 -7.80354 17.8033
    endloop
  endfacet
  facet normal -0.402777 0.906638 0.125608
    outer loop
      vertex -39.7957 -7.80917 17.7968
      vertex -40.9044 -8.51493 19.3358
      vertex -39.781 -7.80354 17.8033
    endloop
  endfacet
  facet normal -0.401897 0.906923 0.126372
    outer loop
      vertex -39.9799 -7.87788 17.7041
      vertex -40.9044 -8.51493 19.3358
      vertex -39.7957 -7.80917 17.7968
    endloop
  endfacet
  facet normal -0.402101 0.906852 0.126229
    outer loop
      vertex -40.1592 -7.94324 17.6025
      vertex -40.9044 -8.51493 19.3358
      vertex -39.9799 -7.87788 17.7041
    endloop
  endfacet
  facet normal -0.401933 0.906914 0.126321
    outer loop
      vertex -40.3334 -8.00508 17.4922
      vertex -40.9044 -8.51493 19.3358
      vertex -40.1592 -7.94324 17.6025
    endloop
  endfacet
  facet normal -0.40207 0.906861 0.126265
    outer loop
      vertex -40.5019 -8.06326 17.3735
      vertex -40.9044 -8.51493 19.3358
      vertex -40.3334 -8.00508 17.4922
    endloop
  endfacet
  facet normal -0.401897 0.906931 0.126316
    outer loop
      vertex -40.6645 -8.11764 17.2466
      vertex -40.9044 -8.51493 19.3358
      vertex -40.5019 -8.06326 17.3735
    endloop
  endfacet
  facet normal -0.402152 0.906824 0.126267
    outer loop
      vertex -40.8205 -8.16808 17.112
      vertex -40.9044 -8.51493 19.3358
      vertex -40.6645 -8.11764 17.2466
    endloop
  endfacet
  facet normal -0.402002 0.906889 0.126282
    outer loop
      vertex -40.9698 -8.21446 16.9698
      vertex -40.9044 -8.51493 19.3358
      vertex -40.8205 -8.16808 17.112
    endloop
  endfacet
  facet normal -0.401357 0.907172 0.1263
    outer loop
      vertex -40.9044 -8.51493 19.3358
      vertex -40.9698 -8.21446 16.9698
      vertex -41.0371 -8.23442 16.8993
    endloop
  endfacet
  facet normal -0.485908 0.857689 0.168114
    outer loop
      vertex -45.0987 -10.6262 19.3358
      vertex -45.6568 -11.0053 19.6568
      vertex -45.4451 -10.9249 19.8585
    endloop
  endfacet
  facet normal -0.485815 0.857706 0.168296
    outer loop
      vertex -45.6568 -11.0053 19.6568
      vertex -45.0987 -10.6262 19.3358
      vertex -45.9276 -11.1029 19.3725
    endloop
  endfacet
  facet normal -0.486081 0.857995 0.166044
    outer loop
      vertex -45.9276 -11.1029 19.3725
      vertex -45.0987 -10.6262 19.3358
      vertex -45.9592 -11.1137 19.3358
    endloop
  endfacet
  facet normal -0.401996 0.90689 -0.126291
    outer loop
      vertex -36.6115 -6.61202 -19.3358
      vertex -40.9044 -8.51493 -19.3358
      vertex -36.8791 -5.96595 -13.8446
    endloop
  endfacet
  facet normal -0.357012 0.925523 -0.126291
    outer loop
      vertex -36.6115 -6.61202 -19.3358
      vertex -36.8791 -5.96595 -13.8446
      vertex -32.2304 -4.92205 -19.3358
    endloop
  endfacet
  facet normal -0.359577 0.932164 -0.0421277
    outer loop
      vertex -32.6234 -3.82379 -8.32015
      vertex -37.1474 -5.31832 -2.77561
      vertex -32.7022 -3.60361 -2.77561
    endloop
  endfacet
  facet normal -0.313404 0.948685 -0.0421275
    outer loop
      vertex -32.6234 -3.82379 -8.32015
      vertex -32.7022 -3.60361 -2.77561
      vertex -28.1782 -2.10908 -2.77561
    endloop
  endfacet
  facet normal -0.485854 0.857686 -0.168287
    outer loop
      vertex -46.8858 -12.1677 -22.0327
      vertex -48 -12.2697 -19.3358
      vertex -45.0987 -10.6262 -19.3358
    endloop
  endfacet
  facet normal -0.485876 0.857672 -0.168297
    outer loop
      vertex -48 -12.2697 -19.3358
      vertex -46.8858 -12.1677 -22.0327
      vertex -48 -12.7989 -22.0327
    endloop
  endfacet
  facet normal -0.491148 0.866993 -0.0842379
    outer loop
      vertex -45.4284 -10.0095 -13.8446
      vertex -48 -11.4663 -13.8446
      vertex -48 -11.1494 -10.583
    endloop
  endfacet
  facet normal -0.447988 0.890063 0.0842264
    outer loop
      vertex -41.4031 -7.46048 8.32015
      vertex -41.3735 -7.74631 11.4981
      vertex -41.292 -7.69541 11.3937
    endloop
  endfacet
  facet normal -0.448013 0.890051 0.0842255
    outer loop
      vertex -45.6486 -9.59748 8.32015
      vertex -41.3735 -7.74631 11.4981
      vertex -41.4031 -7.46048 8.32015
    endloop
  endfacet
  facet normal -0.448025 0.890043 0.084247
    outer loop
      vertex -41.3735 -7.74631 11.4981
      vertex -45.6486 -9.59748 8.32015
      vertex -41.4922 -7.82201 11.6666
    endloop
  endfacet
  facet normal -0.447982 0.890071 0.084178
    outer loop
      vertex -41.4922 -7.82201 11.6666
      vertex -45.6486 -9.59748 8.32015
      vertex -41.6025 -7.894 11.8408
    endloop
  endfacet
  facet normal -0.44804 0.890034 0.0842625
    outer loop
      vertex -41.6025 -7.894 11.8408
      vertex -45.6486 -9.59748 8.32015
      vertex -41.7041 -7.96212 12.0201
    endloop
  endfacet
  facet normal -0.447984 0.890069 0.0841881
    outer loop
      vertex -41.7041 -7.96212 12.0201
      vertex -45.6486 -9.59748 8.32015
      vertex -41.7968 -8.0262 12.2043
    endloop
  endfacet
  facet normal -0.448093 0.890001 0.0843229
    outer loop
      vertex -41.7968 -8.0262 12.2043
      vertex -45.6486 -9.59748 8.32015
      vertex -41.8803 -8.08609 12.3927
    endloop
  endfacet
  facet normal -0.447967 0.890078 0.0841778
    outer loop
      vertex -41.8803 -8.08609 12.3927
      vertex -45.6486 -9.59748 8.32015
      vertex -41.9545 -8.14163 12.5851
    endloop
  endfacet
  facet normal -0.44814 0.889974 0.0843637
    outer loop
      vertex -41.9545 -8.14163 12.5851
      vertex -45.6486 -9.59748 8.32015
      vertex -42.0191 -8.19271 12.7808
    endloop
  endfacet
  facet normal -0.447924 0.890103 0.0841472
    outer loop
      vertex -42.0191 -8.19271 12.7808
      vertex -45.6486 -9.59748 8.32015
      vertex -42.0294 -8.20141 12.818
    endloop
  endfacet
  facet normal -0.309215 0.935984 -0.168285
    outer loop
      vertex -29.8881 -4.63315 -22.0327
      vertex -27.7717 -3.44908 -19.3358
      vertex -27.638 -3.8898 -22.0327
    endloop
  endfacet
  facet normal -0.309211 0.935985 -0.168289
    outer loop
      vertex -27.7717 -3.44908 -19.3358
      vertex -29.8881 -4.63315 -22.0327
      vertex -32.2304 -4.92205 -19.3358
    endloop
  endfacet
  facet normal -0.218325 0.972234 -0.0842325
    outer loop
      vertex -23.4159 -1.51832 -13.8446
      vertex -23.5294 -1.06518 -8.32015
      vertex -18.8008 -0.481955 -13.8446
    endloop
  endfacet
  facet normal -0.215976 0.961786 -0.168291
    outer loop
      vertex -20.8867 -2.13875 -22.0327
      vertex -18.6644 -1.16782 -19.3358
      vertex -18.5745 -1.61953 -22.0327
    endloop
  endfacet
  facet normal -0.215978 0.961786 -0.168289
    outer loop
      vertex -18.6644 -1.16782 -19.3358
      vertex -20.8867 -2.13875 -22.0327
      vertex -23.246 -2.19666 -19.3358
    endloop
  endfacet
  facet normal -0.215976 0.961787 -0.168288
    outer loop
      vertex -23.1341 -2.64342 -22.0327
      vertex -23.246 -2.19666 -19.3358
      vertex -20.8867 -2.13875 -22.0327
    endloop
  endfacet
  facet normal 0.215976 0.961787 -0.168288
    outer loop
      vertex 23.1341 -2.64342 -22.0327
      vertex 20.8867 -2.13875 -22.0327
      vertex 23.246 -2.19666 -19.3358
    endloop
  endfacet
  facet normal 0.215978 0.961786 -0.168289
    outer loop
      vertex 20.8867 -2.13875 -22.0327
      vertex 18.6644 -1.16782 -19.3358
      vertex 23.246 -2.19666 -19.3358
    endloop
  endfacet
  facet normal 0.215976 0.961786 -0.168291
    outer loop
      vertex 18.6644 -1.16782 -19.3358
      vertex 20.8867 -2.13875 -22.0327
      vertex 18.5745 -1.61953 -22.0327
    endloop
  endfacet
  facet normal 0.357012 0.925523 -0.126291
    outer loop
      vertex 36.6115 -6.61202 -19.3358
      vertex 32.2304 -4.92205 -19.3358
      vertex 36.8791 -5.96595 -13.8446
    endloop
  endfacet
  facet normal 0.446018 0.886069 -0.126292
    outer loop
      vertex 45.0987 -10.6262 -19.3358
      vertex 40.9044 -8.51493 -19.3358
      vertex 41.2034 -7.88277 -13.8446
    endloop
  endfacet
  facet normal 0.0733029 0.993746 -0.0842332
    outer loop
      vertex 9.44589 0.905716 -13.8446
      vertex 4.72864 1.25368 -13.8446
      vertex 4.75156 1.72026 -8.32015
    endloop
  endfacet
  facet normal 0.0244531 0.996146 -0.0842328
    outer loop
      vertex 4.75156 1.72026 -8.32015
      vertex 0 1.36976 -13.8446
      vertex 0 1.8369 -8.32015
    endloop
  endfacet
  facet normal 0.0244537 0.996146 -0.0842332
    outer loop
      vertex 4.72864 1.25368 -13.8446
      vertex 0 1.36976 -13.8446
      vertex 4.75156 1.72026 -8.32015
    endloop
  endfacet
  facet normal 0.0243447 0.991694 -0.126292
    outer loop
      vertex 4.69433 0.55522 -19.3358
      vertex 0 0.670459 -19.3358
      vertex 4.72864 1.25368 -13.8446
    endloop
  endfacet
  facet normal 0.0241913 0.985441 -0.168286
    outer loop
      vertex 2.30268 0.153376 -22.0327
      vertex 4.69433 0.55522 -19.3358
      vertex 4.67173 0.0952188 -22.0327
    endloop
  endfacet
  facet normal 0.0241912 0.985441 -0.168286
    outer loop
      vertex 4.69433 0.55522 -19.3358
      vertex 2.30268 0.153376 -22.0327
      vertex 0 0.670459 -19.3358
    endloop
  endfacet
  facet normal -0.0733026 0.993746 -0.0842334
    outer loop
      vertex -9.44589 0.905716 -13.8446
      vertex -9.49168 1.37061 -8.32015
      vertex -4.75156 1.72026 -8.32015
    endloop
  endfacet
  facet normal -0.121977 0.988952 -0.0842334
    outer loop
      vertex -9.44589 0.905716 -13.8446
      vertex -14.2089 0.78879 -8.32015
      vertex -9.49168 1.37061 -8.32015
    endloop
  endfacet
  facet normal -0.170959 0.985278 0
    outer loop
      vertex -14.2432 1.02011 -2.77561
      vertex -18.9376 0.205567 2.77561
      vertex -14.2432 1.02011 2.77561
    endloop
  endfacet
  facet normal -0.170959 0.985278 0
    outer loop
      vertex -18.9376 0.205567 2.77561
      vertex -14.2432 1.02011 -2.77561
      vertex -18.9376 0.205567 -2.77561
    endloop
  endfacet
  facet normal -0.120666 0.978325 -0.168286
    outer loop
      vertex -11.6841 -0.538642 -22.0327
      vertex -9.37734 0.209779 -19.3358
      vertex -9.3322 -0.248559 -22.0327
    endloop
  endfacet
  facet normal -0.120664 0.978325 -0.168288
    outer loop
      vertex -9.37734 0.209779 -19.3358
      vertex -11.6841 -0.538642 -22.0327
      vertex -14.0378 -0.365028 -19.3358
    endloop
  endfacet
  facet normal -0.121429 0.984533 -0.126292
    outer loop
      vertex -9.37734 0.209779 -19.3358
      vertex -14.0378 -0.365028 -19.3358
      vertex -9.44589 0.905716 -13.8446
    endloop
  endfacet
  facet normal -0.0734988 0.996405 0.0421258
    outer loop
      vertex -4.75156 1.72026 8.32015
      vertex -9.5146 1.60333 2.77561
      vertex -9.49168 1.37061 8.32015
    endloop
  endfacet
  facet normal -0.0733029 0.993746 0.0842332
    outer loop
      vertex -4.75156 1.72026 8.32015
      vertex -9.44589 0.905716 13.8446
      vertex -4.72864 1.25368 13.8446
    endloop
  endfacet
  facet normal 0.12143 0.984533 0.126292
    outer loop
      vertex 14.1404 0.326705 13.8446
      vertex 9.44589 0.905716 13.8446
      vertex 14.0378 -0.365028 19.3358
    endloop
  endfacet
  facet normal 0.0245203 0.998811 0.0421268
    outer loop
      vertex 4.76304 1.95383 2.77561
      vertex 0 2.07076 2.77561
      vertex 4.75156 1.72026 8.32015
    endloop
  endfacet
  facet normal 0.0733029 0.993746 0.0842332
    outer loop
      vertex 4.75156 1.72026 8.32015
      vertex 4.72864 1.25368 13.8446
      vertex 9.44589 0.905716 13.8446
    endloop
  endfacet
  facet normal 0.0729753 0.989305 0.126292
    outer loop
      vertex 4.72864 1.25368 13.8446
      vertex 4.69433 0.55522 19.3358
      vertex 9.44589 0.905716 13.8446
    endloop
  endfacet
  facet normal 0.170811 0.984403 0.0421263
    outer loop
      vertex 14.2432 1.02011 2.77561
      vertex 14.2089 0.78879 8.32015
      vertex 18.8919 -0.0237904 8.32015
    endloop
  endfacet
  facet normal 0.0734988 0.996405 0.0421258
    outer loop
      vertex 9.5146 1.60333 2.77561
      vertex 4.75156 1.72026 8.32015
      vertex 9.49168 1.37061 8.32015
    endloop
  endfacet
  facet normal -0.121429 0.984533 0.126292
    outer loop
      vertex -9.44589 0.905716 13.8446
      vertex -14.0378 -0.365028 19.3358
      vertex -9.37734 0.209779 19.3358
    endloop
  endfacet
  facet normal -0.120663 0.978325 0.168287
    outer loop
      vertex -9.37734 0.209779 19.3358
      vertex -11.7127 -0.536538 22
      vertex -9.33275 -0.243004 22
    endloop
  endfacet
  facet normal -0.120664 0.978325 0.168286
    outer loop
      vertex -11.7127 -0.536538 22
      vertex -9.37734 0.209779 19.3358
      vertex -14.0378 -0.365028 19.3358
    endloop
  endfacet
  facet normal 0.121429 0.984533 0.126292
    outer loop
      vertex 9.44589 0.905716 13.8446
      vertex 9.37734 0.209779 19.3358
      vertex 14.0378 -0.365028 19.3358
    endloop
  endfacet
  facet normal 0.0729758 0.989305 0.126292
    outer loop
      vertex 9.44589 0.905716 13.8446
      vertex 4.69433 0.55522 19.3358
      vertex 9.37734 0.209779 19.3358
    endloop
  endfacet
  facet normal 0.217348 0.96789 0.126291
    outer loop
      vertex 18.8008 -0.481955 13.8446
      vertex 18.6644 -1.16782 19.3358
      vertex 23.246 -2.19666 19.3358
    endloop
  endfacet
  facet normal 0.215978 0.961786 0.168289
    outer loop
      vertex 18.6644 -1.16782 19.3358
      vertex 20.9153 -2.13945 22
      vertex 23.246 -2.19666 19.3358
    endloop
  endfacet
  facet normal 0.215977 0.961786 0.168289
    outer loop
      vertex 20.9153 -2.13945 22
      vertex 18.6644 -1.16782 19.3358
      vertex 18.5756 -1.61405 22
    endloop
  endfacet
  facet normal 0.122303 0.991598 0.0421258
    outer loop
      vertex 9.5146 1.60333 2.77561
      vertex 9.49168 1.37061 8.32015
      vertex 14.2089 0.78879 8.32015
    endloop
  endfacet
  facet normal 0.0245421 0.999699 -0
    outer loop
      vertex 4.76304 1.95383 -2.77561
      vertex 0 2.07076 2.77561
      vertex 4.76304 1.95383 2.77561
    endloop
  endfacet
  facet normal 0.0245421 0.999699 0
    outer loop
      vertex 0 2.07076 2.77561
      vertex 4.76304 1.95383 -2.77561
      vertex 0 2.07076 -2.77561
    endloop
  endfacet
  facet normal 0.219101 0.975702 -0
    outer loop
      vertex 23.5863 -0.838333 -2.77561
      vertex 18.9376 0.205567 2.77561
      vertex 23.5863 -0.838333 2.77561
    endloop
  endfacet
  facet normal 0.219101 0.975702 0
    outer loop
      vertex 18.9376 0.205567 2.77561
      vertex 23.5863 -0.838333 -2.77561
      vertex 18.9376 0.205567 -2.77561
    endloop
  endfacet
  facet normal 0.121977 0.988952 -0.0842334
    outer loop
      vertex 14.2089 0.78879 -8.32015
      vertex 9.44589 0.905716 -13.8446
      vertex 9.49168 1.37061 -8.32015
    endloop
  endfacet
  facet normal 0.122303 0.991598 -0.0421258
    outer loop
      vertex 14.2089 0.78879 -8.32015
      vertex 9.49168 1.37061 -8.32015
      vertex 9.5146 1.60333 -2.77561
    endloop
  endfacet
  facet normal 0.359577 0.932164 0.0421277
    outer loop
      vertex 32.7022 -3.60361 2.77561
      vertex 32.6234 -3.82379 8.32015
      vertex 37.1474 -5.31832 2.77561
    endloop
  endfacet
  facet normal 0.404883 0.913397 0.0421273
    outer loop
      vertex 37.1474 -5.31832 2.77561
      vertex 37.0579 -5.53437 8.32015
      vertex 41.5031 -7.24908 2.77561
    endloop
  endfacet
  facet normal 0.359576 0.932164 -0.0421272
    outer loop
      vertex 37.0579 -5.53437 -8.32015
      vertex 32.6234 -3.82379 -8.32015
      vertex 37.1474 -5.31832 -2.77561
    endloop
  endfacet
  facet normal 0.404883 0.913397 -0.0421273
    outer loop
      vertex 41.5031 -7.24908 -2.77561
      vertex 37.0579 -5.53437 -8.32015
      vertex 37.1474 -5.31832 -2.77561
    endloop
  endfacet
  facet normal 0.357015 0.925522 -0.126294
    outer loop
      vertex 36.8791 -5.96595 -13.8446
      vertex 32.2304 -4.92205 -19.3358
      vertex 32.466 -4.26362 -13.8446
    endloop
  endfacet
  facet normal 0.358618 0.929676 -0.0842339
    outer loop
      vertex 36.8791 -5.96595 -13.8446
      vertex 32.466 -4.26362 -13.8446
      vertex 32.6234 -3.82379 -8.32015
    endloop
  endfacet
  facet normal 0.403231 0.911214 0.0842252
    outer loop
      vertex 41.4031 -7.46048 8.32015
      vertex 41.2466 -7.66994 11.3355
      vertex 41.292 -7.69541 11.3937
    endloop
  endfacet
  facet normal 0.403964 0.910888 0.0842406
    outer loop
      vertex 41.4031 -7.46048 8.32015
      vertex 41.112 -7.59582 11.1795
      vertex 41.2466 -7.66994 11.3355
    endloop
  endfacet
  facet normal 0.403718 0.910999 0.0842209
    outer loop
      vertex 41.4031 -7.46048 8.32015
      vertex 40.9698 -7.519 11.0302
      vertex 41.112 -7.59582 11.1795
    endloop
  endfacet
  facet normal 0.403762 0.910979 0.0842274
    outer loop
      vertex 41.4031 -7.46048 8.32015
      vertex 40.8205 -7.43968 10.888
      vertex 40.9698 -7.519 11.0302
    endloop
  endfacet
  facet normal 0.403977 0.910879 0.084277
    outer loop
      vertex 41.4031 -7.46048 8.32015
      vertex 40.6645 -7.35804 10.7534
      vertex 40.8205 -7.43968 10.888
    endloop
  endfacet
  facet normal 0.40366 0.911029 0.0841745
    outer loop
      vertex 41.4031 -7.46048 8.32015
      vertex 40.5019 -7.27427 10.6265
      vertex 40.6645 -7.35804 10.7534
    endloop
  endfacet
  facet normal 0.403847 0.910938 0.0842547
    outer loop
      vertex 41.4031 -7.46048 8.32015
      vertex 40.3334 -7.18859 10.5078
      vertex 40.5019 -7.27427 10.6265
    endloop
  endfacet
  facet normal 0.403748 0.910987 0.0842005
    outer loop
      vertex 41.4031 -7.46048 8.32015
      vertex 40.1592 -7.10119 10.3975
      vertex 40.3334 -7.18859 10.5078
    endloop
  endfacet
  facet normal 0.403884 0.910918 0.0842937
    outer loop
      vertex 41.4031 -7.46048 8.32015
      vertex 39.9799 -7.01229 10.2959
      vertex 40.1592 -7.10119 10.3975
    endloop
  endfacet
  facet normal 0.40374 0.910994 0.0841726
    outer loop
      vertex 41.4031 -7.46048 8.32015
      vertex 39.7957 -6.92209 10.2032
      vertex 39.9799 -7.01229 10.2959
    endloop
  endfacet
  facet normal 0.403877 0.91092 0.0843114
    outer loop
      vertex 41.4031 -7.46048 8.32015
      vertex 39.6073 -6.83083 10.1197
      vertex 39.7957 -6.92209 10.2032
    endloop
  endfacet
  facet normal 0.403705 0.911015 0.0841063
    outer loop
      vertex 41.4031 -7.46048 8.32015
      vertex 39.4149 -6.73872 10.0455
      vertex 39.6073 -6.83083 10.1197
    endloop
  endfacet
  facet normal 0.403865 0.910924 0.0843283
    outer loop
      vertex 41.4031 -7.46048 8.32015
      vertex 39.2192 -6.64597 9.98085
      vertex 39.4149 -6.73872 10.0455
    endloop
  endfacet
  facet normal 0.403772 0.910979 0.0841792
    outer loop
      vertex 41.4031 -7.46048 8.32015
      vertex 39.0205 -6.55282 9.92587
      vertex 39.2192 -6.64597 9.98085
    endloop
  endfacet
  facet normal 0.403859 0.910925 0.0843393
    outer loop
      vertex 41.4031 -7.46048 8.32015
      vertex 38.8194 -6.45948 9.8807
      vertex 39.0205 -6.55282 9.92587
    endloop
  endfacet
  facet normal 0.403804 0.91096 0.0842251
    outer loop
      vertex 37.0579 -5.53437 8.32015
      vertex 38.8194 -6.45948 9.8807
      vertex 41.4031 -7.46048 8.32015
    endloop
  endfacet
  facet normal 0.403819 0.910955 0.0842055
    outer loop
      vertex 38.8194 -6.45948 9.8807
      vertex 37.0579 -5.53437 8.32015
      vertex 38.6163 -6.36619 9.84546
    endloop
  endfacet
  facet normal 0.403772 0.910971 0.084262
    outer loop
      vertex 38.6163 -6.36619 9.84546
      vertex 37.0579 -5.53437 8.32015
      vertex 38.4117 -6.27317 9.82022
    endloop
  endfacet
  facet normal 0.40381 0.910958 0.0842216
    outer loop
      vertex 38.4117 -6.27317 9.82022
      vertex 37.0579 -5.53437 8.32015
      vertex 38.2061 -6.18063 9.80506
    endloop
  endfacet
  facet normal 0.403669 0.911008 0.0843524
    outer loop
      vertex 38.2061 -6.18063 9.80506
      vertex 37.0579 -5.53437 8.32015
      vertex 38.1715 -6.16522 9.80421
    endloop
  endfacet
  facet normal 0.403801 0.910961 0.0842329
    outer loop
      vertex 38.1715 -6.16522 9.80421
      vertex 37.0579 -5.53437 8.32015
      vertex 38 -6.08881 9.8
    endloop
  endfacet
  facet normal 0.403816 0.910954 0.0842384
    outer loop
      vertex 37.1806 -5.73307 9.8807
      vertex 37.0579 -5.53437 8.32015
      vertex 37.0061 -5.65934 9.91989
    endloop
  endfacet
  facet normal 0.403841 0.910943 0.0842351
    outer loop
      vertex 37.3837 -5.81985 9.84546
      vertex 37.0579 -5.53437 8.32015
      vertex 37.1806 -5.73307 9.8807
    endloop
  endfacet
  facet normal 0.403769 0.910973 0.0842561
    outer loop
      vertex 37.5883 -5.9082 9.82022
      vertex 37.0579 -5.53437 8.32015
      vertex 37.3837 -5.81985 9.84546
    endloop
  endfacet
  facet normal 0.403785 0.910966 0.0842487
    outer loop
      vertex 37.7939 -5.99793 9.80506
      vertex 37.0579 -5.53437 8.32015
      vertex 37.5883 -5.9082 9.82022
    endloop
  endfacet
  facet normal 0.403764 0.910975 0.0842618
    outer loop
      vertex 37.0579 -5.53437 8.32015
      vertex 37.7939 -5.99793 9.80506
      vertex 38 -6.08881 9.8
    endloop
  endfacet
  facet normal -0.265761 0.960352 0.0842324
    outer loop
      vertex -23.5294 -1.06518 8.32015
      vertex -27.9747 -2.77989 13.8446
      vertex -23.4159 -1.51832 13.8446
    endloop
  endfacet
  facet normal -0.264575 0.95606 0.126292
    outer loop
      vertex -23.246 -2.19666 19.3358
      vertex -27.9747 -2.77989 13.8446
      vertex -27.7717 -3.44908 19.3358
    endloop
  endfacet
  facet normal -0.311171 0.941925 0.126294
    outer loop
      vertex -27.9747 -2.77989 13.8446
      vertex -32.466 -4.26362 13.8446
      vertex -32.2304 -4.92205 19.3358
    endloop
  endfacet
  facet normal -0.312568 0.946153 0.0842337
    outer loop
      vertex -27.9747 -2.77989 13.8446
      vertex -32.6234 -3.82379 8.32015
      vertex -32.466 -4.26362 13.8446
    endloop
  endfacet
  facet normal -0.264573 0.956061 0.12629
    outer loop
      vertex -23.4159 -1.51832 13.8446
      vertex -27.9747 -2.77989 13.8446
      vertex -23.246 -2.19666 19.3358
    endloop
  endfacet
  facet normal -0.217349 0.96789 0.12629
    outer loop
      vertex -18.8008 -0.481955 13.8446
      vertex -23.4159 -1.51832 13.8446
      vertex -23.246 -2.19666 19.3358
    endloop
  endfacet
  facet normal -0.26576 0.960352 -0.0842334
    outer loop
      vertex -27.9747 -2.77989 -13.8446
      vertex -28.1103 -2.33286 -8.32015
      vertex -23.5294 -1.06518 -8.32015
    endloop
  endfacet
  facet normal -0.266471 0.962922 -0.0421312
    outer loop
      vertex -23.5294 -1.06518 -8.32015
      vertex -28.1103 -2.33286 -8.32015
      vertex -23.5863 -0.838333 -2.77561
    endloop
  endfacet
  facet normal -0.309209 0.935985 0.16829
    outer loop
      vertex -29.9165 -4.63666 22
      vertex -32.2304 -4.92205 19.3358
      vertex -32.0771 -5.35043 22
    endloop
  endfacet
  facet normal -0.488963 0.863082 0.126509
    outer loop
      vertex -45.0987 -10.6262 19.3358
      vertex -46.1841 -11.2029 19.0751
      vertex -45.9592 -11.1137 19.3358
    endloop
  endfacet
  facet normal -0.488966 0.863076 0.126536
    outer loop
      vertex -45.0987 -10.6262 19.3358
      vertex -46.4257 -11.2944 18.7656
      vertex -46.1841 -11.2029 19.0751
    endloop
  endfacet
  facet normal -0.488824 0.863231 0.126024
    outer loop
      vertex -45.0987 -10.6262 19.3358
      vertex -46.6517 -11.3755 18.4445
      vertex -46.4257 -11.2944 18.7656
    endloop
  endfacet
  facet normal -0.488899 0.863162 0.126213
    outer loop
      vertex -45.0987 -10.6262 19.3358
      vertex -46.8618 -11.446 18.1128
      vertex -46.6517 -11.3755 18.4445
    endloop
  endfacet
  facet normal -0.488912 0.86315 0.126239
    outer loop
      vertex -45.0987 -10.6262 19.3358
      vertex -47.0554 -11.5057 17.7712
      vertex -46.8618 -11.446 18.1128
    endloop
  endfacet
  facet normal -0.488841 0.863208 0.126118
    outer loop
      vertex -45.0987 -10.6262 19.3358
      vertex -47.2319 -11.5544 17.4204
      vertex -47.0554 -11.5057 17.7712
    endloop
  endfacet
  facet normal -0.488997 0.863086 0.126351
    outer loop
      vertex -45.0987 -10.6262 19.3358
      vertex -47.391 -11.592 17.0615
      vertex -47.2319 -11.5544 17.4204
    endloop
  endfacet
  facet normal -0.489043 0.863051 0.126412
    outer loop
      vertex -45.0987 -10.6262 19.3358
      vertex -47.5323 -11.6184 16.6951
      vertex -47.391 -11.592 17.0615
    endloop
  endfacet
  facet normal -0.48906 0.863038 0.126432
    outer loop
      vertex -45.0987 -10.6262 19.3358
      vertex -47.6555 -11.6336 16.3223
      vertex -47.5323 -11.6184 16.6951
    endloop
  endfacet
  facet normal -0.488897 0.863157 0.126254
    outer loop
      vertex -47.6555 -11.6336 16.3223
      vertex -45.0987 -10.6262 19.3358
      vertex -47.7164 -11.6359 16.1022
    endloop
  endfacet
  facet normal -0.354761 0.919688 -0.168282
    outer loop
      vertex -34.2243 -6.18465 -22.0327
      vertex -36.6115 -6.61202 -19.3358
      vertex -32.2304 -4.92205 -19.3358
    endloop
  endfacet
  facet normal -0.35476 0.919688 -0.168281
    outer loop
      vertex -36.6115 -6.61202 -19.3358
      vertex -34.2243 -6.18465 -22.0327
      vertex -36.4353 -7.03752 -22.0327
    endloop
  endfacet
  facet normal -0.399472 0.901168 -0.16828
    outer loop
      vertex -36.4353 -7.03752 -22.0327
      vertex -38.541 -7.97094 -22.0327
      vertex -36.6115 -6.61202 -19.3358
    endloop
  endfacet
  facet normal -0.311171 0.941925 -0.126294
    outer loop
      vertex -32.2304 -4.92205 -19.3358
      vertex -32.466 -4.26362 -13.8446
      vertex -27.9747 -2.77989 -13.8446
    endloop
  endfacet
  facet normal -0.357015 0.925522 -0.126294
    outer loop
      vertex -32.2304 -4.92205 -19.3358
      vertex -36.8791 -5.96595 -13.8446
      vertex -32.466 -4.26362 -13.8446
    endloop
  endfacet
  facet normal -0.485847 0.857689 -0.168293
    outer loop
      vertex -44.8816 -11.0324 -22.0327
      vertex -46.8858 -12.1677 -22.0327
      vertex -45.0987 -10.6262 -19.3358
    endloop
  endfacet
  facet normal -0.443216 0.880475 -0.168294
    outer loop
      vertex -44.8816 -11.0324 -22.0327
      vertex -45.0987 -10.6262 -19.3358
      vertex -42.8242 -9.99674 -22.0327
    endloop
  endfacet
  facet normal -0.492446 0.869323 -0.0421237
    outer loop
      vertex -45.6486 -9.59748 -8.32015
      vertex -48 -10.8104 -5.86266
      vertex -45.7588 -9.39124 -2.77561
    endloop
  endfacet
  facet normal -0.492452 0.869319 -0.0421308
    outer loop
      vertex -48 -10.8104 -5.86266
      vertex -45.6486 -9.59748 -8.32015
      vertex -48 -10.9295 -8.32015
    endloop
  endfacet
  facet normal -0.492442 0.869325 0.0421279
    outer loop
      vertex -48 -10.6608 2.77561
      vertex -48 -10.8104 5.86266
      vertex -45.7588 -9.39124 2.77561
    endloop
  endfacet
  facet normal -0.449211 0.892432 0.0421281
    outer loop
      vertex -41.5031 -7.24908 2.77561
      vertex -45.6486 -9.59748 8.32015
      vertex -41.4031 -7.46048 8.32015
    endloop
  endfacet
  facet normal -0.309212 0.935984 -0.16829
    outer loop
      vertex -32.0752 -5.35568 -22.0327
      vertex -32.2304 -4.92205 -19.3358
      vertex -29.8881 -4.63315 -22.0327
    endloop
  endfacet
  facet normal 0.262909 0.950031 -0.168285
    outer loop
      vertex 25.3541 -3.25776 -22.0327
      vertex 27.7717 -3.44908 -19.3358
      vertex 27.638 -3.8898 -22.0327
    endloop
  endfacet
  facet normal 0.262907 0.950032 -0.168284
    outer loop
      vertex 27.7717 -3.44908 -19.3358
      vertex 25.3541 -3.25776 -22.0327
      vertex 23.246 -2.19666 -19.3358
    endloop
  endfacet
  facet normal 0.264575 0.95606 -0.126292
    outer loop
      vertex 27.7717 -3.44908 -19.3358
      vertex 23.246 -2.19666 -19.3358
      vertex 27.9747 -2.77989 -13.8446
    endloop
  endfacet
  facet normal 0.0245203 0.998811 -0.0421268
    outer loop
      vertex 4.75156 1.72026 -8.32015
      vertex 0 2.07076 -2.77561
      vertex 4.76304 1.95383 -2.77561
    endloop
  endfacet
  facet normal 0.0735001 0.996405 -0.0421269
    outer loop
      vertex 9.5146 1.60333 -2.77561
      vertex 4.75156 1.72026 -8.32015
      vertex 4.76304 1.95383 -2.77561
    endloop
  endfacet
  facet normal -0.0244537 0.996146 -0.0842332
    outer loop
      vertex -4.72864 1.25368 -13.8446
      vertex -4.75156 1.72026 -8.32015
      vertex 0 1.36976 -13.8446
    endloop
  endfacet
  facet normal -0.0244531 0.996146 -0.0842328
    outer loop
      vertex 0 1.36976 -13.8446
      vertex -4.75156 1.72026 -8.32015
      vertex 0 1.8369 -8.32015
    endloop
  endfacet
  facet normal -0.12143 0.984533 -0.126292
    outer loop
      vertex -14.0378 -0.365028 -19.3358
      vertex -14.1404 0.326705 -13.8446
      vertex -9.44589 0.905716 -13.8446
    endloop
  endfacet
  facet normal -0.170355 0.981776 -0.0842316
    outer loop
      vertex -14.1404 0.326705 -13.8446
      vertex -18.8008 -0.481955 -13.8446
      vertex -14.2089 0.78879 -8.32015
    endloop
  endfacet
  facet normal -0.122303 0.991598 0.0421258
    outer loop
      vertex -9.5146 1.60333 2.77561
      vertex -14.2089 0.78879 8.32015
      vertex -9.49168 1.37061 8.32015
    endloop
  endfacet
  facet normal -0.121977 0.988952 0.0842334
    outer loop
      vertex -9.49168 1.37061 8.32015
      vertex -14.2089 0.78879 8.32015
      vertex -9.44589 0.905716 13.8446
    endloop
  endfacet
  facet normal 0.0244592 0.996145 0.0842392
    outer loop
      vertex 4.75156 1.72026 8.32015
      vertex 2.50194 1.58046 10.6265
      vertex 2.66106 1.56605 10.7507
    endloop
  endfacet
  facet normal 0.0244717 0.996144 0.0842512
    outer loop
      vertex 4.75156 1.72026 8.32015
      vertex 2.33339 1.59464 10.5078
      vertex 2.50194 1.58046 10.6265
    endloop
  endfacet
  facet normal 0.0244469 0.996147 0.0842241
    outer loop
      vertex 4.75156 1.72026 8.32015
      vertex 2.15923 1.60824 10.3975
      vertex 2.33339 1.59464 10.5078
    endloop
  endfacet
  facet normal 0.0244404 0.996148 0.0842159
    outer loop
      vertex 4.75156 1.72026 8.32015
      vertex 1.97987 1.62123 10.2959
      vertex 2.15923 1.60824 10.3975
    endloop
  endfacet
  facet normal 0.0244566 0.996145 0.0842386
    outer loop
      vertex 4.75156 1.72026 8.32015
      vertex 1.79573 1.63359 10.2032
      vertex 1.97987 1.62123 10.2959
    endloop
  endfacet
  facet normal 0.0244626 0.996144 0.084248
    outer loop
      vertex 4.75156 1.72026 8.32015
      vertex 1.60727 1.64528 10.1197
      vertex 1.79573 1.63359 10.2032
    endloop
  endfacet
  facet normal 0.0244364 0.996149 0.0842024
    outer loop
      vertex 4.75156 1.72026 8.32015
      vertex 1.41494 1.65627 10.0455
      vertex 1.60727 1.64528 10.1197
    endloop
  endfacet
  facet normal 0.0244531 0.996146 0.0842346
    outer loop
      vertex 0 1.8369 8.32015
      vertex 1.41494 1.65627 10.0455
      vertex 4.75156 1.72026 8.32015
    endloop
  endfacet
  facet normal 0.0245104 0.996148 0.0841879
    outer loop
      vertex 1.41494 1.65627 10.0455
      vertex 0 1.8369 8.32015
      vertex 1.2192 1.66655 9.98085
    endloop
  endfacet
  facet normal 0.0244153 0.996145 0.0842573
    outer loop
      vertex 1.2192 1.66655 9.98085
      vertex 0 1.8369 8.32015
      vertex 1.02052 1.67607 9.92587
    endloop
  endfacet
  facet normal 0.0244699 0.996146 0.0842228
    outer loop
      vertex 1.02052 1.67607 9.92587
      vertex 0 1.8369 8.32015
      vertex 0.819379 1.68483 9.8807
    endloop
  endfacet
  facet normal 0.0244761 0.996147 0.0842195
    outer loop
      vertex 0.819379 1.68483 9.8807
      vertex 0 1.8369 8.32015
      vertex 0.616267 1.6928 9.84546
    endloop
  endfacet
  facet normal 0.0244198 0.996146 0.0842422
    outer loop
      vertex 0.616267 1.6928 9.84546
      vertex 0 1.8369 8.32015
      vertex 0.411672 1.69995 9.82022
    endloop
  endfacet
  facet normal 0.0244598 0.996146 0.0842313
    outer loop
      vertex 0.411672 1.69995 9.82022
      vertex 0 1.8369 8.32015
      vertex 0.206083 1.70628 9.80506
    endloop
  endfacet
  facet normal 0.024469 0.996146 0.08423
    outer loop
      vertex 0.206083 1.70628 9.80506
      vertex 0 1.8369 8.32015
      vertex 0 1.71177 9.8
    endloop
  endfacet
  facet normal 0.0245185 0.998811 0.0421283
    outer loop
      vertex 0 2.07076 2.77561
      vertex 0 1.8369 8.32015
      vertex 4.75156 1.72026 8.32015
    endloop
  endfacet
  facet normal 0.170959 0.985278 -0
    outer loop
      vertex 18.9376 0.205567 -2.77561
      vertex 14.2432 1.02011 2.77561
      vertex 18.9376 0.205567 2.77561
    endloop
  endfacet
  facet normal 0.170959 0.985278 0
    outer loop
      vertex 14.2432 1.02011 2.77561
      vertex 18.9376 0.205567 -2.77561
      vertex 14.2432 1.02011 -2.77561
    endloop
  endfacet
  facet normal 0.122303 0.991598 0.0421264
    outer loop
      vertex 14.2432 1.02011 2.77561
      vertex 9.5146 1.60333 2.77561
      vertex 14.2089 0.78879 8.32015
    endloop
  endfacet
  facet normal -0.0725157 0.983067 0.168287
    outer loop
      vertex -9.37734 0.209779 19.3358
      vertex -6.94129 -0.0665993 22
      vertex -4.69433 0.55522 19.3358
    endloop
  endfacet
  facet normal -0.0725154 0.983067 0.168287
    outer loop
      vertex -6.94129 -0.0665993 22
      vertex -9.37734 0.209779 19.3358
      vertex -9.33275 -0.243004 22
    endloop
  endfacet
  facet normal -0.0729758 0.989305 0.126292
    outer loop
      vertex -4.69433 0.55522 19.3358
      vertex -9.44589 0.905716 13.8446
      vertex -9.37734 0.209779 19.3358
    endloop
  endfacet
  facet normal 0.024191 0.985441 0.168287
    outer loop
      vertex 0 0.670459 19.3358
      vertex 0 0.215484 22
      vertex 2.27477 0.159642 22
    endloop
  endfacet
  facet normal 0.169593 0.977389 0.126291
    outer loop
      vertex 18.8008 -0.481955 13.8446
      vertex 14.0378 -0.365028 19.3358
      vertex 18.6644 -1.16782 19.3358
    endloop
  endfacet
  facet normal 0.262915 0.95003 0.168283
    outer loop
      vertex 23.246 -2.19666 19.3358
      vertex 23.1355 -2.638 22
      vertex 25.3285 -3.2449 22
    endloop
  endfacet
  facet normal 0.264575 0.95606 0.126292
    outer loop
      vertex 27.9747 -2.77989 13.8446
      vertex 23.246 -2.19666 19.3358
      vertex 27.7717 -3.44908 19.3358
    endloop
  endfacet
  facet normal 0.264573 0.956061 0.12629
    outer loop
      vertex 23.4159 -1.51832 13.8446
      vertex 23.246 -2.19666 19.3358
      vertex 27.9747 -2.77989 13.8446
    endloop
  endfacet
  facet normal 0.0735654 0.99729 -0
    outer loop
      vertex 9.5146 1.60333 -2.77561
      vertex 4.76304 1.95383 2.77561
      vertex 9.5146 1.60333 2.77561
    endloop
  endfacet
  facet normal 0.0735654 0.99729 0
    outer loop
      vertex 4.76304 1.95383 2.77561
      vertex 9.5146 1.60333 -2.77561
      vertex 4.76304 1.95383 -2.77561
    endloop
  endfacet
  facet normal 0.0735001 0.996405 0.0421269
    outer loop
      vertex 4.76304 1.95383 2.77561
      vertex 4.75156 1.72026 8.32015
      vertex 9.5146 1.60333 2.77561
    endloop
  endfacet
  facet normal 0.169594 0.977389 -0.126292
    outer loop
      vertex 18.8008 -0.481955 -13.8446
      vertex 14.0378 -0.365028 -19.3358
      vertex 14.1404 0.326705 -13.8446
    endloop
  endfacet
  facet normal 0.12143 0.984533 -0.126292
    outer loop
      vertex 14.0378 -0.365028 -19.3358
      vertex 9.44589 0.905716 -13.8446
      vertex 14.1404 0.326705 -13.8446
    endloop
  endfacet
  facet normal 0.443216 0.880475 -0.168294
    outer loop
      vertex 44.8816 -11.0324 -22.0327
      vertex 42.8242 -9.99674 -22.0327
      vertex 45.0987 -10.6262 -19.3358
    endloop
  endfacet
  facet normal 0.358956 0.929545 0.0842382
    outer loop
      vertex 37.0579 -5.53437 8.32015
      vertex 36.9795 -5.64961 9.92587
      vertex 37.0061 -5.65934 9.91989
    endloop
  endfacet
  facet normal 0.358592 0.929686 0.0842306
    outer loop
      vertex 37.0579 -5.53437 8.32015
      vertex 36.7808 -5.57795 9.98085
      vertex 36.9795 -5.64961 9.92587
    endloop
  endfacet
  facet normal 0.35865 0.929663 0.0842396
    outer loop
      vertex 37.0579 -5.53437 8.32015
      vertex 36.5851 -5.50831 10.0455
      vertex 36.7808 -5.57795 9.98085
    endloop
  endfacet
  facet normal 0.358503 0.929724 0.0841983
    outer loop
      vertex 37.0579 -5.53437 8.32015
      vertex 36.3927 -5.44084 10.1197
      vertex 36.5851 -5.50831 10.0455
    endloop
  endfacet
  facet normal 0.35873 0.929628 0.0842871
    outer loop
      vertex 37.0579 -5.53437 8.32015
      vertex 36.2043 -5.37571 10.2032
      vertex 36.3927 -5.44084 10.1197
    endloop
  endfacet
  facet normal 0.358476 0.929737 0.0841631
    outer loop
      vertex 37.0579 -5.53437 8.32015
      vertex 36.0201 -5.31308 10.2959
      vertex 36.2043 -5.37571 10.2032
    endloop
  endfacet
  facet normal 0.358823 0.929585 0.0843624
    outer loop
      vertex 37.0579 -5.53437 8.32015
      vertex 35.8408 -5.25309 10.3975
      vertex 36.0201 -5.31308 10.2959
    endloop
  endfacet
  facet normal 0.358617 0.929677 0.084229
    outer loop
      vertex 32.6234 -3.82379 8.32015
      vertex 35.8408 -5.25309 10.3975
      vertex 37.0579 -5.53437 8.32015
    endloop
  endfacet
  facet normal 0.358584 0.929685 0.0842853
    outer loop
      vertex 35.8408 -5.25309 10.3975
      vertex 32.6234 -3.82379 8.32015
      vertex 35.6666 -5.1959 10.5078
    endloop
  endfacet
  facet normal 0.358635 0.929672 0.0842064
    outer loop
      vertex 35.6666 -5.1959 10.5078
      vertex 32.6234 -3.82379 8.32015
      vertex 35.4981 -5.14165 10.6265
    endloop
  endfacet
  facet normal 0.358553 0.929693 0.0843213
    outer loop
      vertex 35.4981 -5.14165 10.6265
      vertex 32.6234 -3.82379 8.32015
      vertex 35.3355 -5.09045 10.7534
    endloop
  endfacet
  facet normal 0.358728 0.929646 0.084101
    outer loop
      vertex 35.3355 -5.09045 10.7534
      vertex 32.6234 -3.82379 8.32015
      vertex 35.1795 -5.04243 10.888
    endloop
  endfacet
  facet normal 0.358621 0.929676 0.0842217
    outer loop
      vertex 35.1795 -5.04243 10.888
      vertex 32.6234 -3.82379 8.32015
      vertex 35.0302 -4.99772 11.0302
    endloop
  endfacet
  facet normal 0.358536 0.929701 0.0843081
    outer loop
      vertex 35.0302 -4.99772 11.0302
      vertex 32.6234 -3.82379 8.32015
      vertex 34.888 -4.95642 11.1795
    endloop
  endfacet
  facet normal 0.358884 0.929595 0.0839905
    outer loop
      vertex 34.888 -4.95642 11.1795
      vertex 32.6234 -3.82379 8.32015
      vertex 34.8553 -4.94722 11.2174
    endloop
  endfacet
  facet normal 0.446018 0.88607 0.126289
    outer loop
      vertex 41.2466 -8.30645 16.6645
      vertex 40.9044 -8.51493 19.3358
      vertex 45.0987 -10.6262 19.3358
    endloop
  endfacet
  facet normal 0.44642 0.885865 0.126302
    outer loop
      vertex 40.9044 -8.51493 19.3358
      vertex 41.112 -8.26093 16.8205
      vertex 41.0371 -8.23442 16.8993
    endloop
  endfacet
  facet normal 0.446024 0.886066 0.126289
    outer loop
      vertex 40.9044 -8.51493 19.3358
      vertex 41.2466 -8.30645 16.6645
      vertex 41.112 -8.26093 16.8205
    endloop
  endfacet
  facet normal 0.445969 0.886082 0.12637
    outer loop
      vertex 45.0987 -10.6262 19.3358
      vertex 41.3735 -8.34713 16.5019
      vertex 41.2466 -8.30645 16.6645
    endloop
  endfacet
  facet normal 0.446012 0.88607 0.126304
    outer loop
      vertex 45.0987 -10.6262 19.3358
      vertex 41.4922 -8.38286 16.3334
      vertex 41.3735 -8.34713 16.5019
    endloop
  endfacet
  facet normal 0.446013 0.88607 0.126302
    outer loop
      vertex 45.0987 -10.6262 19.3358
      vertex 41.6025 -8.41355 16.1592
      vertex 41.4922 -8.38286 16.3334
    endloop
  endfacet
  facet normal 0.446004 0.886073 0.126315
    outer loop
      vertex 45.0987 -10.6262 19.3358
      vertex 41.7041 -8.43913 15.9799
      vertex 41.6025 -8.41355 16.1592
    endloop
  endfacet
  facet normal 0.446026 0.886066 0.126287
    outer loop
      vertex 45.0987 -10.6262 19.3358
      vertex 41.7968 -8.45954 15.7957
      vertex 41.7041 -8.43913 15.9799
    endloop
  endfacet
  facet normal 0.446025 0.886066 0.126288
    outer loop
      vertex 45.0987 -10.6262 19.3358
      vertex 41.8803 -8.47472 15.6073
      vertex 41.7968 -8.45954 15.7957
    endloop
  endfacet
  facet normal 0.446062 0.886053 0.126249
    outer loop
      vertex 45.0987 -10.6262 19.3358
      vertex 41.9545 -8.48466 15.4149
      vertex 41.8803 -8.47472 15.6073
    endloop
  endfacet
  facet normal 0.446072 0.886049 0.126239
    outer loop
      vertex 45.0987 -10.6262 19.3358
      vertex 42.0191 -8.4893 15.2192
      vertex 41.9545 -8.48466 15.4149
    endloop
  endfacet
  facet normal 0.445845 0.886133 0.126452
    outer loop
      vertex 42.0191 -8.4893 15.2192
      vertex 45.0987 -10.6262 19.3358
      vertex 42.0639 -8.48878 15.0576
    endloop
  endfacet
  facet normal 0.403799 0.910961 -0.084235
    outer loop
      vertex 41.2034 -7.88277 -13.8446
      vertex 36.8791 -5.96595 -13.8446
      vertex 37.0579 -5.53437 -8.32015
    endloop
  endfacet
  facet normal 0.358617 0.929677 -0.0842347
    outer loop
      vertex 36.8791 -5.96595 -13.8446
      vertex 32.6234 -3.82379 -8.32015
      vertex 37.0579 -5.53437 -8.32015
    endloop
  endfacet
  facet normal 0.401996 0.906889 0.1263
    outer loop
      vertex 38.4117 -7.249 18.1798
      vertex 36.6115 -6.61202 19.3358
      vertex 40.9044 -8.51493 19.3358
    endloop
  endfacet
  facet normal 0.402005 0.906884 0.126304
    outer loop
      vertex 36.6115 -6.61202 19.3358
      vertex 38.2061 -7.15998 18.1949
      vertex 38 -7.06933 18.2
    endloop
  endfacet
  facet normal 0.401946 0.906925 0.126203
    outer loop
      vertex 36.6115 -6.61202 19.3358
      vertex 38.4117 -7.249 18.1798
      vertex 38.2061 -7.15998 18.1949
    endloop
  endfacet
  facet normal 0.401998 0.906889 0.126295
    outer loop
      vertex 40.9044 -8.51493 19.3358
      vertex 38.6163 -7.33617 18.1545
      vertex 38.4117 -7.249 18.1798
    endloop
  endfacet
  facet normal 0.402009 0.906887 0.126272
    outer loop
      vertex 40.9044 -8.51493 19.3358
      vertex 38.8194 -7.4213 18.1193
      vertex 38.6163 -7.33617 18.1545
    endloop
  endfacet
  facet normal 0.402066 0.906877 0.126165
    outer loop
      vertex 40.9044 -8.51493 19.3358
      vertex 39.0205 -7.50417 18.0741
      vertex 38.8194 -7.4213 18.1193
    endloop
  endfacet
  facet normal 0.40197 0.906897 0.126325
    outer loop
      vertex 40.9044 -8.51493 19.3358
      vertex 39.2192 -7.58458 18.0191
      vertex 39.0205 -7.50417 18.0741
    endloop
  endfacet
  facet normal 0.40202 0.906885 0.126252
    outer loop
      vertex 40.9044 -8.51493 19.3358
      vertex 39.4149 -7.66234 17.9545
      vertex 39.2192 -7.58458 18.0191
    endloop
  endfacet
  facet normal 0.401899 0.906918 0.126403
    outer loop
      vertex 40.9044 -8.51493 19.3358
      vertex 39.6073 -7.73726 17.8803
      vertex 39.4149 -7.66234 17.9545
    endloop
  endfacet
  facet normal 0.402022 0.906881 0.126274
    outer loop
      vertex 39.6073 -7.73726 17.8803
      vertex 40.9044 -8.51493 19.3358
      vertex 39.781 -7.80354 17.8033
    endloop
  endfacet
  facet normal 0.401937 0.906929 0.126203
    outer loop
      vertex 37.7939 -6.97728 18.1949
      vertex 36.6115 -6.61202 19.3358
      vertex 38 -7.06933 18.2
    endloop
  endfacet
  facet normal 0.402033 0.906869 0.126322
    outer loop
      vertex 37.5883 -6.88403 18.1798
      vertex 36.6115 -6.61202 19.3358
      vertex 37.7939 -6.97728 18.1949
    endloop
  endfacet
  facet normal 0.401946 0.90692 0.126236
    outer loop
      vertex 37.3837 -6.78983 18.1545
      vertex 36.6115 -6.61202 19.3358
      vertex 37.5883 -6.88403 18.1798
    endloop
  endfacet
  facet normal 0.402032 0.906873 0.1263
    outer loop
      vertex 37.1806 -6.69489 18.1193
      vertex 36.6115 -6.61202 19.3358
      vertex 37.3837 -6.78983 18.1545
    endloop
  endfacet
  facet normal 0.402045 0.906866 0.126307
    outer loop
      vertex 36.9795 -6.59944 18.0741
      vertex 36.6115 -6.61202 19.3358
      vertex 37.1806 -6.69489 18.1193
    endloop
  endfacet
  facet normal 0.401973 0.906901 0.126286
    outer loop
      vertex 36.7808 -6.50371 18.0191
      vertex 36.6115 -6.61202 19.3358
      vertex 36.9795 -6.59944 18.0741
    endloop
  endfacet
  facet normal 0.401948 0.906912 0.126284
    outer loop
      vertex 36.6115 -6.61202 19.3358
      vertex 36.7808 -6.50371 18.0191
      vertex 36.6773 -6.45309 17.985
    endloop
  endfacet
  facet normal 0.357297 0.925414 0.126285
    outer loop
      vertex 36.5851 -6.41333 17.9545
      vertex 36.6115 -6.61202 19.3358
      vertex 36.6773 -6.45309 17.985
    endloop
  endfacet
  facet normal 0.356873 0.925573 0.126316
    outer loop
      vertex 36.3927 -6.32902 17.8803
      vertex 36.6115 -6.61202 19.3358
      vertex 36.5851 -6.41333 17.9545
    endloop
  endfacet
  facet normal 0.357165 0.925469 0.126252
    outer loop
      vertex 36.2043 -6.24492 17.7968
      vertex 36.6115 -6.61202 19.3358
      vertex 36.3927 -6.32902 17.8803
    endloop
  endfacet
  facet normal 0.356836 0.925581 0.126366
    outer loop
      vertex 36.0201 -6.16125 17.7041
      vertex 36.6115 -6.61202 19.3358
      vertex 36.2043 -6.24492 17.7968
    endloop
  endfacet
  facet normal 0.357206 0.925461 0.126199
    outer loop
      vertex 35.8408 -6.07819 17.6025
      vertex 36.6115 -6.61202 19.3358
      vertex 36.0201 -6.16125 17.7041
    endloop
  endfacet
  facet normal 0.35689 0.92556 0.12637
    outer loop
      vertex 35.6666 -5.99596 17.4922
      vertex 36.6115 -6.61202 19.3358
      vertex 35.8408 -6.07819 17.6025
    endloop
  endfacet
  facet normal 0.357012 0.925523 0.126295
    outer loop
      vertex 36.6115 -6.61202 19.3358
      vertex 35.6666 -5.99596 17.4922
      vertex 32.2304 -4.92205 19.3358
    endloop
  endfacet
  facet normal 0.35704 0.925503 0.126359
    outer loop
      vertex 35.4981 -5.91475 17.3735
      vertex 32.2304 -4.92205 19.3358
      vertex 35.6666 -5.99596 17.4922
    endloop
  endfacet
  facet normal 0.356935 0.925572 0.126148
    outer loop
      vertex 35.3355 -5.83475 17.2466
      vertex 32.2304 -4.92205 19.3358
      vertex 35.4981 -5.91475 17.3735
    endloop
  endfacet
  facet normal 0.357093 0.925473 0.126427
    outer loop
      vertex 35.1795 -5.75617 17.112
      vertex 32.2304 -4.92205 19.3358
      vertex 35.3355 -5.83475 17.2466
    endloop
  endfacet
  facet normal 0.356998 0.92553 0.126279
    outer loop
      vertex 35.0302 -5.67918 16.9698
      vertex 32.2304 -4.92205 19.3358
      vertex 35.1795 -5.75617 17.112
    endloop
  endfacet
  facet normal 0.356974 0.925544 0.126246
    outer loop
      vertex 34.888 -5.60397 16.8205
      vertex 32.2304 -4.92205 19.3358
      vertex 35.0302 -5.67918 16.9698
    endloop
  endfacet
  facet normal 0.357094 0.925478 0.126391
    outer loop
      vertex 34.7534 -5.53073 16.6645
      vertex 32.2304 -4.92205 19.3358
      vertex 34.888 -5.60397 16.8205
    endloop
  endfacet
  facet normal 0.357006 0.925525 0.126297
    outer loop
      vertex 32.2304 -4.92205 19.3358
      vertex 34.7534 -5.53073 16.6645
      vertex 34.628 -5.46043 16.5038
    endloop
  endfacet
  facet normal 0.448039 0.890074 0.0838393
    outer loop
      vertex 45.4284 -10.0095 13.8446
      vertex 42.1949 -8.37707 13.7939
      vertex 42.1962 -8.3825 13.8446
    endloop
  endfacet
  facet normal 0.448012 0.890038 0.0843684
    outer loop
      vertex 45.4284 -10.0095 13.8446
      vertex 42.1798 -8.34998 13.5883
      vertex 42.1949 -8.37707 13.7939
    endloop
  endfacet
  facet normal 0.448043 0.890051 0.0840643
    outer loop
      vertex 45.4284 -10.0095 13.8446
      vertex 42.1545 -8.31792 13.3837
      vertex 42.1798 -8.34998 13.5883
    endloop
  endfacet
  facet normal 0.448004 0.890046 0.0843249
    outer loop
      vertex 45.4284 -10.0095 13.8446
      vertex 42.1193 -8.28096 13.1806
      vertex 42.1545 -8.31792 13.3837
    endloop
  endfacet
  facet normal 0.448035 0.890045 0.0841672
    outer loop
      vertex 45.4284 -10.0095 13.8446
      vertex 42.0741 -8.23919 12.9795
      vertex 42.1193 -8.28096 13.1806
    endloop
  endfacet
  facet normal 0.448025 0.890046 0.0842057
    outer loop
      vertex 45.4284 -10.0095 13.8446
      vertex 42.0294 -8.20141 12.818
      vertex 42.0741 -8.23919 12.9795
    endloop
  endfacet
  facet normal 0.448016 0.890048 0.0842384
    outer loop
      vertex 42.0294 -8.20141 12.818
      vertex 45.4284 -10.0095 13.8446
      vertex 45.6486 -9.59748 8.32015
    endloop
  endfacet
  facet normal 0.447924 0.890103 0.0841472
    outer loop
      vertex 45.6486 -9.59748 8.32015
      vertex 42.0191 -8.19271 12.7808
      vertex 42.0294 -8.20141 12.818
    endloop
  endfacet
  facet normal 0.44814 0.889974 0.0843637
    outer loop
      vertex 45.6486 -9.59748 8.32015
      vertex 41.9545 -8.14163 12.5851
      vertex 42.0191 -8.19271 12.7808
    endloop
  endfacet
  facet normal 0.447967 0.890078 0.0841778
    outer loop
      vertex 45.6486 -9.59748 8.32015
      vertex 41.8803 -8.08609 12.3927
      vertex 41.9545 -8.14163 12.5851
    endloop
  endfacet
  facet normal 0.448093 0.890001 0.0843229
    outer loop
      vertex 45.6486 -9.59748 8.32015
      vertex 41.7968 -8.0262 12.2043
      vertex 41.8803 -8.08609 12.3927
    endloop
  endfacet
  facet normal 0.447984 0.890069 0.0841881
    outer loop
      vertex 45.6486 -9.59748 8.32015
      vertex 41.7041 -7.96212 12.0201
      vertex 41.7968 -8.0262 12.2043
    endloop
  endfacet
  facet normal 0.44804 0.890034 0.0842625
    outer loop
      vertex 45.6486 -9.59748 8.32015
      vertex 41.6025 -7.894 11.8408
      vertex 41.7041 -7.96212 12.0201
    endloop
  endfacet
  facet normal 0.447982 0.890071 0.084178
    outer loop
      vertex 45.6486 -9.59748 8.32015
      vertex 41.4922 -7.82201 11.6666
      vertex 41.6025 -7.894 11.8408
    endloop
  endfacet
  facet normal 0.448025 0.890043 0.084247
    outer loop
      vertex 45.6486 -9.59748 8.32015
      vertex 41.3735 -7.74631 11.4981
      vertex 41.4922 -7.82201 11.6666
    endloop
  endfacet
  facet normal 0.448013 0.890051 0.0842255
    outer loop
      vertex 41.4031 -7.46048 8.32015
      vertex 41.3735 -7.74631 11.4981
      vertex 45.6486 -9.59748 8.32015
    endloop
  endfacet
  facet normal 0.447988 0.890063 0.0842264
    outer loop
      vertex 41.3735 -7.74631 11.4981
      vertex 41.4031 -7.46048 8.32015
      vertex 41.292 -7.69541 11.3937
    endloop
  endfacet
  facet normal -0.354758 0.919688 0.168291
    outer loop
      vertex -32.2304 -4.92205 19.3358
      vertex -34.2001 -6.16935 22
      vertex -32.0771 -5.35043 22
    endloop
  endfacet
  facet normal -0.217349 0.96789 -0.12629
    outer loop
      vertex -23.246 -2.19666 -19.3358
      vertex -23.4159 -1.51832 -13.8446
      vertex -18.8008 -0.481955 -13.8446
    endloop
  endfacet
  facet normal -0.264573 0.956061 -0.12629
    outer loop
      vertex -23.246 -2.19666 -19.3358
      vertex -27.9747 -2.77989 -13.8446
      vertex -23.4159 -1.51832 -13.8446
    endloop
  endfacet
  facet normal -0.492879 0.870098 0
    outer loop
      vertex -45.7588 -9.39124 -2.77561
      vertex -48 -10.6608 2.77561
      vertex -45.7588 -9.39124 2.77561
    endloop
  endfacet
  facet normal -0.492879 0.870098 0
    outer loop
      vertex -48 -10.6608 2.77561
      vertex -45.7588 -9.39124 -2.77561
      vertex -48 -10.6608 -2.77561
    endloop
  endfacet
  facet normal -0.491148 0.866993 0.0842381
    outer loop
      vertex -45.6486 -9.59748 8.32015
      vertex -48 -11.1494 10.583
      vertex -45.4284 -10.0095 13.8446
    endloop
  endfacet
  facet normal -0.491137 0.866998 0.0842535
    outer loop
      vertex -48 -11.1494 10.583
      vertex -45.6486 -9.59748 8.32015
      vertex -48 -10.9295 8.32015
    endloop
  endfacet
  facet normal -0.448039 0.890074 0.0838393
    outer loop
      vertex -42.1949 -8.37707 13.7939
      vertex -45.4284 -10.0095 13.8446
      vertex -42.1962 -8.3825 13.8446
    endloop
  endfacet
  facet normal -0.448012 0.890038 0.0843684
    outer loop
      vertex -42.1798 -8.34998 13.5883
      vertex -45.4284 -10.0095 13.8446
      vertex -42.1949 -8.37707 13.7939
    endloop
  endfacet
  facet normal -0.448043 0.890051 0.0840643
    outer loop
      vertex -42.1545 -8.31792 13.3837
      vertex -45.4284 -10.0095 13.8446
      vertex -42.1798 -8.34998 13.5883
    endloop
  endfacet
  facet normal -0.448004 0.890046 0.0843249
    outer loop
      vertex -42.1193 -8.28096 13.1806
      vertex -45.4284 -10.0095 13.8446
      vertex -42.1545 -8.31792 13.3837
    endloop
  endfacet
  facet normal -0.448035 0.890045 0.0841672
    outer loop
      vertex -42.0741 -8.23919 12.9795
      vertex -45.4284 -10.0095 13.8446
      vertex -42.1193 -8.28096 13.1806
    endloop
  endfacet
  facet normal -0.448025 0.890046 0.0842057
    outer loop
      vertex -42.0294 -8.20141 12.818
      vertex -45.4284 -10.0095 13.8446
      vertex -42.0741 -8.23919 12.9795
    endloop
  endfacet
  facet normal -0.448016 0.890048 0.0842384
    outer loop
      vertex -45.4284 -10.0095 13.8446
      vertex -42.0294 -8.20141 12.818
      vertex -45.6486 -9.59748 8.32015
    endloop
  endfacet
  facet normal -0.120663 0.978325 -0.168287
    outer loop
      vertex -13.9702 -0.8206 -22.0327
      vertex -14.0378 -0.365028 -19.3358
      vertex -11.6841 -0.538642 -22.0327
    endloop
  endfacet
  facet normal -0.168522 0.971226 -0.168288
    outer loop
      vertex -16.3051 -1.22574 -22.0327
      vertex -14.0378 -0.365028 -19.3358
      vertex -13.9702 -0.8206 -22.0327
    endloop
  endfacet
  facet normal -0.168524 0.971226 -0.168286
    outer loop
      vertex -14.0378 -0.365028 -19.3358
      vertex -16.3051 -1.22574 -22.0327
      vertex -18.6644 -1.16782 -19.3358
    endloop
  endfacet
  facet normal 0.120664 0.978325 0.168286
    outer loop
      vertex 9.37734 0.209779 19.3358
      vertex 11.7127 -0.536538 22
      vertex 14.0378 -0.365028 19.3358
    endloop
  endfacet
  facet normal 0.120663 0.978325 0.168287
    outer loop
      vertex 11.7127 -0.536538 22
      vertex 9.37734 0.209779 19.3358
      vertex 9.33275 -0.243004 22
    endloop
  endfacet
  facet normal 0.0725154 0.983067 0.168287
    outer loop
      vertex 9.37734 0.209779 19.3358
      vertex 6.94129 -0.0665993 22
      vertex 9.33275 -0.243004 22
    endloop
  endfacet
  facet normal 0.0725157 0.983067 0.168287
    outer loop
      vertex 6.94129 -0.0665993 22
      vertex 9.37734 0.209779 19.3358
      vertex 4.69433 0.55522 19.3358
    endloop
  endfacet
  facet normal 0.122411 0.992479 -0
    outer loop
      vertex 14.2432 1.02011 -2.77561
      vertex 9.5146 1.60333 2.77561
      vertex 14.2432 1.02011 2.77561
    endloop
  endfacet
  facet normal 0.122411 0.992479 0
    outer loop
      vertex 9.5146 1.60333 2.77561
      vertex 14.2432 1.02011 -2.77561
      vertex 9.5146 1.60333 -2.77561
    endloop
  endfacet
  facet normal 0.485847 0.857689 -0.168293
    outer loop
      vertex 46.8858 -12.1677 -22.0327
      vertex 44.8816 -11.0324 -22.0327
      vertex 45.0987 -10.6262 -19.3358
    endloop
  endfacet
  facet normal 0.404887 -0.913402 -0.042001
    outer loop
      vertex -36.2946 -7.37712 8.17302
      vertex -40.5503 -9.26356 8.17302
      vertex -40.6482 -9.05651 2.72653
    endloop
  endfacet
  facet normal 0.0734996 -0.99641 -0.0420021
    outer loop
      vertex -4.66493 -0.0431595 2.72653
      vertex -9.29617 -0.614368 8.17302
      vertex -9.31862 -0.386436 2.72653
    endloop
  endfacet
  facet normal 0.0733045 -0.993767 0.0839845
    outer loop
      vertex -4.63124 -0.728887 -13.5998
      vertex -4.65369 -0.271919 -8.17302
      vertex -9.29617 -0.614368 -8.17302
    endloop
  endfacet
  facet normal -0.449202 -0.892442 -0.0420008
    outer loop
      vertex 40.6482 -9.05651 2.72653
      vertex 44.7084 -11.3565 8.17302
      vertex 40.5503 -9.26356 8.17302
    endloop
  endfacet
  facet normal -0.170361 -0.981796 -0.0839871
    outer loop
      vertex 13.9163 -1.1842 8.17302
      vertex 18.5028 -1.98005 8.17302
      vertex 13.8491 -1.63677 13.5998
    endloop
  endfacet
  facet normal -0.446041 -0.886108 -0.125938
    outer loop
      vertex 44.4927 -11.76 13.5998
      vertex 44.1698 -12.3641 18.9939
      vertex 40.0619 -10.2963 18.9939
    endloop
  endfacet
  facet normal -0.0241949 -0.985523 0.167804
    outer loop
      vertex 4.57225 -1.92975 -22.0327
      vertex 4.59764 -1.41296 -18.9939
      vertex 1.98532 -1.86624 -22.0327
    endloop
  endfacet
  facet normal -0.359576 -0.93217 -0.0419988
    outer loop
      vertex 36.3822 -7.16552 2.72653
      vertex 36.2946 -7.37712 8.17302
      vertex 31.9514 -5.70177 8.17302
    endloop
  endfacet
  facet normal -0.449602 -0.893229 0
    outer loop
      vertex 40.6482 -9.05651 -2.72653
      vertex 44.8163 -11.1545 2.72653
      vertex 40.6482 -9.05651 2.72653
    endloop
  endfacet
  facet normal -0.449602 -0.893229 -0
    outer loop
      vertex 44.8163 -11.1545 2.72653
      vertex 40.6482 -9.05651 -2.72653
      vertex 44.8163 -11.1545 -2.72653
    endloop
  endfacet
  facet normal -0.491164 -0.867009 -0.0839873
    outer loop
      vertex 48 -13.3147 9.13816
      vertex 48 -13.7469 13.5998
      vertex 44.4927 -11.76 13.5998
    endloop
  endfacet
  facet normal -0.354796 -0.919762 0.167801
    outer loop
      vertex 33.8065 -8.19588 -22.0327
      vertex 31.5665 -6.77741 -18.9939
      vertex 31.3922 -7.26457 -22.0327
    endloop
  endfacet
  facet normal 0.122301 -0.991604 -0.0420018
    outer loop
      vertex -9.29617 -0.614368 8.17302
      vertex -13.9163 -1.1842 8.17302
      vertex -13.9499 -0.957645 2.72653
    endloop
  endfacet
  facet normal 0.313407 -0.948689 0.0420042
    outer loop
      vertex -27.5313 -4.24156 -8.17302
      vertex -27.5978 -4.02238 -2.72653
      vertex -32.0286 -5.48613 -2.72653
    endloop
  endfacet
  facet normal -0.399508 -0.90124 -0.167811
    outer loop
      vertex 40.0619 -10.2963 18.9939
      vertex 39.843 -10.759 22
      vertex 37.5028 -9.72162 22
    endloop
  endfacet
  facet normal -0.358622 -0.929697 0.0839833
    outer loop
      vertex 36.2946 -7.37712 -8.17302
      vertex 31.9514 -5.70177 -8.17302
      vertex 31.7973 -6.13255 -13.5998
    endloop
  endfacet
  facet normal -0.35479 -0.919766 -0.167795
    outer loop
      vertex 35.8574 -8.43258 18.9939
      vertex 33.7825 -8.18062 22
      vertex 31.5665 -6.77741 18.9939
    endloop
  endfacet
  facet normal -0.354804 -0.919758 -0.167806
    outer loop
      vertex 33.7825 -8.18062 22
      vertex 35.8574 -8.43258 18.9939
      vertex 35.6615 -8.90546 22
    endloop
  endfacet
  facet normal -0.485881 -0.857731 0.167979
    outer loop
      vertex 44.1698 -12.3641 -18.9939
      vertex 48 -14.5743 -19.2007
      vertex 48 -14.5338 -18.9939
    endloop
  endfacet
  facet normal -0.485893 -0.85776 0.167798
    outer loop
      vertex 45.6538 -13.7992 -22.0327
      vertex 44.1698 -12.3641 -18.9939
      vertex 43.9259 -12.8204 -22.0327
    endloop
  endfacet
  facet normal -0.485904 -0.857755 0.167791
    outer loop
      vertex 44.1698 -12.3641 -18.9939
      vertex 45.6538 -13.7992 -22.0327
      vertex 48 -14.5743 -19.2007
    endloop
  endfacet
  facet normal -0.26577 -0.960371 -0.0839864
    outer loop
      vertex 23.0448 -2.99998 8.17302
      vertex 27.5313 -4.24156 8.17302
      vertex 22.9336 -3.44379 13.5998
    endloop
  endfacet
  facet normal 0.49247 -0.869317 -0.0419663
    outer loop
      vertex -48 -13.1706 7.12486
      vertex -44.7084 -11.3565 8.17302
      vertex -48 -13.2212 8.17302
    endloop
  endfacet
  facet normal 0.492477 -0.869311 -0.0419975
    outer loop
      vertex -44.7084 -11.3565 8.17302
      vertex -48 -13.1706 7.12486
      vertex -44.8163 -11.1545 2.72653
    endloop
  endfacet
  facet normal 0.359576 -0.93217 0.0419988
    outer loop
      vertex -36.2946 -7.37712 -8.17302
      vertex -31.9514 -5.70177 -8.17302
      vertex -36.3822 -7.16552 -2.72653
    endloop
  endfacet
  facet normal 0.449202 -0.892442 -0.0420008
    outer loop
      vertex -40.6482 -9.05651 2.72653
      vertex -40.5503 -9.26356 8.17302
      vertex -44.7084 -11.3565 8.17302
    endloop
  endfacet
  facet normal 0.170812 -0.984408 0.0420037
    outer loop
      vertex -18.5028 -1.98005 -8.17302
      vertex -13.9499 -0.957645 -2.72653
      vertex -18.5475 -1.75541 -2.72653
    endloop
  endfacet
  facet normal 0.170815 -0.984408 0.0420017
    outer loop
      vertex -13.9163 -1.1842 -8.17302
      vertex -13.9499 -0.957645 -2.72653
      vertex -18.5028 -1.98005 -8.17302
    endloop
  endfacet
  facet normal 0.0729779 -0.989352 0.125923
    outer loop
      vertex -4.59764 -1.41296 -18.9939
      vertex -4.63124 -0.728887 -13.5998
      vertex -9.25133 -1.06968 -13.5998
    endloop
  endfacet
  facet normal 0.024192 -0.985524 0.167802
    outer loop
      vertex -1.98532 -1.86624 -22.0327
      vertex 0 -1.3001 -18.9939
      vertex -4.59764 -1.41296 -18.9939
    endloop
  endfacet
  facet normal 0.0241948 -0.985524 0.1678
    outer loop
      vertex 0 -1.3001 -18.9939
      vertex -1.98532 -1.86624 -22.0327
      vertex 0 -1.8175 -22.0327
    endloop
  endfacet
  facet normal 0.399488 -0.90125 0.167803
    outer loop
      vertex -39.8406 -10.764 -22.0327
      vertex -37.4749 -9.71538 -22.0327
      vertex -40.0619 -10.2963 -18.9939
    endloop
  endfacet
  facet normal 0.0734996 -0.99641 0.0420021
    outer loop
      vertex -9.29617 -0.614368 -8.17302
      vertex -4.66493 -0.0431595 -2.72653
      vertex -9.31862 -0.386436 -2.72653
    endloop
  endfacet
  facet normal 0.169598 -0.977435 0.125924
    outer loop
      vertex -13.7486 -2.31426 -18.9939
      vertex -13.8491 -1.63677 -13.5998
      vertex -18.4136 -2.42877 -13.5998
    endloop
  endfacet
  facet normal 0.215992 -0.961868 -0.1678
    outer loop
      vertex -20.1452 -4.0438 22
      vertex -22.6429 -4.60467 22
      vertex -22.7672 -4.10816 18.9939
    endloop
  endfacet
  facet normal 0.313406 -0.94869 -0.0420033
    outer loop
      vertex -27.5313 -4.24156 8.17302
      vertex -31.9514 -5.70177 8.17302
      vertex -32.0286 -5.48613 2.72653
    endloop
  endfacet
  facet normal 0.170963 -0.985277 0
    outer loop
      vertex -18.5475 -1.75541 -2.72653
      vertex -13.9499 -0.957645 2.72653
      vertex -18.5475 -1.75541 2.72653
    endloop
  endfacet
  facet normal 0.170963 -0.985277 0
    outer loop
      vertex -13.9499 -0.957645 2.72653
      vertex -18.5475 -1.75541 -2.72653
      vertex -13.9499 -0.957645 -2.72653
    endloop
  endfacet
  facet normal -0.0734996 -0.99641 0.0420021
    outer loop
      vertex 9.29617 -0.614368 -8.17302
      vertex 9.31862 -0.386436 -2.72653
      vertex 4.66493 -0.0431595 -2.72653
    endloop
  endfacet
  facet normal -0.215992 -0.961868 -0.1678
    outer loop
      vertex 22.7672 -4.10816 18.9939
      vertex 22.6429 -4.60467 22
      vertex 20.1452 -4.0438 22
    endloop
  endfacet
  facet normal -0.266713 -0.963776 0
    outer loop
      vertex 23.1005 -2.77781 -2.72653
      vertex 27.5978 -4.02238 2.72653
      vertex 23.1005 -2.77781 2.72653
    endloop
  endfacet
  facet normal -0.266713 -0.963776 -0
    outer loop
      vertex 27.5978 -4.02238 2.72653
      vertex 23.1005 -2.77781 -2.72653
      vertex 27.5978 -4.02238 -2.72653
    endloop
  endfacet
  facet normal -0.492475 -0.869313 0.0419998
    outer loop
      vertex 48 -13.1706 -7.12486
      vertex 48 -12.9581 -2.72653
      vertex 44.8163 -11.1545 -2.72653
    endloop
  endfacet
  facet normal -0.313406 -0.94869 0.0420033
    outer loop
      vertex 31.9514 -5.70177 -8.17302
      vertex 32.0286 -5.48613 -2.72653
      vertex 27.5313 -4.24156 -8.17302
    endloop
  endfacet
  facet normal 0.399494 -0.901246 0.167809
    outer loop
      vertex -37.4749 -9.71538 -22.0327
      vertex -35.8574 -8.43258 -18.9939
      vertex -40.0619 -10.2963 -18.9939
    endloop
  endfacet
  facet normal 0.399505 -0.901243 0.167801
    outer loop
      vertex -35.8574 -8.43258 -18.9939
      vertex -37.4749 -9.71538 -22.0327
      vertex -35.6594 -8.9106 -22.0327
    endloop
  endfacet
  facet normal 0.485881 -0.857731 0.167979
    outer loop
      vertex -48 -14.5743 -19.2007
      vertex -44.1698 -12.3641 -18.9939
      vertex -48 -14.5338 -18.9939
    endloop
  endfacet
  facet normal 0.485904 -0.857755 0.167791
    outer loop
      vertex -45.6538 -13.7992 -22.0327
      vertex -44.1698 -12.3641 -18.9939
      vertex -48 -14.5743 -19.2007
    endloop
  endfacet
  facet normal 0.485893 -0.85776 0.167798
    outer loop
      vertex -44.1698 -12.3641 -18.9939
      vertex -45.6538 -13.7992 -22.0327
      vertex -43.9259 -12.8204 -22.0327
    endloop
  endfacet
  facet normal 0.122301 -0.991604 0.0420018
    outer loop
      vertex -13.9163 -1.1842 -8.17302
      vertex -9.29617 -0.614368 -8.17302
      vertex -13.9499 -0.957645 -2.72653
    endloop
  endfacet
  facet normal -0.0245193 -0.998817 0.0420019
    outer loop
      vertex 4.66493 -0.0431595 -2.72653
      vertex 0 0.0713568 -2.72653
      vertex 0 -0.157677 -8.17302
    endloop
  endfacet
  facet normal 0.265766 -0.960373 0.0839825
    outer loop
      vertex -27.3985 -4.67937 -13.5998
      vertex -22.9336 -3.44379 -13.5998
      vertex -27.5313 -4.24156 -8.17302
    endloop
  endfacet
  facet normal 0.218906 -0.974841 0.0420038
    outer loop
      vertex -18.5028 -1.98005 -8.17302
      vertex -18.5475 -1.75541 -2.72653
      vertex -23.1005 -2.77781 -2.72653
    endloop
  endfacet
  facet normal 0.121438 -0.984579 -0.125924
    outer loop
      vertex -9.25133 -1.06968 13.5998
      vertex -13.7486 -2.31426 18.9939
      vertex -13.8491 -1.63677 13.5998
    endloop
  endfacet
  facet normal 0.0245409 -0.999699 0
    outer loop
      vertex -4.66493 -0.0431595 -2.72653
      vertex 0 0.0713568 2.72653
      vertex -4.66493 -0.0431595 2.72653
    endloop
  endfacet
  facet normal 0.0245409 -0.999699 0
    outer loop
      vertex 0 0.0713568 2.72653
      vertex -4.66493 -0.0431595 -2.72653
      vertex 0 0.0713568 -2.72653
    endloop
  endfacet
  facet normal 0.170355 -0.981798 -0.0839813
    outer loop
      vertex -13.8491 -1.63677 13.5998
      vertex -18.4136 -2.42877 13.5998
      vertex -18.5028 -1.98005 8.17302
    endloop
  endfacet
  facet normal 0.404884 -0.913403 -0.0419984
    outer loop
      vertex -36.3822 -7.16552 2.72653
      vertex -36.2946 -7.37712 8.17302
      vertex -40.6482 -9.05651 2.72653
    endloop
  endfacet
  facet normal -0.215996 -0.961868 -0.1678
    outer loop
      vertex 18.2799 -3.10051 18.9939
      vertex 20.1452 -4.0438 22
      vertex 18.1801 -3.60252 22
    endloop
  endfacet
  facet normal -0.215993 -0.961868 -0.167802
    outer loop
      vertex 20.1452 -4.0438 22
      vertex 18.2799 -3.10051 18.9939
      vertex 22.7672 -4.10816 18.9939
    endloop
  endfacet
  facet normal -0.0243446 -0.991741 -0.125923
    outer loop
      vertex 4.63124 -0.728887 13.5998
      vertex 4.59764 -1.41296 18.9939
      vertex 0 -1.3001 18.9939
    endloop
  endfacet
  facet normal -0.170355 -0.981798 -0.0839813
    outer loop
      vertex 18.5028 -1.98005 8.17302
      vertex 18.4136 -2.42877 13.5998
      vertex 13.8491 -1.63677 13.5998
    endloop
  endfacet
  facet normal -0.1696 -0.977435 -0.125926
    outer loop
      vertex 18.4136 -2.42877 13.5998
      vertex 18.2799 -3.10051 18.9939
      vertex 13.7486 -2.31426 18.9939
    endloop
  endfacet
  facet normal -0.0243334 -0.991741 -0.125925
    outer loop
      vertex 0.110402 -0.954064 16.2473
      vertex 0 -1.3001 18.9939
      vertex 0 -0.951698 16.25
    endloop
  endfacet
  facet normal -0.024317 -0.991742 -0.125924
    outer loop
      vertex 0.220538 -0.955736 16.2392
      vertex 0 -1.3001 18.9939
      vertex 0.110402 -0.954064 16.2473
    endloop
  endfacet
  facet normal -0.0244391 -0.991738 -0.125933
    outer loop
      vertex 0.330143 -0.95671 16.2256
      vertex 0 -1.3001 18.9939
      vertex 0.220538 -0.955736 16.2392
    endloop
  endfacet
  facet normal -0.0242524 -0.991745 -0.125912
    outer loop
      vertex 0.438952 -0.956984 16.2068
      vertex 0 -1.3001 18.9939
      vertex 0.330143 -0.95671 16.2256
    endloop
  endfacet
  facet normal -0.0243516 -0.991741 -0.125927
    outer loop
      vertex 0.546705 -0.956557 16.1826
      vertex 0 -1.3001 18.9939
      vertex 0.438952 -0.956984 16.2068
    endloop
  endfacet
  facet normal -0.0244041 -0.991738 -0.125937
    outer loop
      vertex 0.65314 -0.95543 16.1531
      vertex 0 -1.3001 18.9939
      vertex 0.546705 -0.956557 16.1826
    endloop
  endfacet
  facet normal -0.0242851 -0.991744 -0.12591
    outer loop
      vertex 0.758001 -0.953605 16.1185
      vertex 0 -1.3001 18.9939
      vertex 0.65314 -0.95543 16.1531
    endloop
  endfacet
  facet normal -0.0244229 -0.991736 -0.125946
    outer loop
      vertex 0.861037 -0.951088 16.0787
      vertex 0 -1.3001 18.9939
      vertex 0.758001 -0.953605 16.1185
    endloop
  endfacet
  facet normal -0.0242689 -0.991746 -0.125901
    outer loop
      vertex 0.961999 -0.947884 16.034
      vertex 0 -1.3001 18.9939
      vertex 0.861037 -0.951088 16.0787
    endloop
  endfacet
  facet normal -0.0244195 -0.991736 -0.125949
    outer loop
      vertex 1.06064 -0.944001 15.9843
      vertex 0 -1.3001 18.9939
      vertex 0.961999 -0.947884 16.034
    endloop
  endfacet
  facet normal -0.024287 -0.991745 -0.125904
    outer loop
      vertex 1.15673 -0.939448 15.9299
      vertex 0 -1.3001 18.9939
      vertex 1.06064 -0.944001 15.9843
    endloop
  endfacet
  facet normal -0.0243845 -0.991738 -0.12594
    outer loop
      vertex 1.25003 -0.934237 15.8708
      vertex 0 -1.3001 18.9939
      vertex 1.15673 -0.939448 15.9299
    endloop
  endfacet
  facet normal -0.024361 -0.99174 -0.12593
    outer loop
      vertex 1.34032 -0.928379 15.8072
      vertex 0 -1.3001 18.9939
      vertex 1.25003 -0.934237 15.8708
    endloop
  endfacet
  facet normal -0.0242485 -0.991749 -0.125884
    outer loop
      vertex 1.42738 -0.921889 15.7393
      vertex 0 -1.3001 18.9939
      vertex 1.34032 -0.928379 15.8072
    endloop
  endfacet
  facet normal -0.0245089 -0.991728 -0.125996
    outer loop
      vertex 1.51101 -0.914783 15.6671
      vertex 0 -1.3001 18.9939
      vertex 1.42738 -0.921889 15.7393
    endloop
  endfacet
  facet normal -0.0242187 -0.991751 -0.125867
    outer loop
      vertex 1.59099 -0.907078 15.591
      vertex 0 -1.3001 18.9939
      vertex 1.51101 -0.914783 15.6671
    endloop
  endfacet
  facet normal -0.0243845 -0.991738 -0.125943
    outer loop
      vertex 1.66714 -0.898791 15.511
      vertex 0 -1.3001 18.9939
      vertex 1.59099 -0.907078 15.591
    endloop
  endfacet
  facet normal -0.0243947 -0.991731 -0.125998
    outer loop
      vertex 4.63124 -0.728887 13.5998
      vertex 1.66714 -0.898791 15.511
      vertex 1.73927 -0.889944 15.4274
    endloop
  endfacet
  facet normal -0.0242748 -0.991757 -0.125811
    outer loop
      vertex 4.63124 -0.728887 13.5998
      vertex 1.73927 -0.889944 15.4274
      vertex 1.80722 -0.880558 15.3403
    endloop
  endfacet
  facet normal -0.0243384 -0.991743 -0.125912
    outer loop
      vertex 4.63124 -0.728887 13.5998
      vertex 1.80722 -0.880558 15.3403
      vertex 1.87081 -0.870654 15.25
    endloop
  endfacet
  facet normal -0.0243428 -0.991742 -0.12592
    outer loop
      vertex 4.63124 -0.728887 13.5998
      vertex 1.87081 -0.870654 15.25
      vertex 1.92989 -0.860258 15.1567
    endloop
  endfacet
  facet normal -0.0243371 -0.991743 -0.12591
    outer loop
      vertex 4.63124 -0.728887 13.5998
      vertex 1.92989 -0.860258 15.1567
      vertex 1.98432 -0.849393 15.0606
    endloop
  endfacet
  facet normal -0.0243471 -0.991741 -0.125925
    outer loop
      vertex 1.66714 -0.898791 15.511
      vertex 4.63124 -0.728887 13.5998
      vertex 0 -1.3001 18.9939
    endloop
  endfacet
  facet normal -0.0243872 -0.99173 -0.126
    outer loop
      vertex 2.03398 -0.838087 14.962
      vertex 4.63124 -0.728887 13.5998
      vertex 1.98432 -0.849393 15.0606
    endloop
  endfacet
  facet normal -0.0243161 -0.991749 -0.125866
    outer loop
      vertex 2.07873 -0.826366 14.861
      vertex 4.63124 -0.728887 13.5998
      vertex 2.03398 -0.838087 14.962
    endloop
  endfacet
  facet normal -0.0243706 -0.991734 -0.125975
    outer loop
      vertex 2.11847 -0.814259 14.758
      vertex 4.63124 -0.728887 13.5998
      vertex 2.07873 -0.826366 14.861
    endloop
  endfacet
  facet normal -0.0243225 -0.991748 -0.125872
    outer loop
      vertex 2.15312 -0.801795 14.6531
      vertex 4.63124 -0.728887 13.5998
      vertex 2.11847 -0.814259 14.758
    endloop
  endfacet
  facet normal -0.024363 -0.991735 -0.125966
    outer loop
      vertex 2.18257 -0.789004 14.5467
      vertex 4.63124 -0.728887 13.5998
      vertex 2.15312 -0.801795 14.6531
    endloop
  endfacet
  facet normal -0.0243743 -0.991731 -0.125995
    outer loop
      vertex 2.20677 -0.775916 14.439
      vertex 4.63124 -0.728887 13.5998
      vertex 2.18257 -0.789004 14.5467
    endloop
  endfacet
  facet normal -0.0243105 -0.991756 -0.125812
    outer loop
      vertex 2.22565 -0.762564 14.3301
      vertex 4.63124 -0.728887 13.5998
      vertex 2.20677 -0.775916 14.439
    endloop
  endfacet
  facet normal -0.0243495 -0.991739 -0.12594
    outer loop
      vertex 2.23917 -0.748978 14.2205
      vertex 4.63124 -0.728887 13.5998
      vertex 2.22565 -0.762564 14.3301
    endloop
  endfacet
  facet normal -0.024354 -0.991737 -0.125957
    outer loop
      vertex 2.24729 -0.735194 14.1104
      vertex 4.63124 -0.728887 13.5998
      vertex 2.23917 -0.748978 14.2205
    endloop
  endfacet
  facet normal -0.0243484 -0.99174 -0.125931
    outer loop
      vertex 2.25 -0.721242 14
      vertex 4.63124 -0.728887 13.5998
      vertex 2.24729 -0.735194 14.1104
    endloop
  endfacet
  facet normal -0.0243483 -0.99174 -0.12593
    outer loop
      vertex 2.24729 -0.707157 13.8896
      vertex 4.63124 -0.728887 13.5998
      vertex 2.25 -0.721242 14
    endloop
  endfacet
  facet normal -0.0243528 -0.991735 -0.125968
    outer loop
      vertex 2.23917 -0.692973 13.7795
      vertex 4.63124 -0.728887 13.5998
      vertex 2.24729 -0.707157 13.8896
    endloop
  endfacet
  facet normal -0.0243495 -0.991741 -0.125923
    outer loop
      vertex 2.22565 -0.678725 13.6699
      vertex 4.63124 -0.728887 13.5998
      vertex 2.23917 -0.692973 13.7795
    endloop
  endfacet
  facet normal -0.0243466 -0.991755 -0.125812
    outer loop
      vertex 4.63124 -0.728887 13.5998
      vertex 2.22565 -0.678725 13.6699
      vertex 2.2135 -0.669534 13.5998
    endloop
  endfacet
  facet normal -0.0735645 -0.99729 0
    outer loop
      vertex 4.66493 -0.0431595 -2.72653
      vertex 9.31862 -0.386436 2.72653
      vertex 4.66493 -0.0431595 2.72653
    endloop
  endfacet
  facet normal -0.0735645 -0.99729 -0
    outer loop
      vertex 9.31862 -0.386436 2.72653
      vertex 4.66493 -0.0431595 -2.72653
      vertex 9.31862 -0.386436 -2.72653
    endloop
  endfacet
  facet normal -0.121438 -0.984579 0.125924
    outer loop
      vertex 13.7486 -2.31426 -18.9939
      vertex 13.8491 -1.63677 -13.5998
      vertex 9.25133 -1.06968 -13.5998
    endloop
  endfacet
  facet normal -0.218906 -0.974841 -0.0420038
    outer loop
      vertex 18.5475 -1.75541 2.72653
      vertex 23.1005 -2.77781 2.72653
      vertex 18.5028 -1.98005 8.17302
    endloop
  endfacet
  facet normal -0.489094 -0.863107 -0.125828
    outer loop
      vertex 44.4927 -11.76 13.5998
      vertex 47.2319 -13.8692 17.4204
      vertex 47.1752 -13.8535 17.5331
    endloop
  endfacet
  facet normal -0.48887 -0.863203 -0.126042
    outer loop
      vertex 47.2319 -13.8692 17.4204
      vertex 44.4927 -11.76 13.5998
      vertex 47.391 -13.9069 17.0615
    endloop
  endfacet
  facet normal -0.488989 -0.863155 -0.125912
    outer loop
      vertex 47.391 -13.9069 17.0615
      vertex 44.4927 -11.76 13.5998
      vertex 47.5323 -13.9335 16.6951
    endloop
  endfacet
  facet normal -0.488971 -0.863162 -0.125935
    outer loop
      vertex 47.5323 -13.9335 16.6951
      vertex 44.4927 -11.76 13.5998
      vertex 47.6555 -13.9489 16.3223
    endloop
  endfacet
  facet normal -0.488986 -0.863156 -0.125913
    outer loop
      vertex 47.6555 -13.9489 16.3223
      vertex 44.4927 -11.76 13.5998
      vertex 47.7602 -13.953 15.9438
    endloop
  endfacet
  facet normal -0.488996 -0.863153 -0.125896
    outer loop
      vertex 47.7602 -13.953 15.9438
      vertex 44.4927 -11.76 13.5998
      vertex 47.8463 -13.9459 15.5607
    endloop
  endfacet
  facet normal -0.489014 -0.863148 -0.125859
    outer loop
      vertex 47.8463 -13.9459 15.5607
      vertex 44.4927 -11.76 13.5998
      vertex 47.9134 -13.9275 15.1738
    endloop
  endfacet
  facet normal -0.488991 -0.863153 -0.125917
    outer loop
      vertex 47.9134 -13.9275 15.1738
      vertex 44.4927 -11.76 13.5998
      vertex 47.9615 -13.8979 14.7841
    endloop
  endfacet
  facet normal -0.488959 -0.863156 -0.126016
    outer loop
      vertex 47.9615 -13.8979 14.7841
      vertex 44.4927 -11.76 13.5998
      vertex 47.9904 -13.8571 14.3925
    endloop
  endfacet
  facet normal -0.488992 -0.863158 -0.125875
    outer loop
      vertex 47.9904 -13.8571 14.3925
      vertex 44.4927 -11.76 13.5998
      vertex 48 -13.8053 14
    endloop
  endfacet
  facet normal -0.48898 -0.863153 -0.125957
    outer loop
      vertex 48 -13.8053 14
      vertex 44.4927 -11.76 13.5998
      vertex 48 -13.7469 13.5998
    endloop
  endfacet
  facet normal -0.402017 -0.906932 0.125922
    outer loop
      vertex 40.0619 -10.2963 -18.9939
      vertex 40.3547 -9.67715 -13.5998
      vertex 36.1195 -7.79981 -13.5998
    endloop
  endfacet
  facet normal -0.404887 -0.913402 -0.042001
    outer loop
      vertex 40.6482 -9.05651 2.72653
      vertex 40.5503 -9.26356 8.17302
      vertex 36.2946 -7.37712 8.17302
    endloop
  endfacet
  facet normal -0.405242 -0.91421 0
    outer loop
      vertex 36.3822 -7.16552 -2.72653
      vertex 40.6482 -9.05651 2.72653
      vertex 36.3822 -7.16552 2.72653
    endloop
  endfacet
  facet normal -0.405242 -0.91421 -0
    outer loop
      vertex 40.6482 -9.05651 2.72653
      vertex 36.3822 -7.16552 -2.72653
      vertex 40.6482 -9.05651 -2.72653
    endloop
  endfacet
  facet normal -0.446041 -0.886108 0.125938
    outer loop
      vertex 44.1698 -12.3641 -18.9939
      vertex 44.4927 -11.76 -13.5998
      vertex 40.0619 -10.2963 -18.9939
    endloop
  endfacet
  facet normal -0.491163 -0.867009 0.0839933
    outer loop
      vertex 44.7084 -11.3565 -8.17302
      vertex 48 -13.3147 -9.13816
      vertex 48 -13.2212 -8.17302
    endloop
  endfacet
  facet normal -0.491164 -0.867009 0.0839876
    outer loop
      vertex 48 -13.3147 -9.13816
      vertex 44.7084 -11.3565 -8.17302
      vertex 44.4927 -11.76 -13.5998
    endloop
  endfacet
  facet normal 0.443254 -0.880551 0.167798
    outer loop
      vertex -42.1521 -11.9275 -22.0327
      vertex -44.1698 -12.3641 -18.9939
      vertex -43.9259 -12.8204 -22.0327
    endloop
  endfacet
  facet normal 0.443247 -0.880556 0.167793
    outer loop
      vertex -44.1698 -12.3641 -18.9939
      vertex -42.1521 -11.9275 -22.0327
      vertex -40.0619 -10.2963 -18.9939
    endloop
  endfacet
  facet normal 0.359899 -0.932991 0
    outer loop
      vertex -36.3822 -7.16552 -2.72653
      vertex -32.0286 -5.48613 2.72653
      vertex -36.3822 -7.16552 2.72653
    endloop
  endfacet
  facet normal 0.359899 -0.932991 0
    outer loop
      vertex -32.0286 -5.48613 2.72653
      vertex -36.3822 -7.16552 -2.72653
      vertex -32.0286 -5.48613 -2.72653
    endloop
  endfacet
  facet normal 0.312575 -0.946173 0.0839836
    outer loop
      vertex -31.7973 -6.13255 -13.5998
      vertex -27.5313 -4.24156 -8.17302
      vertex -31.9514 -5.70177 -8.17302
    endloop
  endfacet
  facet normal 0.49291 -0.87008 0
    outer loop
      vertex -48 -12.9581 -2.72653
      vertex -44.8163 -11.1545 2.72653
      vertex -48 -12.9581 2.72653
    endloop
  endfacet
  facet normal 0.49291 -0.87008 0
    outer loop
      vertex -44.8163 -11.1545 2.72653
      vertex -48 -12.9581 -2.72653
      vertex -44.8163 -11.1545 -2.72653
    endloop
  endfacet
  facet normal 0.404887 -0.913402 0.042001
    outer loop
      vertex -40.5503 -9.26356 -8.17302
      vertex -36.2946 -7.37712 -8.17302
      vertex -40.6482 -9.05651 -2.72653
    endloop
  endfacet
  facet normal -0.168537 -0.971308 0.167801
    outer loop
      vertex 16.2223 -3.26846 -22.0327
      vertex 18.2799 -3.10051 -18.9939
      vertex 13.7486 -2.31426 -18.9939
    endloop
  endfacet
  facet normal -0.168538 -0.971307 0.167801
    outer loop
      vertex 18.2799 -3.10051 -18.9939
      vertex 16.2223 -3.26846 -22.0327
      vertex 18.179 -3.60798 -22.0327
    endloop
  endfacet
  facet normal -0.120679 -0.978407 0.167801
    outer loop
      vertex 11.7017 -2.58297 -22.0327
      vertex 9.1842 -1.75129 -18.9939
      vertex 9.13348 -2.2662 -22.0327
    endloop
  endfacet
  facet normal 0.0243446 -0.991741 0.125923
    outer loop
      vertex -4.59764 -1.41296 -18.9939
      vertex 0 -1.3001 -18.9939
      vertex -4.63124 -0.728887 -13.5998
    endloop
  endfacet
  facet normal -0.0243446 -0.991741 0.125923
    outer loop
      vertex 4.59764 -1.41296 -18.9939
      vertex 4.63124 -0.728887 -13.5998
      vertex 0 -1.3001 -18.9939
    endloop
  endfacet
  facet normal 0.0244546 -0.996167 0.0839845
    outer loop
      vertex -4.63124 -0.728887 -13.5998
      vertex 0 -0.157677 -8.17302
      vertex -4.65369 -0.271919 -8.17302
    endloop
  endfacet
  facet normal 0.0734995 -0.99641 0.0420022
    outer loop
      vertex -4.65369 -0.271919 -8.17302
      vertex -4.66493 -0.0431595 -2.72653
      vertex -9.29617 -0.614368 -8.17302
    endloop
  endfacet
  facet normal 0.357028 -0.925567 0.125927
    outer loop
      vertex -31.5665 -6.77741 -18.9939
      vertex -31.7973 -6.13255 -13.5998
      vertex -35.8574 -8.43258 -18.9939
    endloop
  endfacet
  facet normal 0.215993 -0.961868 0.1678
    outer loop
      vertex -20.1167 -4.0431 -22.0327
      vertex -18.2799 -3.10051 -18.9939
      vertex -22.7672 -4.10816 -18.9939
    endloop
  endfacet
  facet normal 0.215992 -0.961868 0.167801
    outer loop
      vertex -18.2799 -3.10051 -18.9939
      vertex -20.1167 -4.0431 -22.0327
      vertex -18.179 -3.60798 -22.0327
    endloop
  endfacet
  facet normal 0.121438 -0.984579 0.125924
    outer loop
      vertex -13.7486 -2.31426 -18.9939
      vertex -9.25133 -1.06968 -13.5998
      vertex -13.8491 -1.63677 -13.5998
    endloop
  endfacet
  facet normal 0.170361 -0.981796 0.0839871
    outer loop
      vertex -13.8491 -1.63677 -13.5998
      vertex -13.9163 -1.1842 -8.17302
      vertex -18.5028 -1.98005 -8.17302
    endloop
  endfacet
  facet normal 0.262935 -0.95011 -0.167799
    outer loop
      vertex -22.7672 -4.10816 18.9939
      vertex -22.6429 -4.60467 22
      vertex -25.11 -5.28742 22
    endloop
  endfacet
  facet normal 0.266477 -0.962926 -0.0420043
    outer loop
      vertex -23.1005 -2.77781 2.72653
      vertex -23.0448 -2.99998 8.17302
      vertex -27.5313 -4.24156 8.17302
    endloop
  endfacet
  facet normal 0.218325 -0.972255 -0.0839862
    outer loop
      vertex -18.5028 -1.98005 8.17302
      vertex -22.9336 -3.44379 13.5998
      vertex -23.0448 -2.99998 8.17302
    endloop
  endfacet
  facet normal 0.12241 -0.99248 0
    outer loop
      vertex -13.9499 -0.957645 -2.72653
      vertex -9.31862 -0.386436 2.72653
      vertex -13.9499 -0.957645 2.72653
    endloop
  endfacet
  facet normal 0.12241 -0.99248 0
    outer loop
      vertex -9.31862 -0.386436 2.72653
      vertex -13.9499 -0.957645 -2.72653
      vertex -9.31862 -0.386436 -2.72653
    endloop
  endfacet
  facet normal 0.122302 -0.991604 -0.0420021
    outer loop
      vertex -9.31862 -0.386436 2.72653
      vertex -9.29617 -0.614368 8.17302
      vertex -13.9499 -0.957645 2.72653
    endloop
  endfacet
  facet normal -0.12198 -0.988973 -0.0839837
    outer loop
      vertex 9.29617 -0.614368 8.17302
      vertex 13.8491 -1.63677 13.5998
      vertex 9.25133 -1.06968 13.5998
    endloop
  endfacet
  facet normal 0.218906 -0.974841 -0.0420038
    outer loop
      vertex -18.5475 -1.75541 2.72653
      vertex -18.5028 -1.98005 8.17302
      vertex -23.1005 -2.77781 2.72653
    endloop
  endfacet
  facet normal 0.170812 -0.984408 -0.0420037
    outer loop
      vertex -13.9499 -0.957645 2.72653
      vertex -18.5028 -1.98005 8.17302
      vertex -18.5475 -1.75541 2.72653
    endloop
  endfacet
  facet normal 0.218906 -0.974841 -0.0420039
    outer loop
      vertex -18.5028 -1.98005 8.17302
      vertex -23.0448 -2.99998 8.17302
      vertex -23.1005 -2.77781 2.72653
    endloop
  endfacet
  facet normal 0.121977 -0.988973 -0.0839865
    outer loop
      vertex -9.29617 -0.614368 8.17302
      vertex -13.8491 -1.63677 13.5998
      vertex -13.9163 -1.1842 8.17302
    endloop
  endfacet
  facet normal 0.0243446 -0.991741 -0.125923
    outer loop
      vertex 0 -1.3001 18.9939
      vertex -4.59764 -1.41296 18.9939
      vertex -4.63124 -0.728887 13.5998
    endloop
  endfacet
  facet normal 0.215993 -0.961868 -0.167802
    outer loop
      vertex -18.2799 -3.10051 18.9939
      vertex -20.1452 -4.0438 22
      vertex -22.7672 -4.10816 18.9939
    endloop
  endfacet
  facet normal 0.215996 -0.961868 -0.1678
    outer loop
      vertex -20.1452 -4.0438 22
      vertex -18.2799 -3.10051 18.9939
      vertex -18.1801 -3.60252 22
    endloop
  endfacet
  facet normal -0.168537 -0.971307 -0.167802
    outer loop
      vertex 18.2799 -3.10051 18.9939
      vertex 16.1957 -3.2582 22
      vertex 13.7486 -2.31426 18.9939
    endloop
  endfacet
  facet normal -0.168535 -0.971308 -0.167801
    outer loop
      vertex 16.1957 -3.2582 22
      vertex 18.2799 -3.10051 18.9939
      vertex 18.1801 -3.60252 22
    endloop
  endfacet
  facet normal -0.0733045 -0.993767 -0.0839845
    outer loop
      vertex 4.65369 -0.271919 8.17302
      vertex 9.29617 -0.614368 8.17302
      vertex 4.63124 -0.728887 13.5998
    endloop
  endfacet
  facet normal -0.265766 -0.960373 -0.0839825
    outer loop
      vertex 27.5313 -4.24156 8.17302
      vertex 27.3985 -4.67937 13.5998
      vertex 22.9336 -3.44379 13.5998
    endloop
  endfacet
  facet normal -0.217361 -0.967935 -0.125922
    outer loop
      vertex 22.9336 -3.44379 13.5998
      vertex 22.7672 -4.10816 18.9939
      vertex 18.4136 -2.42877 13.5998
    endloop
  endfacet
  facet normal -0.309232 -0.936065 0.167801
    outer loop
      vertex 31.3922 -7.26457 -22.0327
      vertex 31.5665 -6.77741 -18.9939
      vertex 28.9351 -6.45286 -22.0327
    endloop
  endfacet
  facet normal -0.262926 -0.950111 0.167803
    outer loop
      vertex 25.1355 -5.30024 -22.0327
      vertex 22.7672 -4.10816 -18.9939
      vertex 22.6415 -4.61007 -22.0327
    endloop
  endfacet
  facet normal -0.122302 -0.991604 -0.0420021
    outer loop
      vertex 9.31862 -0.386436 2.72653
      vertex 13.9499 -0.957645 2.72653
      vertex 9.29617 -0.614368 8.17302
    endloop
  endfacet
  facet normal -0.0245196 -0.998817 0.0420022
    outer loop
      vertex 4.65369 -0.271919 -8.17302
      vertex 4.66493 -0.0431595 -2.72653
      vertex 0 -0.157677 -8.17302
    endloop
  endfacet
  facet normal -0.0733045 -0.993767 0.0839845
    outer loop
      vertex 9.29617 -0.614368 -8.17302
      vertex 4.65369 -0.271919 -8.17302
      vertex 4.63124 -0.728887 -13.5998
    endloop
  endfacet
  facet normal -0.07298 -0.989352 0.125925
    outer loop
      vertex 9.1842 -1.75129 -18.9939
      vertex 9.25133 -1.06968 -13.5998
      vertex 4.59764 -1.41296 -18.9939
    endloop
  endfacet
  facet normal -0.168539 -0.971307 0.167799
    outer loop
      vertex 16.2223 -3.26846 -22.0327
      vertex 13.7486 -2.31426 -18.9939
      vertex 13.6727 -2.82606 -22.0327
    endloop
  endfacet
  facet normal -0.313407 -0.948689 0.0420042
    outer loop
      vertex 32.0286 -5.48613 -2.72653
      vertex 27.5978 -4.02238 -2.72653
      vertex 27.5313 -4.24156 -8.17302
    endloop
  endfacet
  facet normal -0.264585 -0.956106 0.125922
    outer loop
      vertex 27.3985 -4.67937 -13.5998
      vertex 22.9336 -3.44379 -13.5998
      vertex 22.7672 -4.10816 -18.9939
    endloop
  endfacet
  facet normal -0.404887 -0.913402 0.042001
    outer loop
      vertex 40.5503 -9.26356 -8.17302
      vertex 40.6482 -9.05651 -2.72653
      vertex 36.2946 -7.37712 -8.17302
    endloop
  endfacet
  facet normal -0.404884 -0.913403 0.0419984
    outer loop
      vertex 40.6482 -9.05651 -2.72653
      vertex 36.3822 -7.16552 -2.72653
      vertex 36.2946 -7.37712 -8.17302
    endloop
  endfacet
  facet normal -0.399505 -0.901243 0.167801
    outer loop
      vertex 37.4749 -9.71538 -22.0327
      vertex 35.8574 -8.43258 -18.9939
      vertex 35.6594 -8.9106 -22.0327
    endloop
  endfacet
  facet normal -0.399494 -0.901246 0.167809
    outer loop
      vertex 35.8574 -8.43258 -18.9939
      vertex 37.4749 -9.71538 -22.0327
      vertex 40.0619 -10.2963 -18.9939
    endloop
  endfacet
  facet normal -0.403813 -0.910978 0.0839852
    outer loop
      vertex 40.5503 -9.26356 -8.17302
      vertex 36.2946 -7.37712 -8.17302
      vertex 36.1195 -7.79981 -13.5998
    endloop
  endfacet
  facet normal -0.488964 -0.863144 -0.126083
    outer loop
      vertex 44.1698 -12.3641 18.9939
      vertex 46.4257 -13.6087 18.7656
      vertex 46.2475 -13.5411 18.9939
    endloop
  endfacet
  facet normal -0.48896 -0.863178 -0.125864
    outer loop
      vertex 44.1698 -12.3641 18.9939
      vertex 46.6517 -13.6899 18.4445
      vertex 46.4257 -13.6087 18.7656
    endloop
  endfacet
  facet normal -0.488976 -0.863149 -0.126004
    outer loop
      vertex 44.1698 -12.3641 18.9939
      vertex 46.8618 -13.7605 18.1128
      vertex 46.6517 -13.6899 18.4445
    endloop
  endfacet
  facet normal -0.48898 -0.863143 -0.126026
    outer loop
      vertex 44.1698 -12.3641 18.9939
      vertex 47.0554 -13.8203 17.7712
      vertex 46.8618 -13.7605 18.1128
    endloop
  endfacet
  facet normal -0.488864 -0.863271 -0.1256
    outer loop
      vertex 44.1698 -12.3641 18.9939
      vertex 47.1752 -13.8535 17.5331
      vertex 47.0554 -13.8203 17.7712
    endloop
  endfacet
  facet normal -0.488973 -0.86316 -0.125938
    outer loop
      vertex 47.1752 -13.8535 17.5331
      vertex 44.1698 -12.3641 18.9939
      vertex 44.4927 -11.76 13.5998
    endloop
  endfacet
  facet normal -0.443114 -0.880619 -0.167812
    outer loop
      vertex 40.0619 -10.2963 18.9939
      vertex 40 -10.838 22
      vertex 39.843 -10.759 22
    endloop
  endfacet
  facet normal -0.443167 -0.880593 -0.167808
    outer loop
      vertex 40 -10.838 22
      vertex 40.0619 -10.2963 18.9939
      vertex 40.3925 -11.0337 21.9904
    endloop
  endfacet
  facet normal -0.443404 -0.880484 -0.167756
    outer loop
      vertex 40.3925 -11.0337 21.9904
      vertex 40.0619 -10.2963 18.9939
      vertex 40.7841 -11.2254 21.9615
    endloop
  endfacet
  facet normal -0.44325 -0.88055 -0.167814
    outer loop
      vertex 40.7841 -11.2254 21.9615
      vertex 40.0619 -10.2963 18.9939
      vertex 41.1738 -11.4124 21.9134
    endloop
  endfacet
  facet normal -0.443127 -0.880599 -0.16788
    outer loop
      vertex 41.1738 -11.4124 21.9134
      vertex 40.0619 -10.2963 18.9939
      vertex 41.5607 -11.5943 21.8463
    endloop
  endfacet
  facet normal -0.44336 -0.880513 -0.167718
    outer loop
      vertex 41.5607 -11.5943 21.8463
      vertex 40.0619 -10.2963 18.9939
      vertex 41.9438 -11.7708 21.7602
    endloop
  endfacet
  facet normal -0.439823 -0.881701 -0.170757
    outer loop
      vertex 41.9438 -11.7708 21.7602
      vertex 40.0619 -10.2963 18.9939
      vertex 41.9613 -11.7786 21.7554
    endloop
  endfacet
  facet normal -0.527381 -0.832892 0.167811
    outer loop
      vertex 48 -15.1346 -22.0327
      vertex 48 -14.9168 -20.9517
      vertex 47.9054 -15.0747 -22.0327
    endloop
  endfacet
  facet normal 0.264585 -0.956106 -0.125922
    outer loop
      vertex -22.9336 -3.44379 13.5998
      vertex -22.7672 -4.10816 18.9939
      vertex -27.3985 -4.67937 13.5998
    endloop
  endfacet
  facet normal 0.443277 -0.880546 -0.167761
    outer loop
      vertex -40.0619 -10.2963 18.9939
      vertex -42.3223 -11.9413 21.6555
      vertex -42.6951 -12.1055 21.5323
    endloop
  endfacet
  facet normal 0.443233 -0.880558 -0.167817
    outer loop
      vertex -40.0619 -10.2963 18.9939
      vertex -42.6951 -12.1055 21.5323
      vertex -43.0615 -12.263 21.391
    endloop
  endfacet
  facet normal 0.443146 -0.880615 -0.167748
    outer loop
      vertex -44.1698 -12.3641 18.9939
      vertex -43.0615 -12.263 21.391
      vertex -43.4204 -12.4133 21.2319
    endloop
  endfacet
  facet normal 0.443124 -0.880627 -0.167741
    outer loop
      vertex -44.1698 -12.3641 18.9939
      vertex -43.4204 -12.4133 21.2319
      vertex -43.7712 -12.5562 21.0554
    endloop
  endfacet
  facet normal 0.443228 -0.880572 -0.167756
    outer loop
      vertex -44.1698 -12.3641 18.9939
      vertex -43.7712 -12.5562 21.0554
      vertex -44.0155 -12.6528 20.917
    endloop
  endfacet
  facet normal 0.443246 -0.880555 -0.167797
    outer loop
      vertex -43.0615 -12.263 21.391
      vertex -44.1698 -12.3641 18.9939
      vertex -40.0619 -10.2963 18.9939
    endloop
  endfacet
  facet normal 0.443279 -0.880545 -0.167759
    outer loop
      vertex -42.3223 -11.9413 21.6555
      vertex -40.0619 -10.2963 18.9939
      vertex -41.9613 -11.7786 21.7554
    endloop
  endfacet
  facet normal 0.488982 -0.863156 0.125929
    outer loop
      vertex -44.4927 -11.76 -13.5998
      vertex -48 -13.7469 -13.5998
      vertex -48 -14.4972 -18.7426
    endloop
  endfacet
  facet normal 0.491164 -0.867009 -0.0839873
    outer loop
      vertex -48 -13.3147 9.13816
      vertex -44.4927 -11.76 13.5998
      vertex -48 -13.7469 13.5998
    endloop
  endfacet
  facet normal 0.448011 -0.890075 -0.0839874
    outer loop
      vertex -40.5503 -9.26356 8.17302
      vertex -44.4927 -11.76 13.5998
      vertex -44.7084 -11.3565 8.17302
    endloop
  endfacet
  facet normal 0.485896 -0.857759 -0.16779
    outer loop
      vertex -44.1698 -12.3641 18.9939
      vertex -44.1128 -12.6972 20.8618
      vertex -44.4445 -12.844 20.6517
    endloop
  endfacet
  facet normal 0.485924 -0.857745 -0.167782
    outer loop
      vertex -44.1698 -12.3641 18.9939
      vertex -44.4445 -12.844 20.6517
      vertex -44.7656 -12.9817 20.4257
    endloop
  endfacet
  facet normal 0.485963 -0.857728 -0.167758
    outer loop
      vertex -44.1698 -12.3641 18.9939
      vertex -44.7656 -12.9817 20.4257
      vertex -45.0751 -13.1098 20.1841
    endloop
  endfacet
  facet normal 0.485775 -0.857798 -0.167945
    outer loop
      vertex -44.1698 -12.3641 18.9939
      vertex -45.0751 -13.1098 20.1841
      vertex -45.3725 -13.228 19.9276
    endloop
  endfacet
  facet normal 0.485914 -0.857761 -0.167731
    outer loop
      vertex -44.1698 -12.3641 18.9939
      vertex -45.3725 -13.228 19.9276
      vertex -45.6568 -13.3361 19.6568
    endloop
  endfacet
  facet normal 0.485903 -0.857762 -0.167758
    outer loop
      vertex -44.1698 -12.3641 18.9939
      vertex -45.6568 -13.3361 19.6568
      vertex -45.9276 -13.4339 19.3725
    endloop
  endfacet
  facet normal 0.485881 -0.857757 -0.167847
    outer loop
      vertex -44.1698 -12.3641 18.9939
      vertex -45.9276 -13.4339 19.3725
      vertex -46.1841 -13.521 19.0751
    endloop
  endfacet
  facet normal 0.485968 -0.857856 -0.167087
    outer loop
      vertex -44.1698 -12.3641 18.9939
      vertex -46.1841 -13.521 19.0751
      vertex -46.2475 -13.5411 18.9939
    endloop
  endfacet
  facet normal 0.486444 -0.857456 -0.167753
    outer loop
      vertex -44.1128 -12.6972 20.8618
      vertex -44.1698 -12.3641 18.9939
      vertex -44.0155 -12.6528 20.917
    endloop
  endfacet
  facet normal 0.491163 -0.867009 0.0839933
    outer loop
      vertex -48 -13.3147 -9.13816
      vertex -44.7084 -11.3565 -8.17302
      vertex -48 -13.2212 -8.17302
    endloop
  endfacet
  facet normal 0.491164 -0.867009 0.0839876
    outer loop
      vertex -44.7084 -11.3565 -8.17302
      vertex -48 -13.3147 -9.13816
      vertex -44.4927 -11.76 -13.5998
    endloop
  endfacet
  facet normal 0.217356 -0.967935 0.125927
    outer loop
      vertex -18.2799 -3.10051 -18.9939
      vertex -18.4136 -2.42877 -13.5998
      vertex -22.7672 -4.10816 -18.9939
    endloop
  endfacet
  facet normal 0.262941 -0.950107 0.167803
    outer loop
      vertex -25.1355 -5.30024 -22.0327
      vertex -27.1996 -5.33478 -18.9939
      vertex -27.0494 -5.82991 -22.0327
    endloop
  endfacet
  facet normal 0.262933 -0.950111 0.167798
    outer loop
      vertex -27.1996 -5.33478 -18.9939
      vertex -25.1355 -5.30024 -22.0327
      vertex -22.7672 -4.10816 -18.9939
    endloop
  endfacet
  facet normal -0.0725203 -0.983149 0.167804
    outer loop
      vertex 7.15294 -2.12011 -22.0327
      vertex 4.59764 -1.41296 -18.9939
      vertex 4.57225 -1.92975 -22.0327
    endloop
  endfacet
  facet normal 0.262926 -0.950111 0.167803
    outer loop
      vertex -22.6415 -4.61007 -22.0327
      vertex -22.7672 -4.10816 -18.9939
      vertex -25.1355 -5.30024 -22.0327
    endloop
  endfacet
  facet normal 0.215997 -0.961867 0.167803
    outer loop
      vertex -22.6415 -4.61007 -22.0327
      vertex -20.1167 -4.0431 -22.0327
      vertex -22.7672 -4.10816 -18.9939
    endloop
  endfacet
  facet normal 0.0241949 -0.985523 0.167804
    outer loop
      vertex -4.57225 -1.92975 -22.0327
      vertex -1.98532 -1.86624 -22.0327
      vertex -4.59764 -1.41296 -18.9939
    endloop
  endfacet
  facet normal 0.0725198 -0.98315 0.1678
    outer loop
      vertex -7.15294 -2.12011 -22.0327
      vertex -9.1842 -1.75129 -18.9939
      vertex -9.13348 -2.2662 -22.0327
    endloop
  endfacet
  facet normal 0.0725225 -0.983149 0.167802
    outer loop
      vertex -9.1842 -1.75129 -18.9939
      vertex -7.15294 -2.12011 -22.0327
      vertex -4.59764 -1.41296 -18.9939
    endloop
  endfacet
  facet normal 0.121437 -0.984579 0.125925
    outer loop
      vertex -9.1842 -1.75129 -18.9939
      vertex -9.25133 -1.06968 -13.5998
      vertex -13.7486 -2.31426 -18.9939
    endloop
  endfacet
  facet normal 0.122302 -0.991604 0.0420021
    outer loop
      vertex -9.29617 -0.614368 -8.17302
      vertex -9.31862 -0.386436 -2.72653
      vertex -13.9499 -0.957645 -2.72653
    endloop
  endfacet
  facet normal 0.0733045 -0.993767 -0.0839845
    outer loop
      vertex -4.65369 -0.271919 8.17302
      vertex -4.63124 -0.728887 13.5998
      vertex -9.29617 -0.614368 8.17302
    endloop
  endfacet
  facet normal 0.403813 -0.910978 0.0839852
    outer loop
      vertex -36.1195 -7.79981 -13.5998
      vertex -36.2946 -7.37712 -8.17302
      vertex -40.5503 -9.26356 -8.17302
    endloop
  endfacet
  facet normal 0.354782 -0.919767 0.167801
    outer loop
      vertex -33.8065 -8.19588 -22.0327
      vertex -35.8574 -8.43258 -18.9939
      vertex -35.6594 -8.9106 -22.0327
    endloop
  endfacet
  facet normal 0.354789 -0.919764 0.167806
    outer loop
      vertex -35.8574 -8.43258 -18.9939
      vertex -33.8065 -8.19588 -22.0327
      vertex -31.5665 -6.77741 -18.9939
    endloop
  endfacet
  facet normal 0.359581 -0.932168 -0.0420036
    outer loop
      vertex -32.0286 -5.48613 2.72653
      vertex -31.9514 -5.70177 8.17302
      vertex -36.3822 -7.16552 2.72653
    endloop
  endfacet
  facet normal 0.170355 -0.981798 0.0839813
    outer loop
      vertex -18.4136 -2.42877 -13.5998
      vertex -13.8491 -1.63677 -13.5998
      vertex -18.5028 -1.98005 -8.17302
    endloop
  endfacet
  facet normal 0.168538 -0.971307 0.167801
    outer loop
      vertex -16.2223 -3.26846 -22.0327
      vertex -18.2799 -3.10051 -18.9939
      vertex -18.179 -3.60798 -22.0327
    endloop
  endfacet
  facet normal 0.168537 -0.971308 0.167801
    outer loop
      vertex -18.2799 -3.10051 -18.9939
      vertex -16.2223 -3.26846 -22.0327
      vertex -13.7486 -2.31426 -18.9939
    endloop
  endfacet
  facet normal 0.121977 -0.988973 0.0839865
    outer loop
      vertex -13.8491 -1.63677 -13.5998
      vertex -9.29617 -0.614368 -8.17302
      vertex -13.9163 -1.1842 -8.17302
    endloop
  endfacet
  facet normal 0.07298 -0.989352 0.125925
    outer loop
      vertex -9.1842 -1.75129 -18.9939
      vertex -4.59764 -1.41296 -18.9939
      vertex -9.25133 -1.06968 -13.5998
    endloop
  endfacet
  facet normal 0.309229 -0.936067 -0.167799
    outer loop
      vertex -28.9634 -6.45635 22
      vertex -31.3941 -7.25933 22
      vertex -31.5665 -6.77741 18.9939
    endloop
  endfacet
  facet normal 0.26577 -0.960371 -0.0839864
    outer loop
      vertex -23.0448 -2.99998 8.17302
      vertex -22.9336 -3.44379 13.5998
      vertex -27.5313 -4.24156 8.17302
    endloop
  endfacet
  facet normal 0.218331 -0.972254 -0.0839808
    outer loop
      vertex -18.5028 -1.98005 8.17302
      vertex -18.4136 -2.42877 13.5998
      vertex -22.9336 -3.44379 13.5998
    endloop
  endfacet
  facet normal -0.12241 -0.99248 0
    outer loop
      vertex 9.31862 -0.386436 -2.72653
      vertex 13.9499 -0.957645 2.72653
      vertex 9.31862 -0.386436 2.72653
    endloop
  endfacet
  facet normal -0.12241 -0.99248 -0
    outer loop
      vertex 13.9499 -0.957645 2.72653
      vertex 9.31862 -0.386436 -2.72653
      vertex 13.9499 -0.957645 -2.72653
    endloop
  endfacet
  facet normal -0.0245409 -0.999699 0
    outer loop
      vertex 0 0.0713568 -2.72653
      vertex 4.66493 -0.0431595 2.72653
      vertex 0 0.0713568 2.72653
    endloop
  endfacet
  facet normal -0.0245409 -0.999699 -0
    outer loop
      vertex 4.66493 -0.0431595 2.72653
      vertex 0 0.0713568 -2.72653
      vertex 4.66493 -0.0431595 -2.72653
    endloop
  endfacet
  facet normal -0.024455 -0.996172 -0.0839246
    outer loop
      vertex 2.20677 -0.6661 13.561
      vertex 4.63124 -0.728887 13.5998
      vertex 2.2135 -0.669534 13.5998
    endloop
  endfacet
  facet normal -0.0244531 -0.996163 -0.0840306
    outer loop
      vertex 2.18257 -0.656421 13.4533
      vertex 4.63124 -0.728887 13.5998
      vertex 2.20677 -0.6661 13.561
    endloop
  endfacet
  facet normal -0.0244544 -0.996165 -0.0840097
    outer loop
      vertex 2.15312 -0.646725 13.3469
      vertex 4.63124 -0.728887 13.5998
      vertex 2.18257 -0.656421 13.4533
    endloop
  endfacet
  facet normal -0.0244607 -0.99617 -0.0839497
    outer loop
      vertex 2.11847 -0.637034 13.242
      vertex 4.63124 -0.728887 13.5998
      vertex 2.15312 -0.646725 13.3469
    endloop
  endfacet
  facet normal -0.0244516 -0.996165 -0.084012
    outer loop
      vertex 2.07873 -0.627372 13.139
      vertex 4.63124 -0.728887 13.5998
      vertex 2.11847 -0.637034 13.242
    endloop
  endfacet
  facet normal -0.024462 -0.996169 -0.0839555
    outer loop
      vertex 2.03398 -0.617761 13.038
      vertex 4.63124 -0.728887 13.5998
      vertex 2.07873 -0.627372 13.139
    endloop
  endfacet
  facet normal -0.0244479 -0.996164 -0.0840197
    outer loop
      vertex 1.98432 -0.608226 12.9394
      vertex 4.63124 -0.728887 13.5998
      vertex 2.03398 -0.617761 13.038
    endloop
  endfacet
  facet normal -0.0244606 -0.996168 -0.0839693
    outer loop
      vertex 1.92989 -0.598789 12.8433
      vertex 4.63124 -0.728887 13.5998
      vertex 1.98432 -0.608226 12.9394
    endloop
  endfacet
  facet normal -0.0244539 -0.996166 -0.083993
    outer loop
      vertex 1.87081 -0.589472 12.75
      vertex 4.63124 -0.728887 13.5998
      vertex 1.92989 -0.598789 12.8433
    endloop
  endfacet
  facet normal -0.0244616 -0.996168 -0.0839683
    outer loop
      vertex 1.80722 -0.580299 12.6597
      vertex 4.63124 -0.728887 13.5998
      vertex 1.87081 -0.589472 12.75
    endloop
  endfacet
  facet normal -0.0244736 -0.996171 -0.0839325
    outer loop
      vertex 1.73927 -0.571291 12.5726
      vertex 4.63124 -0.728887 13.5998
      vertex 1.80722 -0.580299 12.6597
    endloop
  endfacet
  facet normal -0.0244479 -0.996165 -0.0840042
    outer loop
      vertex 1.66714 -0.562471 12.489
      vertex 4.63124 -0.728887 13.5998
      vertex 1.73927 -0.571291 12.5726
    endloop
  endfacet
  facet normal -0.024463 -0.996168 -0.0839642
    outer loop
      vertex 1.59099 -0.553858 12.409
      vertex 4.63124 -0.728887 13.5998
      vertex 1.66714 -0.562471 12.489
    endloop
  endfacet
  facet normal -0.0244222 -0.996161 -0.0840674
    outer loop
      vertex 1.51101 -0.545475 12.3329
      vertex 4.63124 -0.728887 13.5998
      vertex 1.59099 -0.553858 12.409
    endloop
  endfacet
  facet normal -0.024369 -0.996167 -0.0840143
    outer loop
      vertex 0 -0.157677 8.17302
      vertex 1.51101 -0.545475 12.3329
      vertex 1.42738 -0.53734 12.2607
    endloop
  endfacet
  facet normal -0.0245065 -0.996167 -0.0839664
    outer loop
      vertex 0 -0.157677 8.17302
      vertex 1.42738 -0.53734 12.2607
      vertex 1.34032 -0.529475 12.1928
    endloop
  endfacet
  facet normal -0.0244342 -0.996167 -0.0839905
    outer loop
      vertex 0 -0.157677 8.17302
      vertex 1.34032 -0.529475 12.1928
      vertex 1.25003 -0.521898 12.1292
    endloop
  endfacet
  facet normal -0.0244419 -0.996167 -0.083988
    outer loop
      vertex 0 -0.157677 8.17302
      vertex 1.25003 -0.521898 12.1292
      vertex 1.15673 -0.514626 12.0701
    endloop
  endfacet
  facet normal -0.0244894 -0.996167 -0.0839739
    outer loop
      vertex 0 -0.157677 8.17302
      vertex 1.15673 -0.514626 12.0701
      vertex 1.06064 -0.507678 12.0157
    endloop
  endfacet
  facet normal -0.0244129 -0.996167 -0.0839951
    outer loop
      vertex 0 -0.157677 8.17302
      vertex 1.06064 -0.507678 12.0157
      vertex 0.961999 -0.50107 11.966
    endloop
  endfacet
  facet normal -0.0244571 -0.996167 -0.0839824
    outer loop
      vertex 1.51101 -0.545475 12.3329
      vertex 0 -0.157677 8.17302
      vertex 4.63124 -0.728887 13.5998
    endloop
  endfacet
  facet normal -0.0244986 -0.996167 -0.0839733
    outer loop
      vertex 0.861037 -0.494819 11.9213
      vertex 0 -0.157677 8.17302
      vertex 0.961999 -0.50107 11.966
    endloop
  endfacet
  facet normal -0.0244037 -0.996167 -0.0839952
    outer loop
      vertex 0.758001 -0.488939 11.8815
      vertex 0 -0.157677 8.17302
      vertex 0.861037 -0.494819 11.9213
    endloop
  endfacet
  facet normal -0.0244928 -0.996167 -0.0839769
    outer loop
      vertex 0.65314 -0.483444 11.8469
      vertex 0 -0.157677 8.17302
      vertex 0.758001 -0.488939 11.8815
    endloop
  endfacet
  facet normal -0.0244163 -0.996167 -0.0839905
    outer loop
      vertex 0.546705 -0.478348 11.8174
      vertex 0 -0.157677 8.17302
      vertex 0.65314 -0.483444 11.8469
    endloop
  endfacet
  facet normal -0.0244503 -0.996167 -0.0839854
    outer loop
      vertex 0.438952 -0.473663 11.7932
      vertex 0 -0.157677 8.17302
      vertex 0.546705 -0.478348 11.8174
    endloop
  endfacet
  facet normal -0.024519 -0.996166 -0.083977
    outer loop
      vertex 0.330143 -0.4694 11.7744
      vertex 0 -0.157677 8.17302
      vertex 0.438952 -0.473663 11.7932
    endloop
  endfacet
  facet normal -0.0243882 -0.996168 -0.0839892
    outer loop
      vertex 0.220538 -0.46557 11.7608
      vertex 0 -0.157677 8.17302
      vertex 0.330143 -0.4694 11.7744
    endloop
  endfacet
  facet normal -0.0244765 -0.996166 -0.0839836
    outer loop
      vertex 0.110402 -0.462181 11.7527
      vertex 0 -0.157677 8.17302
      vertex 0.220538 -0.46557 11.7608
    endloop
  endfacet
  facet normal -0.0244649 -0.996167 -0.083984
    outer loop
      vertex 0 -0.157677 8.17302
      vertex 0.110402 -0.462181 11.7527
      vertex 0 -0.459242 11.75
    endloop
  endfacet
  facet normal -0.0245193 -0.998817 -0.0420019
    outer loop
      vertex 0 0.0713568 2.72653
      vertex 4.66493 -0.0431595 2.72653
      vertex 0 -0.157677 8.17302
    endloop
  endfacet
  facet normal 0.313684 -0.949527 0
    outer loop
      vertex -32.0286 -5.48613 -2.72653
      vertex -27.5978 -4.02238 2.72653
      vertex -32.0286 -5.48613 2.72653
    endloop
  endfacet
  facet normal 0.313684 -0.949527 0
    outer loop
      vertex -27.5978 -4.02238 2.72653
      vertex -32.0286 -5.48613 -2.72653
      vertex -27.5978 -4.02238 -2.72653
    endloop
  endfacet
  facet normal 0.170361 -0.981796 -0.0839871
    outer loop
      vertex -13.9163 -1.1842 8.17302
      vertex -13.8491 -1.63677 13.5998
      vertex -18.5028 -1.98005 8.17302
    endloop
  endfacet
  facet normal 0.170815 -0.984408 -0.0420017
    outer loop
      vertex -13.9499 -0.957645 2.72653
      vertex -13.9163 -1.1842 8.17302
      vertex -18.5028 -1.98005 8.17302
    endloop
  endfacet
  facet normal 0.12198 -0.988973 -0.0839837
    outer loop
      vertex -9.29617 -0.614368 8.17302
      vertex -9.25133 -1.06968 13.5998
      vertex -13.8491 -1.63677 13.5998
    endloop
  endfacet
  facet normal 0.07298 -0.989352 -0.125925
    outer loop
      vertex -4.59764 -1.41296 18.9939
      vertex -9.1842 -1.75129 18.9939
      vertex -9.25133 -1.06968 13.5998
    endloop
  endfacet
  facet normal 0.168537 -0.971307 -0.167802
    outer loop
      vertex -13.7486 -2.31426 18.9939
      vertex -13.6735 -2.82056 22
      vertex -16.1957 -3.2582 22
    endloop
  endfacet
  facet normal 0.217361 -0.967935 -0.125922
    outer loop
      vertex -18.4136 -2.42877 13.5998
      vertex -22.7672 -4.10816 18.9939
      vertex -22.9336 -3.44379 13.5998
    endloop
  endfacet
  facet normal -0.121437 -0.984579 -0.125925
    outer loop
      vertex 9.25133 -1.06968 13.5998
      vertex 13.7486 -2.31426 18.9939
      vertex 9.1842 -1.75129 18.9939
    endloop
  endfacet
  facet normal -0.07298 -0.989352 -0.125925
    outer loop
      vertex 9.25133 -1.06968 13.5998
      vertex 9.1842 -1.75129 18.9939
      vertex 4.59764 -1.41296 18.9939
    endloop
  endfacet
  facet normal -0.218906 -0.974841 -0.0420039
    outer loop
      vertex 23.1005 -2.77781 2.72653
      vertex 23.0448 -2.99998 8.17302
      vertex 18.5028 -1.98005 8.17302
    endloop
  endfacet
  facet normal -0.120676 -0.978407 -0.167803
    outer loop
      vertex 13.7486 -2.31426 18.9939
      vertex 11.6746 -2.57402 22
      vertex 9.1842 -1.75129 18.9939
    endloop
  endfacet
  facet normal -0.120675 -0.978407 -0.167802
    outer loop
      vertex 11.6746 -2.57402 22
      vertex 13.7486 -2.31426 18.9939
      vertex 13.6735 -2.82056 22
    endloop
  endfacet
  facet normal -0.309229 -0.936067 -0.167799
    outer loop
      vertex 31.5665 -6.77741 18.9939
      vertex 31.3941 -7.25933 22
      vertex 28.9634 -6.45635 22
    endloop
  endfacet
  facet normal -0.311185 -0.941969 -0.125926
    outer loop
      vertex 31.7973 -6.13255 13.5998
      vertex 31.5665 -6.77741 18.9939
      vertex 27.1996 -5.33478 18.9939
    endloop
  endfacet
  facet normal -0.0725191 -0.983149 -0.167805
    outer loop
      vertex 4.59764 -1.41296 18.9939
      vertex 7.12546 -2.1125 22
      vertex 4.57252 -1.92419 22
    endloop
  endfacet
  facet normal -0.0241949 -0.985524 -0.167802
    outer loop
      vertex 0 -1.3001 18.9939
      vertex 2.01342 -1.86137 22
      vertex 0 -1.81194 22
    endloop
  endfacet
  facet normal -0.024192 -0.985523 -0.167804
    outer loop
      vertex 2.01342 -1.86137 22
      vertex 0 -1.3001 18.9939
      vertex 4.59764 -1.41296 18.9939
    endloop
  endfacet
  facet normal -0.313684 -0.949527 0
    outer loop
      vertex 27.5978 -4.02238 -2.72653
      vertex 32.0286 -5.48613 2.72653
      vertex 27.5978 -4.02238 2.72653
    endloop
  endfacet
  facet normal -0.313684 -0.949527 -0
    outer loop
      vertex 32.0286 -5.48613 2.72653
      vertex 27.5978 -4.02238 -2.72653
      vertex 32.0286 -5.48613 -2.72653
    endloop
  endfacet
  facet normal -0.312575 -0.946173 -0.0839836
    outer loop
      vertex 31.9514 -5.70177 8.17302
      vertex 31.7973 -6.13255 13.5998
      vertex 27.5313 -4.24156 8.17302
    endloop
  endfacet
  facet normal -0.121977 -0.988973 0.0839865
    outer loop
      vertex 13.8491 -1.63677 -13.5998
      vertex 13.9163 -1.1842 -8.17302
      vertex 9.29617 -0.614368 -8.17302
    endloop
  endfacet
  facet normal -0.265766 -0.960373 0.0839825
    outer loop
      vertex 27.3985 -4.67937 -13.5998
      vertex 27.5313 -4.24156 -8.17302
      vertex 22.9336 -3.44379 -13.5998
    endloop
  endfacet
  facet normal -0.266477 -0.962926 0.0420043
    outer loop
      vertex 27.5313 -4.24156 -8.17302
      vertex 23.1005 -2.77781 -2.72653
      vertex 23.0448 -2.99998 -8.17302
    endloop
  endfacet
  facet normal -0.170361 -0.981796 0.0839871
    outer loop
      vertex 18.5028 -1.98005 -8.17302
      vertex 13.9163 -1.1842 -8.17302
      vertex 13.8491 -1.63677 -13.5998
    endloop
  endfacet
  facet normal -0.0244546 -0.996167 0.0839845
    outer loop
      vertex 4.63124 -0.728887 -13.5998
      vertex 4.65369 -0.271919 -8.17302
      vertex 0 -0.157677 -8.17302
    endloop
  endfacet
  facet normal -0.0244546 -0.996167 0.0839845
    outer loop
      vertex 4.63124 -0.728887 -13.5998
      vertex 0 -0.157677 -8.17302
      vertex 0 -0.615196 -13.5998
    endloop
  endfacet
  facet normal -0.024346 -0.991741 0.125924
    outer loop
      vertex 4.63124 -0.728887 -13.5998
      vertex 0 -0.615196 -13.5998
      vertex 0 -1.3001 -18.9939
    endloop
  endfacet
  facet normal 0.024346 -0.991741 0.125924
    outer loop
      vertex 0 -1.3001 -18.9939
      vertex 0 -0.615196 -13.5998
      vertex -4.63124 -0.728887 -13.5998
    endloop
  endfacet
  facet normal -0.169598 -0.977435 0.125924
    outer loop
      vertex 18.4136 -2.42877 -13.5998
      vertex 13.8491 -1.63677 -13.5998
      vertex 13.7486 -2.31426 -18.9939
    endloop
  endfacet
  facet normal -0.0241948 -0.985524 0.1678
    outer loop
      vertex 1.98532 -1.86624 -22.0327
      vertex 0 -1.3001 -18.9939
      vertex 0 -1.8175 -22.0327
    endloop
  endfacet
  facet normal -0.024192 -0.985524 0.167802
    outer loop
      vertex 0 -1.3001 -18.9939
      vertex 1.98532 -1.86624 -22.0327
      vertex 4.59764 -1.41296 -18.9939
    endloop
  endfacet
  facet normal -0.121437 -0.984579 0.125925
    outer loop
      vertex 13.7486 -2.31426 -18.9939
      vertex 9.25133 -1.06968 -13.5998
      vertex 9.1842 -1.75129 -18.9939
    endloop
  endfacet
  facet normal -0.311185 -0.941969 0.125926
    outer loop
      vertex 31.5665 -6.77741 -18.9939
      vertex 31.7973 -6.13255 -13.5998
      vertex 27.1996 -5.33478 -18.9939
    endloop
  endfacet
  facet normal -0.311187 -0.941968 0.125928
    outer loop
      vertex 31.7973 -6.13255 -13.5998
      vertex 27.3985 -4.67937 -13.5998
      vertex 27.1996 -5.33478 -18.9939
    endloop
  endfacet
  facet normal -0.359899 -0.932991 0
    outer loop
      vertex 32.0286 -5.48613 -2.72653
      vertex 36.3822 -7.16552 2.72653
      vertex 32.0286 -5.48613 2.72653
    endloop
  endfacet
  facet normal -0.359899 -0.932991 -0
    outer loop
      vertex 36.3822 -7.16552 2.72653
      vertex 32.0286 -5.48613 -2.72653
      vertex 36.3822 -7.16552 -2.72653
    endloop
  endfacet
  facet normal -0.312575 -0.946173 0.0839836
    outer loop
      vertex 31.7973 -6.13255 -13.5998
      vertex 31.9514 -5.70177 -8.17302
      vertex 27.5313 -4.24156 -8.17302
    endloop
  endfacet
  facet normal -0.402014 -0.906933 0.125924
    outer loop
      vertex 40.0619 -10.2963 -18.9939
      vertex 36.1195 -7.79981 -13.5998
      vertex 35.8574 -8.43258 -18.9939
    endloop
  endfacet
  facet normal -0.354789 -0.919764 0.167806
    outer loop
      vertex 33.8065 -8.19588 -22.0327
      vertex 35.8574 -8.43258 -18.9939
      vertex 31.5665 -6.77741 -18.9939
    endloop
  endfacet
  facet normal -0.354782 -0.919767 0.167801
    outer loop
      vertex 35.8574 -8.43258 -18.9939
      vertex 33.8065 -8.19588 -22.0327
      vertex 35.6594 -8.9106 -22.0327
    endloop
  endfacet
  facet normal -0.448011 -0.890075 0.0839874
    outer loop
      vertex 44.4927 -11.76 -13.5998
      vertex 44.7084 -11.3565 -8.17302
      vertex 40.5503 -9.26356 -8.17302
    endloop
  endfacet
  facet normal -0.492477 -0.869311 0.0419975
    outer loop
      vertex 44.7084 -11.3565 -8.17302
      vertex 48 -13.1706 -7.12486
      vertex 44.8163 -11.1545 -2.72653
    endloop
  endfacet
  facet normal -0.49247 -0.869317 0.0419663
    outer loop
      vertex 48 -13.1706 -7.12486
      vertex 44.7084 -11.3565 -8.17302
      vertex 48 -13.2212 -8.17302
    endloop
  endfacet
  facet normal -0.448011 -0.890075 -0.0839874
    outer loop
      vertex 44.7084 -11.3565 8.17302
      vertex 44.4927 -11.76 13.5998
      vertex 40.5503 -9.26356 8.17302
    endloop
  endfacet
  facet normal -0.491164 -0.867009 -0.0839876
    outer loop
      vertex 44.7084 -11.3565 8.17302
      vertex 48 -13.3147 9.13816
      vertex 44.4927 -11.76 13.5998
    endloop
  endfacet
  facet normal -0.491163 -0.867009 -0.0839933
    outer loop
      vertex 48 -13.3147 9.13816
      vertex 44.7084 -11.3565 8.17302
      vertex 48 -13.2212 8.17302
    endloop
  endfacet
  facet normal -0.443279 -0.880545 -0.167759
    outer loop
      vertex 40.0619 -10.2963 18.9939
      vertex 42.3223 -11.9413 21.6555
      vertex 41.9613 -11.7786 21.7554
    endloop
  endfacet
  facet normal -0.443277 -0.880546 -0.167761
    outer loop
      vertex 42.3223 -11.9413 21.6555
      vertex 40.0619 -10.2963 18.9939
      vertex 42.6951 -12.1055 21.5323
    endloop
  endfacet
  facet normal -0.443233 -0.880558 -0.167817
    outer loop
      vertex 42.6951 -12.1055 21.5323
      vertex 40.0619 -10.2963 18.9939
      vertex 43.0615 -12.263 21.391
    endloop
  endfacet
  facet normal -0.443246 -0.880555 -0.167797
    outer loop
      vertex 44.1698 -12.3641 18.9939
      vertex 43.0615 -12.263 21.391
      vertex 40.0619 -10.2963 18.9939
    endloop
  endfacet
  facet normal -0.443124 -0.880627 -0.167741
    outer loop
      vertex 43.4204 -12.4133 21.2319
      vertex 44.1698 -12.3641 18.9939
      vertex 43.7712 -12.5562 21.0554
    endloop
  endfacet
  facet normal -0.443146 -0.880615 -0.167748
    outer loop
      vertex 43.0615 -12.263 21.391
      vertex 44.1698 -12.3641 18.9939
      vertex 43.4204 -12.4133 21.2319
    endloop
  endfacet
  facet normal -0.443228 -0.880572 -0.167756
    outer loop
      vertex 43.7712 -12.5562 21.0554
      vertex 44.1698 -12.3641 18.9939
      vertex 44.0155 -12.6528 20.917
    endloop
  endfacet
  facet normal -0.486444 -0.857456 -0.167753
    outer loop
      vertex 44.1698 -12.3641 18.9939
      vertex 44.1128 -12.6972 20.8618
      vertex 44.0155 -12.6528 20.917
    endloop
  endfacet
  facet normal -0.485896 -0.857759 -0.16779
    outer loop
      vertex 44.1128 -12.6972 20.8618
      vertex 44.1698 -12.3641 18.9939
      vertex 44.4445 -12.844 20.6517
    endloop
  endfacet
  facet normal -0.485924 -0.857745 -0.167782
    outer loop
      vertex 44.4445 -12.844 20.6517
      vertex 44.1698 -12.3641 18.9939
      vertex 44.7656 -12.9817 20.4257
    endloop
  endfacet
  facet normal -0.485963 -0.857728 -0.167758
    outer loop
      vertex 44.7656 -12.9817 20.4257
      vertex 44.1698 -12.3641 18.9939
      vertex 45.0751 -13.1098 20.1841
    endloop
  endfacet
  facet normal -0.485775 -0.857798 -0.167945
    outer loop
      vertex 45.0751 -13.1098 20.1841
      vertex 44.1698 -12.3641 18.9939
      vertex 45.3725 -13.228 19.9276
    endloop
  endfacet
  facet normal -0.485914 -0.857761 -0.167731
    outer loop
      vertex 45.3725 -13.228 19.9276
      vertex 44.1698 -12.3641 18.9939
      vertex 45.6568 -13.3361 19.6568
    endloop
  endfacet
  facet normal -0.485903 -0.857762 -0.167758
    outer loop
      vertex 45.6568 -13.3361 19.6568
      vertex 44.1698 -12.3641 18.9939
      vertex 45.9276 -13.4339 19.3725
    endloop
  endfacet
  facet normal -0.485881 -0.857757 -0.167847
    outer loop
      vertex 45.9276 -13.4339 19.3725
      vertex 44.1698 -12.3641 18.9939
      vertex 46.1841 -13.521 19.0751
    endloop
  endfacet
  facet normal -0.485968 -0.857856 -0.167087
    outer loop
      vertex 46.1841 -13.521 19.0751
      vertex 44.1698 -12.3641 18.9939
      vertex 46.2475 -13.5411 18.9939
    endloop
  endfacet
  facet normal -0.311187 -0.941968 -0.125928
    outer loop
      vertex 27.3985 -4.67937 13.5998
      vertex 31.7973 -6.13255 13.5998
      vertex 27.1996 -5.33478 18.9939
    endloop
  endfacet
  facet normal -0.354786 -0.919766 -0.167798
    outer loop
      vertex 31.5665 -6.77741 18.9939
      vertex 33.7825 -8.18062 22
      vertex 31.3941 -7.25933 22
    endloop
  endfacet
  facet normal -0.443233 -0.88056 0.167805
    outer loop
      vertex 42.1521 -11.9275 -22.0327
      vertex 40.0619 -10.2963 -18.9939
      vertex 39.8406 -10.764 -22.0327
    endloop
  endfacet
  facet normal 0.404884 -0.913403 0.0419984
    outer loop
      vertex -36.2946 -7.37712 -8.17302
      vertex -36.3822 -7.16552 -2.72653
      vertex -40.6482 -9.05651 -2.72653
    endloop
  endfacet
  facet normal 0.527381 -0.832892 0.167811
    outer loop
      vertex -47.9054 -15.0747 -22.0327
      vertex -48 -14.9168 -20.9517
      vertex -48 -15.1346 -22.0327
    endloop
  endfacet
  facet normal 0.449205 -0.892441 -0.0419981
    outer loop
      vertex -40.6482 -9.05651 2.72653
      vertex -44.7084 -11.3565 8.17302
      vertex -44.8163 -11.1545 2.72653
    endloop
  endfacet
  facet normal 0.491163 -0.867009 -0.0839933
    outer loop
      vertex -44.7084 -11.3565 8.17302
      vertex -48 -13.3147 9.13816
      vertex -48 -13.2212 8.17302
    endloop
  endfacet
  facet normal 0.491164 -0.867009 -0.0839876
    outer loop
      vertex -48 -13.3147 9.13816
      vertex -44.7084 -11.3565 8.17302
      vertex -44.4927 -11.76 13.5998
    endloop
  endfacet
  facet normal 0.48887 -0.863203 -0.126042
    outer loop
      vertex -44.4927 -11.76 13.5998
      vertex -47.2319 -13.8692 17.4204
      vertex -47.391 -13.9069 17.0615
    endloop
  endfacet
  facet normal 0.488989 -0.863155 -0.125912
    outer loop
      vertex -44.4927 -11.76 13.5998
      vertex -47.391 -13.9069 17.0615
      vertex -47.5323 -13.9335 16.6951
    endloop
  endfacet
  facet normal 0.488971 -0.863162 -0.125935
    outer loop
      vertex -44.4927 -11.76 13.5998
      vertex -47.5323 -13.9335 16.6951
      vertex -47.6555 -13.9489 16.3223
    endloop
  endfacet
  facet normal 0.488986 -0.863156 -0.125913
    outer loop
      vertex -44.4927 -11.76 13.5998
      vertex -47.6555 -13.9489 16.3223
      vertex -47.7602 -13.953 15.9438
    endloop
  endfacet
  facet normal 0.488996 -0.863153 -0.125896
    outer loop
      vertex -44.4927 -11.76 13.5998
      vertex -47.7602 -13.953 15.9438
      vertex -47.8463 -13.9459 15.5607
    endloop
  endfacet
  facet normal 0.489014 -0.863148 -0.125859
    outer loop
      vertex -44.4927 -11.76 13.5998
      vertex -47.8463 -13.9459 15.5607
      vertex -47.9134 -13.9275 15.1738
    endloop
  endfacet
  facet normal 0.488991 -0.863153 -0.125917
    outer loop
      vertex -44.4927 -11.76 13.5998
      vertex -47.9134 -13.9275 15.1738
      vertex -47.9615 -13.8979 14.7841
    endloop
  endfacet
  facet normal 0.488959 -0.863156 -0.126016
    outer loop
      vertex -44.4927 -11.76 13.5998
      vertex -47.9615 -13.8979 14.7841
      vertex -47.9904 -13.8571 14.3925
    endloop
  endfacet
  facet normal 0.488992 -0.863158 -0.125875
    outer loop
      vertex -44.4927 -11.76 13.5998
      vertex -47.9904 -13.8571 14.3925
      vertex -48 -13.8053 14
    endloop
  endfacet
  facet normal 0.48898 -0.863153 -0.125957
    outer loop
      vertex -44.4927 -11.76 13.5998
      vertex -48 -13.8053 14
      vertex -48 -13.7469 13.5998
    endloop
  endfacet
  facet normal 0.489094 -0.863107 -0.125828
    outer loop
      vertex -47.2319 -13.8692 17.4204
      vertex -44.4927 -11.76 13.5998
      vertex -47.1752 -13.8535 17.5331
    endloop
  endfacet
  facet normal 0.311185 -0.941969 -0.125926
    outer loop
      vertex -27.1996 -5.33478 18.9939
      vertex -31.5665 -6.77741 18.9939
      vertex -31.7973 -6.13255 13.5998
    endloop
  endfacet
  facet normal 0.402014 -0.906933 -0.125923
    outer loop
      vertex -40.0619 -10.2963 18.9939
      vertex -38 -9.00135 16.25
      vertex -35.8574 -8.43258 18.9939
    endloop
  endfacet
  facet normal 0.401776 -0.907009 -0.126138
    outer loop
      vertex -38 -9.00135 16.25
      vertex -40.0619 -10.2963 18.9939
      vertex -38.0555 -9.02574 16.2486
    endloop
  endfacet
  facet normal 0.402068 -0.906903 -0.125971
    outer loop
      vertex -37.8896 -8.95203 16.2473
      vertex -35.8574 -8.43258 18.9939
      vertex -38 -9.00135 16.25
    endloop
  endfacet
  facet normal 0.402086 -0.906892 -0.125987
    outer loop
      vertex -37.7795 -8.90209 16.2392
      vertex -35.8574 -8.43258 18.9939
      vertex -37.8896 -8.95203 16.2473
    endloop
  endfacet
  facet normal 0.402011 -0.906934 -0.125927
    outer loop
      vertex -37.6699 -8.85162 16.2256
      vertex -35.8574 -8.43258 18.9939
      vertex -37.7795 -8.90209 16.2392
    endloop
  endfacet
  facet normal 0.40182 -0.907039 -0.125786
    outer loop
      vertex -37.561 -8.80077 16.2068
      vertex -35.8574 -8.43258 18.9939
      vertex -37.6699 -8.85162 16.2256
    endloop
  endfacet
  facet normal 0.402135 -0.906869 -0.126001
    outer loop
      vertex -37.4533 -8.74965 16.1826
      vertex -35.8574 -8.43258 18.9939
      vertex -37.561 -8.80077 16.2068
    endloop
  endfacet
  facet normal 0.402076 -0.9069 -0.125964
    outer loop
      vertex -37.3469 -8.69838 16.1531
      vertex -35.8574 -8.43258 18.9939
      vertex -37.4533 -8.74965 16.1826
    endloop
  endfacet
  facet normal 0.401936 -0.906973 -0.125884
    outer loop
      vertex -37.242 -8.64709 16.1185
      vertex -35.8574 -8.43258 18.9939
      vertex -37.3469 -8.69838 16.1531
    endloop
  endfacet
  facet normal 0.402059 -0.90691 -0.125947
    outer loop
      vertex -37.139 -8.5959 16.0787
      vertex -35.8574 -8.43258 18.9939
      vertex -37.242 -8.64709 16.1185
    endloop
  endfacet
  facet normal 0.401974 -0.906953 -0.125908
    outer loop
      vertex -37.038 -8.54493 16.034
      vertex -35.8574 -8.43258 18.9939
      vertex -37.139 -8.5959 16.0787
    endloop
  endfacet
  facet normal 0.402096 -0.906892 -0.125959
    outer loop
      vertex -36.9394 -8.49431 15.9843
      vertex -35.8574 -8.43258 18.9939
      vertex -37.038 -8.54493 16.034
    endloop
  endfacet
  facet normal 0.402004 -0.906937 -0.125925
    outer loop
      vertex -36.8433 -8.44416 15.9299
      vertex -35.8574 -8.43258 18.9939
      vertex -36.9394 -8.49431 15.9843
    endloop
  endfacet
  facet normal 0.401994 -0.906942 -0.125922
    outer loop
      vertex -36.75 -8.3946 15.8708
      vertex -35.8574 -8.43258 18.9939
      vertex -36.8433 -8.44416 15.9299
    endloop
  endfacet
  facet normal 0.402028 -0.906926 -0.125931
    outer loop
      vertex -36.6597 -8.34574 15.8072
      vertex -35.8574 -8.43258 18.9939
      vertex -36.75 -8.3946 15.8708
    endloop
  endfacet
  facet normal 0.401895 -0.906989 -0.125899
    outer loop
      vertex -36.5726 -8.29772 15.7393
      vertex -35.8574 -8.43258 18.9939
      vertex -36.6597 -8.34574 15.8072
    endloop
  endfacet
  facet normal 0.402001 -0.90694 -0.12592
    outer loop
      vertex -36.489 -8.25064 15.6671
      vertex -35.8574 -8.43258 18.9939
      vertex -36.5726 -8.29772 15.7393
    endloop
  endfacet
  facet normal 0.402034 -0.906924 -0.125926
    outer loop
      vertex -36.409 -8.20461 15.591
      vertex -35.8574 -8.43258 18.9939
      vertex -36.489 -8.25064 15.6671
    endloop
  endfacet
  facet normal 0.402181 -0.906856 -0.125945
    outer loop
      vertex -36.3329 -8.15975 15.511
      vertex -35.8574 -8.43258 18.9939
      vertex -36.409 -8.20461 15.591
    endloop
  endfacet
  facet normal 0.401817 -0.907023 -0.125909
    outer loop
      vertex -36.2607 -8.11616 15.4274
      vertex -35.8574 -8.43258 18.9939
      vertex -36.3329 -8.15975 15.511
    endloop
  endfacet
  facet normal 0.402099 -0.906895 -0.125929
    outer loop
      vertex -36.1928 -8.07396 15.3403
      vertex -35.8574 -8.43258 18.9939
      vertex -36.2607 -8.11616 15.4274
    endloop
  endfacet
  facet normal 0.402017 -0.906932 -0.125925
    outer loop
      vertex -36.1292 -8.03323 15.25
      vertex -35.8574 -8.43258 18.9939
      vertex -36.1928 -8.07396 15.3403
    endloop
  endfacet
  facet normal 0.401881 -0.906992 -0.125922
    outer loop
      vertex -36.0701 -7.99409 15.1567
      vertex -35.8574 -8.43258 18.9939
      vertex -36.1292 -8.03323 15.25
    endloop
  endfacet
  facet normal 0.401851 -0.907006 -0.125922
    outer loop
      vertex -35.8574 -8.43258 18.9939
      vertex -36.0701 -7.99409 15.1567
      vertex -36.0459 -7.97744 15.114
    endloop
  endfacet
  facet normal 0.485904 -0.857751 0.167813
    outer loop
      vertex -45.6538 -13.7992 -22.0327
      vertex -48 -14.9168 -20.9517
      vertex -47.9054 -15.0747 -22.0327
    endloop
  endfacet
  facet normal 0.485895 -0.857762 0.16778
    outer loop
      vertex -48 -14.9168 -20.9517
      vertex -45.6538 -13.7992 -22.0327
      vertex -48 -14.5743 -19.2007
    endloop
  endfacet
  facet normal 0.402017 -0.906932 0.125922
    outer loop
      vertex -40.0619 -10.2963 -18.9939
      vertex -36.1195 -7.79981 -13.5998
      vertex -40.3547 -9.67715 -13.5998
    endloop
  endfacet
  facet normal -0.120676 -0.978407 0.167803
    outer loop
      vertex 11.7017 -2.58297 -22.0327
      vertex 13.7486 -2.31426 -18.9939
      vertex 9.1842 -1.75129 -18.9939
    endloop
  endfacet
  facet normal -0.12067 -0.978408 0.167799
    outer loop
      vertex 13.7486 -2.31426 -18.9939
      vertex 11.7017 -2.58297 -22.0327
      vertex 13.6727 -2.82606 -22.0327
    endloop
  endfacet
  facet normal 0.120679 -0.978407 0.167801
    outer loop
      vertex -9.13348 -2.2662 -22.0327
      vertex -9.1842 -1.75129 -18.9939
      vertex -11.7017 -2.58297 -22.0327
    endloop
  endfacet
  facet normal 0.0725203 -0.983149 0.167804
    outer loop
      vertex -4.57225 -1.92975 -22.0327
      vertex -4.59764 -1.41296 -18.9939
      vertex -7.15294 -2.12011 -22.0327
    endloop
  endfacet
  facet normal 0.0735645 -0.99729 0
    outer loop
      vertex -9.31862 -0.386436 -2.72653
      vertex -4.66493 -0.0431595 2.72653
      vertex -9.31862 -0.386436 2.72653
    endloop
  endfacet
  facet normal 0.0735645 -0.99729 0
    outer loop
      vertex -4.66493 -0.0431595 2.72653
      vertex -9.31862 -0.386436 -2.72653
      vertex -4.66493 -0.0431595 -2.72653
    endloop
  endfacet
  facet normal 0.357031 -0.925566 0.125924
    outer loop
      vertex -35.8574 -8.43258 -18.9939
      vertex -31.7973 -6.13255 -13.5998
      vertex -36.1195 -7.79981 -13.5998
    endloop
  endfacet
  facet normal 0.402014 -0.906933 0.125924
    outer loop
      vertex -35.8574 -8.43258 -18.9939
      vertex -36.1195 -7.79981 -13.5998
      vertex -40.0619 -10.2963 -18.9939
    endloop
  endfacet
  facet normal 0.311185 -0.941969 0.125926
    outer loop
      vertex -31.5665 -6.77741 -18.9939
      vertex -27.1996 -5.33478 -18.9939
      vertex -31.7973 -6.13255 -13.5998
    endloop
  endfacet
  facet normal 0.1696 -0.977435 0.125926
    outer loop
      vertex -18.2799 -3.10051 -18.9939
      vertex -13.7486 -2.31426 -18.9939
      vertex -18.4136 -2.42877 -13.5998
    endloop
  endfacet
  facet normal 0.266713 -0.963776 0
    outer loop
      vertex -27.5978 -4.02238 -2.72653
      vertex -23.1005 -2.77781 2.72653
      vertex -27.5978 -4.02238 2.72653
    endloop
  endfacet
  facet normal 0.266713 -0.963776 0
    outer loop
      vertex -23.1005 -2.77781 2.72653
      vertex -27.5978 -4.02238 -2.72653
      vertex -23.1005 -2.77781 -2.72653
    endloop
  endfacet
  facet normal 0.405242 -0.91421 0
    outer loop
      vertex -40.6482 -9.05651 -2.72653
      vertex -36.3822 -7.16552 2.72653
      vertex -40.6482 -9.05651 2.72653
    endloop
  endfacet
  facet normal 0.405242 -0.91421 0
    outer loop
      vertex -36.3822 -7.16552 2.72653
      vertex -40.6482 -9.05651 -2.72653
      vertex -36.3822 -7.16552 -2.72653
    endloop
  endfacet
  facet normal 0.12198 -0.988973 0.0839837
    outer loop
      vertex -9.25133 -1.06968 -13.5998
      vertex -9.29617 -0.614368 -8.17302
      vertex -13.8491 -1.63677 -13.5998
    endloop
  endfacet
  facet normal 0.0733035 -0.993767 0.0839837
    outer loop
      vertex -9.25133 -1.06968 -13.5998
      vertex -4.63124 -0.728887 -13.5998
      vertex -9.29617 -0.614368 -8.17302
    endloop
  endfacet
  facet normal 0.312575 -0.946173 -0.0839836
    outer loop
      vertex -27.5313 -4.24156 8.17302
      vertex -31.7973 -6.13255 13.5998
      vertex -31.9514 -5.70177 8.17302
    endloop
  endfacet
  facet normal 0.309234 -0.936064 -0.167804
    outer loop
      vertex -27.1996 -5.33478 18.9939
      vertex -28.9634 -6.45635 22
      vertex -31.5665 -6.77741 18.9939
    endloop
  endfacet
  facet normal 0.309244 -0.936062 -0.167797
    outer loop
      vertex -28.9634 -6.45635 22
      vertex -27.1996 -5.33478 18.9939
      vertex -27.0511 -5.82459 22
    endloop
  endfacet
  facet normal 0.266477 -0.962926 -0.0420041
    outer loop
      vertex -23.1005 -2.77781 2.72653
      vertex -27.5313 -4.24156 8.17302
      vertex -27.5978 -4.02238 2.72653
    endloop
  endfacet
  facet normal 0.313407 -0.948689 -0.0420042
    outer loop
      vertex -27.5978 -4.02238 2.72653
      vertex -27.5313 -4.24156 8.17302
      vertex -32.0286 -5.48613 2.72653
    endloop
  endfacet
  facet normal 0.358622 -0.929697 -0.0839833
    outer loop
      vertex -31.9514 -5.70177 8.17302
      vertex -31.7973 -6.13255 13.5998
      vertex -36.2946 -7.37712 8.17302
    endloop
  endfacet
  facet normal 0.359576 -0.93217 -0.0419988
    outer loop
      vertex -31.9514 -5.70177 8.17302
      vertex -36.2946 -7.37712 8.17302
      vertex -36.3822 -7.16552 2.72653
    endloop
  endfacet
  facet normal 0.024455 -0.996172 -0.0839246
    outer loop
      vertex -4.63124 -0.728887 13.5998
      vertex -2.20677 -0.6661 13.561
      vertex -2.2135 -0.669534 13.5998
    endloop
  endfacet
  facet normal 0.0244531 -0.996163 -0.0840306
    outer loop
      vertex -4.63124 -0.728887 13.5998
      vertex -2.18257 -0.656421 13.4533
      vertex -2.20677 -0.6661 13.561
    endloop
  endfacet
  facet normal 0.0244544 -0.996165 -0.0840097
    outer loop
      vertex -4.63124 -0.728887 13.5998
      vertex -2.15312 -0.646725 13.3469
      vertex -2.18257 -0.656421 13.4533
    endloop
  endfacet
  facet normal 0.0244607 -0.99617 -0.0839497
    outer loop
      vertex -4.63124 -0.728887 13.5998
      vertex -2.11847 -0.637034 13.242
      vertex -2.15312 -0.646725 13.3469
    endloop
  endfacet
  facet normal 0.0244516 -0.996165 -0.084012
    outer loop
      vertex -4.63124 -0.728887 13.5998
      vertex -2.07873 -0.627372 13.139
      vertex -2.11847 -0.637034 13.242
    endloop
  endfacet
  facet normal 0.024462 -0.996169 -0.0839555
    outer loop
      vertex -4.63124 -0.728887 13.5998
      vertex -2.03398 -0.617761 13.038
      vertex -2.07873 -0.627372 13.139
    endloop
  endfacet
  facet normal 0.0244479 -0.996164 -0.0840197
    outer loop
      vertex -4.63124 -0.728887 13.5998
      vertex -1.98432 -0.608226 12.9394
      vertex -2.03398 -0.617761 13.038
    endloop
  endfacet
  facet normal 0.0244606 -0.996168 -0.0839693
    outer loop
      vertex -4.63124 -0.728887 13.5998
      vertex -1.92989 -0.598789 12.8433
      vertex -1.98432 -0.608226 12.9394
    endloop
  endfacet
  facet normal 0.0244539 -0.996166 -0.083993
    outer loop
      vertex -4.63124 -0.728887 13.5998
      vertex -1.87081 -0.589472 12.75
      vertex -1.92989 -0.598789 12.8433
    endloop
  endfacet
  facet normal 0.0244616 -0.996168 -0.0839683
    outer loop
      vertex -4.63124 -0.728887 13.5998
      vertex -1.80722 -0.580299 12.6597
      vertex -1.87081 -0.589472 12.75
    endloop
  endfacet
  facet normal 0.0244736 -0.996171 -0.0839325
    outer loop
      vertex -4.63124 -0.728887 13.5998
      vertex -1.73927 -0.571291 12.5726
      vertex -1.80722 -0.580299 12.6597
    endloop
  endfacet
  facet normal 0.0244479 -0.996165 -0.0840042
    outer loop
      vertex -4.63124 -0.728887 13.5998
      vertex -1.66714 -0.562471 12.489
      vertex -1.73927 -0.571291 12.5726
    endloop
  endfacet
  facet normal 0.024463 -0.996168 -0.0839642
    outer loop
      vertex -4.63124 -0.728887 13.5998
      vertex -1.59099 -0.553858 12.409
      vertex -1.66714 -0.562471 12.489
    endloop
  endfacet
  facet normal 0.0244222 -0.996161 -0.0840674
    outer loop
      vertex -4.63124 -0.728887 13.5998
      vertex -1.51101 -0.545475 12.3329
      vertex -1.59099 -0.553858 12.409
    endloop
  endfacet
  facet normal 0.0244571 -0.996167 -0.0839824
    outer loop
      vertex 0 -0.157677 8.17302
      vertex -1.51101 -0.545475 12.3329
      vertex -4.63124 -0.728887 13.5998
    endloop
  endfacet
  facet normal 0.024369 -0.996167 -0.0840143
    outer loop
      vertex -1.51101 -0.545475 12.3329
      vertex 0 -0.157677 8.17302
      vertex -1.42738 -0.53734 12.2607
    endloop
  endfacet
  facet normal 0.0245065 -0.996167 -0.0839664
    outer loop
      vertex -1.42738 -0.53734 12.2607
      vertex 0 -0.157677 8.17302
      vertex -1.34032 -0.529475 12.1928
    endloop
  endfacet
  facet normal 0.0244342 -0.996167 -0.0839905
    outer loop
      vertex -1.34032 -0.529475 12.1928
      vertex 0 -0.157677 8.17302
      vertex -1.25003 -0.521898 12.1292
    endloop
  endfacet
  facet normal 0.0244419 -0.996167 -0.083988
    outer loop
      vertex -1.25003 -0.521898 12.1292
      vertex 0 -0.157677 8.17302
      vertex -1.15673 -0.514626 12.0701
    endloop
  endfacet
  facet normal 0.0244894 -0.996167 -0.0839739
    outer loop
      vertex -1.15673 -0.514626 12.0701
      vertex 0 -0.157677 8.17302
      vertex -1.06064 -0.507678 12.0157
    endloop
  endfacet
  facet normal 0.0244649 -0.996167 -0.083984
    outer loop
      vertex -0.110402 -0.462181 11.7527
      vertex 0 -0.157677 8.17302
      vertex 0 -0.459242 11.75
    endloop
  endfacet
  facet normal 0.0244765 -0.996166 -0.0839836
    outer loop
      vertex -0.220538 -0.46557 11.7608
      vertex 0 -0.157677 8.17302
      vertex -0.110402 -0.462181 11.7527
    endloop
  endfacet
  facet normal 0.0243882 -0.996168 -0.0839892
    outer loop
      vertex -0.330143 -0.4694 11.7744
      vertex 0 -0.157677 8.17302
      vertex -0.220538 -0.46557 11.7608
    endloop
  endfacet
  facet normal 0.024519 -0.996166 -0.083977
    outer loop
      vertex -0.438952 -0.473663 11.7932
      vertex 0 -0.157677 8.17302
      vertex -0.330143 -0.4694 11.7744
    endloop
  endfacet
  facet normal 0.0244503 -0.996167 -0.0839854
    outer loop
      vertex -0.546705 -0.478348 11.8174
      vertex 0 -0.157677 8.17302
      vertex -0.438952 -0.473663 11.7932
    endloop
  endfacet
  facet normal 0.0244163 -0.996167 -0.0839905
    outer loop
      vertex -0.65314 -0.483444 11.8469
      vertex 0 -0.157677 8.17302
      vertex -0.546705 -0.478348 11.8174
    endloop
  endfacet
  facet normal 0.0244928 -0.996167 -0.0839769
    outer loop
      vertex -0.758001 -0.488939 11.8815
      vertex 0 -0.157677 8.17302
      vertex -0.65314 -0.483444 11.8469
    endloop
  endfacet
  facet normal 0.0244037 -0.996167 -0.0839952
    outer loop
      vertex -0.861037 -0.494819 11.9213
      vertex 0 -0.157677 8.17302
      vertex -0.758001 -0.488939 11.8815
    endloop
  endfacet
  facet normal 0.0244986 -0.996167 -0.0839733
    outer loop
      vertex -0.961999 -0.50107 11.966
      vertex 0 -0.157677 8.17302
      vertex -0.861037 -0.494819 11.9213
    endloop
  endfacet
  facet normal 0.0244129 -0.996167 -0.0839951
    outer loop
      vertex -1.06064 -0.507678 12.0157
      vertex 0 -0.157677 8.17302
      vertex -0.961999 -0.50107 11.966
    endloop
  endfacet
  facet normal 0.0243334 -0.991741 -0.125925
    outer loop
      vertex 0 -1.3001 18.9939
      vertex -0.110402 -0.954064 16.2473
      vertex 0 -0.951698 16.25
    endloop
  endfacet
  facet normal 0.024317 -0.991742 -0.125924
    outer loop
      vertex 0 -1.3001 18.9939
      vertex -0.220538 -0.955736 16.2392
      vertex -0.110402 -0.954064 16.2473
    endloop
  endfacet
  facet normal 0.0244391 -0.991738 -0.125933
    outer loop
      vertex 0 -1.3001 18.9939
      vertex -0.330143 -0.95671 16.2256
      vertex -0.220538 -0.955736 16.2392
    endloop
  endfacet
  facet normal 0.0242524 -0.991745 -0.125912
    outer loop
      vertex 0 -1.3001 18.9939
      vertex -0.438952 -0.956984 16.2068
      vertex -0.330143 -0.95671 16.2256
    endloop
  endfacet
  facet normal 0.0243516 -0.991741 -0.125927
    outer loop
      vertex 0 -1.3001 18.9939
      vertex -0.546705 -0.956557 16.1826
      vertex -0.438952 -0.956984 16.2068
    endloop
  endfacet
  facet normal 0.0244041 -0.991738 -0.125937
    outer loop
      vertex 0 -1.3001 18.9939
      vertex -0.65314 -0.95543 16.1531
      vertex -0.546705 -0.956557 16.1826
    endloop
  endfacet
  facet normal 0.0242851 -0.991744 -0.12591
    outer loop
      vertex 0 -1.3001 18.9939
      vertex -0.758001 -0.953605 16.1185
      vertex -0.65314 -0.95543 16.1531
    endloop
  endfacet
  facet normal 0.0244229 -0.991736 -0.125946
    outer loop
      vertex 0 -1.3001 18.9939
      vertex -0.861037 -0.951088 16.0787
      vertex -0.758001 -0.953605 16.1185
    endloop
  endfacet
  facet normal 0.0242689 -0.991746 -0.125901
    outer loop
      vertex 0 -1.3001 18.9939
      vertex -0.961999 -0.947884 16.034
      vertex -0.861037 -0.951088 16.0787
    endloop
  endfacet
  facet normal 0.0244195 -0.991736 -0.125949
    outer loop
      vertex 0 -1.3001 18.9939
      vertex -1.06064 -0.944001 15.9843
      vertex -0.961999 -0.947884 16.034
    endloop
  endfacet
  facet normal 0.024287 -0.991745 -0.125904
    outer loop
      vertex 0 -1.3001 18.9939
      vertex -1.15673 -0.939448 15.9299
      vertex -1.06064 -0.944001 15.9843
    endloop
  endfacet
  facet normal 0.0243845 -0.991738 -0.12594
    outer loop
      vertex 0 -1.3001 18.9939
      vertex -1.25003 -0.934237 15.8708
      vertex -1.15673 -0.939448 15.9299
    endloop
  endfacet
  facet normal 0.024361 -0.99174 -0.12593
    outer loop
      vertex 0 -1.3001 18.9939
      vertex -1.34032 -0.928379 15.8072
      vertex -1.25003 -0.934237 15.8708
    endloop
  endfacet
  facet normal 0.0242485 -0.991749 -0.125884
    outer loop
      vertex 0 -1.3001 18.9939
      vertex -1.42738 -0.921889 15.7393
      vertex -1.34032 -0.928379 15.8072
    endloop
  endfacet
  facet normal 0.0245089 -0.991728 -0.125996
    outer loop
      vertex 0 -1.3001 18.9939
      vertex -1.51101 -0.914783 15.6671
      vertex -1.42738 -0.921889 15.7393
    endloop
  endfacet
  facet normal 0.0242187 -0.991751 -0.125867
    outer loop
      vertex 0 -1.3001 18.9939
      vertex -1.59099 -0.907078 15.591
      vertex -1.51101 -0.914783 15.6671
    endloop
  endfacet
  facet normal 0.0243845 -0.991738 -0.125943
    outer loop
      vertex 0 -1.3001 18.9939
      vertex -1.66714 -0.898791 15.511
      vertex -1.59099 -0.907078 15.591
    endloop
  endfacet
  facet normal 0.0243471 -0.991741 -0.125925
    outer loop
      vertex -4.63124 -0.728887 13.5998
      vertex -1.66714 -0.898791 15.511
      vertex 0 -1.3001 18.9939
    endloop
  endfacet
  facet normal 0.0243947 -0.991731 -0.125998
    outer loop
      vertex -1.66714 -0.898791 15.511
      vertex -4.63124 -0.728887 13.5998
      vertex -1.73927 -0.889944 15.4274
    endloop
  endfacet
  facet normal 0.0242748 -0.991757 -0.125811
    outer loop
      vertex -1.73927 -0.889944 15.4274
      vertex -4.63124 -0.728887 13.5998
      vertex -1.80722 -0.880558 15.3403
    endloop
  endfacet
  facet normal 0.0243384 -0.991743 -0.125912
    outer loop
      vertex -1.80722 -0.880558 15.3403
      vertex -4.63124 -0.728887 13.5998
      vertex -1.87081 -0.870654 15.25
    endloop
  endfacet
  facet normal 0.0243428 -0.991742 -0.12592
    outer loop
      vertex -1.87081 -0.870654 15.25
      vertex -4.63124 -0.728887 13.5998
      vertex -1.92989 -0.860258 15.1567
    endloop
  endfacet
  facet normal 0.0243371 -0.991743 -0.12591
    outer loop
      vertex -1.92989 -0.860258 15.1567
      vertex -4.63124 -0.728887 13.5998
      vertex -1.98432 -0.849393 15.0606
    endloop
  endfacet
  facet normal 0.0243872 -0.99173 -0.126
    outer loop
      vertex -4.63124 -0.728887 13.5998
      vertex -2.03398 -0.838087 14.962
      vertex -1.98432 -0.849393 15.0606
    endloop
  endfacet
  facet normal 0.0243161 -0.991749 -0.125866
    outer loop
      vertex -4.63124 -0.728887 13.5998
      vertex -2.07873 -0.826366 14.861
      vertex -2.03398 -0.838087 14.962
    endloop
  endfacet
  facet normal 0.0243706 -0.991734 -0.125975
    outer loop
      vertex -4.63124 -0.728887 13.5998
      vertex -2.11847 -0.814259 14.758
      vertex -2.07873 -0.826366 14.861
    endloop
  endfacet
  facet normal 0.0243225 -0.991748 -0.125872
    outer loop
      vertex -4.63124 -0.728887 13.5998
      vertex -2.15312 -0.801795 14.6531
      vertex -2.11847 -0.814259 14.758
    endloop
  endfacet
  facet normal 0.024363 -0.991735 -0.125966
    outer loop
      vertex -4.63124 -0.728887 13.5998
      vertex -2.18257 -0.789004 14.5467
      vertex -2.15312 -0.801795 14.6531
    endloop
  endfacet
  facet normal 0.0243743 -0.991731 -0.125995
    outer loop
      vertex -4.63124 -0.728887 13.5998
      vertex -2.20677 -0.775916 14.439
      vertex -2.18257 -0.789004 14.5467
    endloop
  endfacet
  facet normal 0.0243105 -0.991756 -0.125812
    outer loop
      vertex -4.63124 -0.728887 13.5998
      vertex -2.22565 -0.762564 14.3301
      vertex -2.20677 -0.775916 14.439
    endloop
  endfacet
  facet normal 0.0243495 -0.991739 -0.12594
    outer loop
      vertex -4.63124 -0.728887 13.5998
      vertex -2.23917 -0.748978 14.2205
      vertex -2.22565 -0.762564 14.3301
    endloop
  endfacet
  facet normal 0.024354 -0.991737 -0.125957
    outer loop
      vertex -4.63124 -0.728887 13.5998
      vertex -2.24729 -0.735194 14.1104
      vertex -2.23917 -0.748978 14.2205
    endloop
  endfacet
  facet normal 0.0243484 -0.99174 -0.125931
    outer loop
      vertex -4.63124 -0.728887 13.5998
      vertex -2.25 -0.721242 14
      vertex -2.24729 -0.735194 14.1104
    endloop
  endfacet
  facet normal 0.0243483 -0.99174 -0.12593
    outer loop
      vertex -4.63124 -0.728887 13.5998
      vertex -2.24729 -0.707157 13.8896
      vertex -2.25 -0.721242 14
    endloop
  endfacet
  facet normal 0.0243528 -0.991735 -0.125968
    outer loop
      vertex -4.63124 -0.728887 13.5998
      vertex -2.23917 -0.692973 13.7795
      vertex -2.24729 -0.707157 13.8896
    endloop
  endfacet
  facet normal 0.0243495 -0.991741 -0.125923
    outer loop
      vertex -4.63124 -0.728887 13.5998
      vertex -2.22565 -0.678725 13.6699
      vertex -2.23917 -0.692973 13.7795
    endloop
  endfacet
  facet normal 0.0243466 -0.991755 -0.125812
    outer loop
      vertex -2.22565 -0.678725 13.6699
      vertex -4.63124 -0.728887 13.5998
      vertex -2.2135 -0.669534 13.5998
    endloop
  endfacet
  facet normal -0.0729779 -0.989352 -0.125923
    outer loop
      vertex 4.63124 -0.728887 13.5998
      vertex 9.25133 -1.06968 13.5998
      vertex 4.59764 -1.41296 18.9939
    endloop
  endfacet
  facet normal -0.170815 -0.984408 -0.0420017
    outer loop
      vertex 13.9499 -0.957645 2.72653
      vertex 18.5028 -1.98005 8.17302
      vertex 13.9163 -1.1842 8.17302
    endloop
  endfacet
  facet normal -0.0734995 -0.99641 0.0420022
    outer loop
      vertex 9.29617 -0.614368 -8.17302
      vertex 4.66493 -0.0431595 -2.72653
      vertex 4.65369 -0.271919 -8.17302
    endloop
  endfacet
  facet normal 0.0244546 -0.996167 0.0839845
    outer loop
      vertex 0 -0.615196 -13.5998
      vertex 0 -0.157677 -8.17302
      vertex -4.63124 -0.728887 -13.5998
    endloop
  endfacet
  facet normal 0.120675 -0.978407 -0.167802
    outer loop
      vertex -13.7486 -2.31426 18.9939
      vertex -11.6746 -2.57402 22
      vertex -13.6735 -2.82056 22
    endloop
  endfacet
  facet normal 0.120676 -0.978407 -0.167803
    outer loop
      vertex -11.6746 -2.57402 22
      vertex -13.7486 -2.31426 18.9939
      vertex -9.1842 -1.75129 18.9939
    endloop
  endfacet
  facet normal -0.120679 -0.978407 -0.167801
    outer loop
      vertex 9.1842 -1.75129 18.9939
      vertex 11.6746 -2.57402 22
      vertex 9.13403 -2.26066 22
    endloop
  endfacet
  facet normal 0.120679 -0.978407 -0.167801
    outer loop
      vertex -9.1842 -1.75129 18.9939
      vertex -9.13403 -2.26066 22
      vertex -11.6746 -2.57402 22
    endloop
  endfacet
  facet normal 0.121437 -0.984579 -0.125925
    outer loop
      vertex -9.25133 -1.06968 13.5998
      vertex -9.1842 -1.75129 18.9939
      vertex -13.7486 -2.31426 18.9939
    endloop
  endfacet
  facet normal 0.169598 -0.977435 -0.125924
    outer loop
      vertex -13.8491 -1.63677 13.5998
      vertex -13.7486 -2.31426 18.9939
      vertex -18.4136 -2.42877 13.5998
    endloop
  endfacet
  facet normal 0.168535 -0.971308 -0.167801
    outer loop
      vertex -18.2799 -3.10051 18.9939
      vertex -16.1957 -3.2582 22
      vertex -18.1801 -3.60252 22
    endloop
  endfacet
  facet normal 0.168537 -0.971307 -0.167802
    outer loop
      vertex -16.1957 -3.2582 22
      vertex -18.2799 -3.10051 18.9939
      vertex -13.7486 -2.31426 18.9939
    endloop
  endfacet
  facet normal -0.0734996 -0.99641 -0.0420021
    outer loop
      vertex 9.31862 -0.386436 2.72653
      vertex 9.29617 -0.614368 8.17302
      vertex 4.66493 -0.0431595 2.72653
    endloop
  endfacet
  facet normal -0.262933 -0.95011 -0.167801
    outer loop
      vertex 27.1996 -5.33478 18.9939
      vertex 25.11 -5.28742 22
      vertex 22.7672 -4.10816 18.9939
    endloop
  endfacet
  facet normal -0.262929 -0.950112 -0.167799
    outer loop
      vertex 25.11 -5.28742 22
      vertex 27.1996 -5.33478 18.9939
      vertex 27.0511 -5.82459 22
    endloop
  endfacet
  facet normal -0.358622 -0.929697 -0.0839833
    outer loop
      vertex 31.9514 -5.70177 8.17302
      vertex 36.2946 -7.37712 8.17302
      vertex 31.7973 -6.13255 13.5998
    endloop
  endfacet
  facet normal -0.218331 -0.972254 -0.0839808
    outer loop
      vertex 18.5028 -1.98005 8.17302
      vertex 22.9336 -3.44379 13.5998
      vertex 18.4136 -2.42877 13.5998
    endloop
  endfacet
  facet normal -0.218325 -0.972255 -0.0839862
    outer loop
      vertex 23.0448 -2.99998 8.17302
      vertex 22.9336 -3.44379 13.5998
      vertex 18.5028 -1.98005 8.17302
    endloop
  endfacet
  facet normal -0.403823 -0.910973 -0.0839914
    outer loop
      vertex 37.8896 -8.41415 11.7527
      vertex 40.5503 -9.26356 8.17302
      vertex 38 -8.46284 11.75
    endloop
  endfacet
  facet normal -0.4039 -0.910933 -0.0840583
    outer loop
      vertex 37.7795 -8.36608 11.7608
      vertex 40.5503 -9.26356 8.17302
      vertex 37.8896 -8.41415 11.7527
    endloop
  endfacet
  facet normal -0.403894 -0.910936 -0.0840531
    outer loop
      vertex 37.6699 -8.31874 11.7744
      vertex 40.5503 -9.26356 8.17302
      vertex 37.7795 -8.36608 11.7608
    endloop
  endfacet
  facet normal -0.403751 -0.911012 -0.083918
    outer loop
      vertex 40.5503 -9.26356 8.17302
      vertex 37.6699 -8.31874 11.7744
      vertex 37.6001 -8.28892 11.7865
    endloop
  endfacet
  facet normal -0.403863 -0.910951 -0.0840423
    outer loop
      vertex 40.2068 -9.608 13.561
      vertex 40.3547 -9.67715 13.5998
      vertex 40.2135 -9.61455 13.5998
    endloop
  endfacet
  facet normal -0.403875 -0.91095 -0.0839967
    outer loop
      vertex 40.1826 -9.58734 13.4533
      vertex 40.3547 -9.67715 13.5998
      vertex 40.2068 -9.608 13.561
    endloop
  endfacet
  facet normal -0.404041 -0.910897 -0.0837687
    outer loop
      vertex 40.1531 -9.56447 13.3469
      vertex 40.3547 -9.67715 13.5998
      vertex 40.1826 -9.58734 13.4533
    endloop
  endfacet
  facet normal -0.403628 -0.911044 -0.0841639
    outer loop
      vertex 40.1185 -9.53945 13.242
      vertex 40.3547 -9.67715 13.5998
      vertex 40.1531 -9.56447 13.3469
    endloop
  endfacet
  facet normal -0.404413 -0.910754 -0.0835342
    outer loop
      vertex 40.0787 -9.51233 13.139
      vertex 40.3547 -9.67715 13.5998
      vertex 40.1185 -9.53945 13.242
    endloop
  endfacet
  facet normal -0.402551 -0.911452 -0.084899
    outer loop
      vertex 40.034 -9.48318 13.038
      vertex 40.3547 -9.67715 13.5998
      vertex 40.0787 -9.51233 13.139
    endloop
  endfacet
  facet normal -0.403558 -0.911094 -0.0839575
    outer loop
      vertex 40.5503 -9.26356 8.17302
      vertex 40.034 -9.48318 13.038
      vertex 39.9843 -9.45208 12.9394
    endloop
  endfacet
  facet normal -0.403857 -0.910959 -0.0839831
    outer loop
      vertex 40.034 -9.48318 13.038
      vertex 40.5503 -9.26356 8.17302
      vertex 40.3547 -9.67715 13.5998
    endloop
  endfacet
  facet normal -0.404002 -0.910893 -0.0840023
    outer loop
      vertex 39.9299 -9.41909 12.8433
      vertex 40.5503 -9.26356 8.17302
      vertex 39.9843 -9.45208 12.9394
    endloop
  endfacet
  facet normal -0.403723 -0.91102 -0.0839694
    outer loop
      vertex 39.8708 -9.3843 12.75
      vertex 40.5503 -9.26356 8.17302
      vertex 39.9299 -9.41909 12.8433
    endloop
  endfacet
  facet normal -0.403746 -0.911009 -0.0839725
    outer loop
      vertex 39.8072 -9.34779 12.6597
      vertex 40.5503 -9.26356 8.17302
      vertex 39.8708 -9.3843 12.75
    endloop
  endfacet
  facet normal -0.403923 -0.910928 -0.0840003
    outer loop
      vertex 39.7393 -9.30965 12.5726
      vertex 40.5503 -9.26356 8.17302
      vertex 39.8072 -9.34779 12.6597
    endloop
  endfacet
  facet normal -0.40363 -0.911063 -0.0839477
    outer loop
      vertex 39.6671 -9.26996 12.489
      vertex 40.5503 -9.26356 8.17302
      vertex 39.7393 -9.30965 12.5726
    endloop
  endfacet
  facet normal -0.403989 -0.910897 -0.0840209
    outer loop
      vertex 39.591 -9.22883 12.409
      vertex 40.5503 -9.26356 8.17302
      vertex 39.6671 -9.26996 12.489
    endloop
  endfacet
  facet normal -0.403756 -0.911005 -0.0839673
    outer loop
      vertex 39.511 -9.18636 12.3329
      vertex 40.5503 -9.26356 8.17302
      vertex 39.591 -9.22883 12.409
    endloop
  endfacet
  facet normal -0.40386 -0.910957 -0.0839941
    outer loop
      vertex 39.4274 -9.14264 12.2607
      vertex 40.5503 -9.26356 8.17302
      vertex 39.511 -9.18636 12.3329
    endloop
  endfacet
  facet normal -0.40368 -0.911041 -0.0839423
    outer loop
      vertex 39.3403 -9.09779 12.1928
      vertex 40.5503 -9.26356 8.17302
      vertex 39.4274 -9.14264 12.2607
    endloop
  endfacet
  facet normal -0.403806 -0.910982 -0.0839826
    outer loop
      vertex 39.25 -9.0519 12.1292
      vertex 40.5503 -9.26356 8.17302
      vertex 39.3403 -9.09779 12.1928
    endloop
  endfacet
  facet normal -0.403773 -0.910997 -0.0839709
    outer loop
      vertex 39.1567 -9.0051 12.0701
      vertex 40.5503 -9.26356 8.17302
      vertex 39.25 -9.0519 12.1292
    endloop
  endfacet
  facet normal -0.403787 -0.910991 -0.0839765
    outer loop
      vertex 39.0606 -8.95749 12.0157
      vertex 40.5503 -9.26356 8.17302
      vertex 39.1567 -9.0051 12.0701
    endloop
  endfacet
  facet normal -0.403947 -0.910913 -0.0840447
    outer loop
      vertex 38.962 -8.90918 11.966
      vertex 40.5503 -9.26356 8.17302
      vertex 39.0606 -8.95749 12.0157
    endloop
  endfacet
  facet normal -0.403741 -0.911014 -0.0839489
    outer loop
      vertex 38.861 -8.8603 11.9213
      vertex 40.5503 -9.26356 8.17302
      vertex 38.962 -8.90918 11.966
    endloop
  endfacet
  facet normal -0.403835 -0.910968 -0.0839962
    outer loop
      vertex 38.758 -8.81097 11.8815
      vertex 40.5503 -9.26356 8.17302
      vertex 38.861 -8.8603 11.9213
    endloop
  endfacet
  facet normal -0.403756 -0.911006 -0.0839534
    outer loop
      vertex 38.6531 -8.76129 11.8469
      vertex 40.5503 -9.26356 8.17302
      vertex 38.758 -8.81097 11.8815
    endloop
  endfacet
  facet normal -0.403849 -0.91096 -0.0840079
    outer loop
      vertex 38.5467 -8.7114 11.8174
      vertex 40.5503 -9.26356 8.17302
      vertex 38.6531 -8.76129 11.8469
    endloop
  endfacet
  facet normal -0.403988 -0.910891 -0.0840944
    outer loop
      vertex 38.439 -8.6614 11.7932
      vertex 40.5503 -9.26356 8.17302
      vertex 38.5467 -8.7114 11.8174
    endloop
  endfacet
  facet normal -0.403592 -0.91109 -0.0838306
    outer loop
      vertex 38.3301 -8.61143 11.7744
      vertex 40.5503 -9.26356 8.17302
      vertex 38.439 -8.6614 11.7932
    endloop
  endfacet
  facet normal -0.403771 -0.911 -0.0839573
    outer loop
      vertex 38.2205 -8.5616 11.7608
      vertex 40.5503 -9.26356 8.17302
      vertex 38.3301 -8.61143 11.7744
    endloop
  endfacet
  facet normal -0.403933 -0.910916 -0.0840791
    outer loop
      vertex 38.1104 -8.51203 11.7527
      vertex 40.5503 -9.26356 8.17302
      vertex 38.2205 -8.5616 11.7608
    endloop
  endfacet
  facet normal -0.403837 -0.910966 -0.084003
    outer loop
      vertex 40.5503 -9.26356 8.17302
      vertex 38.1104 -8.51203 11.7527
      vertex 38 -8.46284 11.75
    endloop
  endfacet
  facet normal -0.402229 -0.906864 -0.12574
    outer loop
      vertex 38.1104 -9.04991 16.2473
      vertex 40.0619 -10.2963 18.9939
      vertex 38.0555 -9.02574 16.2486
    endloop
  endfacet
  facet normal -0.402089 -0.906909 -0.12586
    outer loop
      vertex 38.2205 -9.0976 16.2392
      vertex 40.0619 -10.2963 18.9939
      vertex 38.1104 -9.04991 16.2473
    endloop
  endfacet
  facet normal -0.402122 -0.906898 -0.125833
    outer loop
      vertex 38.3301 -9.14431 16.2256
      vertex 40.0619 -10.2963 18.9939
      vertex 38.2205 -9.0976 16.2392
    endloop
  endfacet
  facet normal -0.401676 -0.907048 -0.126174
    outer loop
      vertex 38.439 -9.18992 16.2068
      vertex 40.0619 -10.2963 18.9939
      vertex 38.3301 -9.14431 16.2256
    endloop
  endfacet
  facet normal -0.402145 -0.906887 -0.125837
    outer loop
      vertex 38.5467 -9.23432 16.1826
      vertex 40.0619 -10.2963 18.9939
      vertex 38.439 -9.18992 16.2068
    endloop
  endfacet
  facet normal -0.402157 -0.906883 -0.125829
    outer loop
      vertex 38.6531 -9.27741 16.1531
      vertex 40.0619 -10.2963 18.9939
      vertex 38.5467 -9.23432 16.1826
    endloop
  endfacet
  facet normal -0.401919 -0.906968 -0.125978
    outer loop
      vertex 38.758 -9.31909 16.1185
      vertex 40.0619 -10.2963 18.9939
      vertex 38.6531 -9.27741 16.1531
    endloop
  endfacet
  facet normal -0.40214 -0.906888 -0.12585
    outer loop
      vertex 38.861 -9.35924 16.0787
      vertex 40.0619 -10.2963 18.9939
      vertex 38.758 -9.31909 16.1185
    endloop
  endfacet
  facet normal -0.401858 -0.906992 -0.126
    outer loop
      vertex 38.962 -9.39778 16.034
      vertex 40.0619 -10.2963 18.9939
      vertex 38.861 -9.35924 16.0787
    endloop
  endfacet
  facet normal -0.402176 -0.906872 -0.125845
    outer loop
      vertex 39.0606 -9.43461 15.9843
      vertex 40.0619 -10.2963 18.9939
      vertex 38.962 -9.39778 16.034
    endloop
  endfacet
  facet normal -0.401979 -0.906948 -0.125932
    outer loop
      vertex 39.1567 -9.46965 15.9299
      vertex 40.0619 -10.2963 18.9939
      vertex 39.0606 -9.43461 15.9843
    endloop
  endfacet
  facet normal -0.402004 -0.906938 -0.125922
    outer loop
      vertex 39.25 -9.5028 15.8708
      vertex 40.0619 -10.2963 18.9939
      vertex 39.1567 -9.46965 15.9299
    endloop
  endfacet
  facet normal -0.401965 -0.906953 -0.125936
    outer loop
      vertex 39.3403 -9.53399 15.8072
      vertex 40.0619 -10.2963 18.9939
      vertex 39.25 -9.5028 15.8708
    endloop
  endfacet
  facet normal -0.401855 -0.906997 -0.125972
    outer loop
      vertex 39.4274 -9.56315 15.7393
      vertex 40.0619 -10.2963 18.9939
      vertex 39.3403 -9.53399 15.8072
    endloop
  endfacet
  facet normal -0.402153 -0.906877 -0.125887
    outer loop
      vertex 39.511 -9.5902 15.6671
      vertex 40.0619 -10.2963 18.9939
      vertex 39.4274 -9.56315 15.7393
    endloop
  endfacet
  facet normal -0.401886 -0.906986 -0.125954
    outer loop
      vertex 39.591 -9.61508 15.591
      vertex 40.0619 -10.2963 18.9939
      vertex 39.511 -9.5902 15.6671
    endloop
  endfacet
  facet normal -0.402235 -0.906842 -0.125877
    outer loop
      vertex 39.6671 -9.63773 15.511
      vertex 40.0619 -10.2963 18.9939
      vertex 39.591 -9.61508 15.591
    endloop
  endfacet
  facet normal -0.401763 -0.907039 -0.125968
    outer loop
      vertex 39.7393 -9.6581 15.4274
      vertex 40.0619 -10.2963 18.9939
      vertex 39.6671 -9.63773 15.511
    endloop
  endfacet
  facet normal -0.402274 -0.906824 -0.125883
    outer loop
      vertex 39.8072 -9.67613 15.3403
      vertex 40.0619 -10.2963 18.9939
      vertex 39.7393 -9.6581 15.4274
    endloop
  endfacet
  facet normal -0.401965 -0.906954 -0.125927
    outer loop
      vertex 39.8708 -9.69178 15.25
      vertex 40.0619 -10.2963 18.9939
      vertex 39.8072 -9.67613 15.3403
    endloop
  endfacet
  facet normal -0.401857 -0.907 -0.12594
    outer loop
      vertex 39.9299 -9.70501 15.1567
      vertex 40.0619 -10.2963 18.9939
      vertex 39.8708 -9.69178 15.25
    endloop
  endfacet
  facet normal -0.402269 -0.906824 -0.125898
    outer loop
      vertex 39.9843 -9.7158 15.0606
      vertex 40.0619 -10.2963 18.9939
      vertex 39.9299 -9.70501 15.1567
    endloop
  endfacet
  facet normal -0.401562 -0.907129 -0.125957
    outer loop
      vertex 40.034 -9.72411 14.962
      vertex 40.0619 -10.2963 18.9939
      vertex 39.9843 -9.7158 15.0606
    endloop
  endfacet
  facet normal -0.40251 -0.906718 -0.125892
    outer loop
      vertex 40.0787 -9.72993 14.861
      vertex 40.0619 -10.2963 18.9939
      vertex 40.034 -9.72411 14.962
    endloop
  endfacet
  facet normal -0.401408 -0.907198 -0.125953
    outer loop
      vertex 40.1185 -9.73324 14.758
      vertex 40.0619 -10.2963 18.9939
      vertex 40.0787 -9.72993 14.861
    endloop
  endfacet
  facet normal -0.402658 -0.906651 -0.125898
    outer loop
      vertex 40.1531 -9.73404 14.6531
      vertex 40.0619 -10.2963 18.9939
      vertex 40.1185 -9.73324 14.758
    endloop
  endfacet
  facet normal -0.401357 -0.907221 -0.125944
    outer loop
      vertex 40.1826 -9.73232 14.5467
      vertex 40.0619 -10.2963 18.9939
      vertex 40.1531 -9.73404 14.6531
    endloop
  endfacet
  facet normal -0.401543 -0.90714 -0.125939
    outer loop
      vertex 40.2068 -9.72808 14.439
      vertex 40.0619 -10.2963 18.9939
      vertex 40.1826 -9.73232 14.5467
    endloop
  endfacet
  facet normal -0.404354 -0.905899 -0.125873
    outer loop
      vertex 40.2256 -9.72134 14.3301
      vertex 40.0619 -10.2963 18.9939
      vertex 40.2068 -9.72808 14.439
    endloop
  endfacet
  facet normal -0.405705 -0.905209 -0.126493
    outer loop
      vertex 40.3547 -9.67715 13.5998
      vertex 40.2256 -9.72134 14.3301
      vertex 40.2392 -9.71212 14.2205
    endloop
  endfacet
  facet normal -0.401776 -0.907047 -0.125865
    outer loop
      vertex 40.3547 -9.67715 13.5998
      vertex 40.2392 -9.71212 14.2205
      vertex 40.2473 -9.70043 14.1104
    endloop
  endfacet
  facet normal -0.401861 -0.907001 -0.125922
    outer loop
      vertex 40.2256 -9.72134 14.3301
      vertex 40.3547 -9.67715 13.5998
      vertex 40.0619 -10.2963 18.9939
    endloop
  endfacet
  facet normal -0.402012 -0.906936 -0.12591
    outer loop
      vertex 40.25 -9.6863 14
      vertex 40.3547 -9.67715 13.5998
      vertex 40.2473 -9.70043 14.1104
    endloop
  endfacet
  facet normal -0.402163 -0.906864 -0.125948
    outer loop
      vertex 40.2473 -9.66977 13.8896
      vertex 40.3547 -9.67715 13.5998
      vertex 40.25 -9.6863 14
    endloop
  endfacet
  facet normal -0.402268 -0.906811 -0.125988
    outer loop
      vertex 40.2392 -9.65088 13.7795
      vertex 40.3547 -9.67715 13.5998
      vertex 40.2473 -9.66977 13.8896
    endloop
  endfacet
  facet normal -0.401917 -0.907002 -0.125735
    outer loop
      vertex 40.2256 -9.62966 13.6699
      vertex 40.3547 -9.67715 13.5998
      vertex 40.2392 -9.65088 13.7795
    endloop
  endfacet
  facet normal -0.402063 -0.90689 -0.126079
    outer loop
      vertex 40.3547 -9.67715 13.5998
      vertex 40.2256 -9.62966 13.6699
      vertex 40.2135 -9.61455 13.5998
    endloop
  endfacet
  facet normal -0.217356 -0.967935 -0.125927
    outer loop
      vertex 18.4136 -2.42877 13.5998
      vertex 22.7672 -4.10816 18.9939
      vertex 18.2799 -3.10051 18.9939
    endloop
  endfacet
  facet normal -0.309244 -0.936062 -0.167797
    outer loop
      vertex 27.1996 -5.33478 18.9939
      vertex 28.9634 -6.45635 22
      vertex 27.0511 -5.82459 22
    endloop
  endfacet
  facet normal -0.309234 -0.936064 -0.167804
    outer loop
      vertex 28.9634 -6.45635 22
      vertex 27.1996 -5.33478 18.9939
      vertex 31.5665 -6.77741 18.9939
    endloop
  endfacet
  facet normal -0.262935 -0.95011 -0.167799
    outer loop
      vertex 22.7672 -4.10816 18.9939
      vertex 25.11 -5.28742 22
      vertex 22.6429 -4.60467 22
    endloop
  endfacet
  facet normal -0.168537 -0.971307 -0.167802
    outer loop
      vertex 13.7486 -2.31426 18.9939
      vertex 16.1957 -3.2582 22
      vertex 13.6735 -2.82056 22
    endloop
  endfacet
  facet normal -0.313407 -0.948689 -0.0420042
    outer loop
      vertex 27.5978 -4.02238 2.72653
      vertex 32.0286 -5.48613 2.72653
      vertex 27.5313 -4.24156 8.17302
    endloop
  endfacet
  facet normal -0.266477 -0.962926 -0.0420043
    outer loop
      vertex 23.1005 -2.77781 2.72653
      vertex 27.5313 -4.24156 8.17302
      vertex 23.0448 -2.99998 8.17302
    endloop
  endfacet
  facet normal -0.312576 -0.946173 -0.0839824
    outer loop
      vertex 27.5313 -4.24156 8.17302
      vertex 31.7973 -6.13255 13.5998
      vertex 27.3985 -4.67937 13.5998
    endloop
  endfacet
  facet normal -0.404884 -0.913403 -0.0419984
    outer loop
      vertex 36.3822 -7.16552 2.72653
      vertex 40.6482 -9.05651 2.72653
      vertex 36.2946 -7.37712 8.17302
    endloop
  endfacet
  facet normal -0.264592 -0.956103 0.125928
    outer loop
      vertex 27.1996 -5.33478 -18.9939
      vertex 27.3985 -4.67937 -13.5998
      vertex 22.7672 -4.10816 -18.9939
    endloop
  endfacet
  facet normal -0.312576 -0.946173 0.0839824
    outer loop
      vertex 31.7973 -6.13255 -13.5998
      vertex 27.5313 -4.24156 -8.17302
      vertex 27.3985 -4.67937 -13.5998
    endloop
  endfacet
  facet normal -0.215997 -0.961867 0.167803
    outer loop
      vertex 22.6415 -4.61007 -22.0327
      vertex 22.7672 -4.10816 -18.9939
      vertex 20.1167 -4.0431 -22.0327
    endloop
  endfacet
  facet normal -0.122302 -0.991604 0.0420021
    outer loop
      vertex 13.9499 -0.957645 -2.72653
      vertex 9.31862 -0.386436 -2.72653
      vertex 9.29617 -0.614368 -8.17302
    endloop
  endfacet
  facet normal 0.0245196 -0.998817 0.0420022
    outer loop
      vertex -4.65369 -0.271919 -8.17302
      vertex 0 -0.157677 -8.17302
      vertex -4.66493 -0.0431595 -2.72653
    endloop
  endfacet
  facet normal 0.0245193 -0.998817 0.0420019
    outer loop
      vertex 0 -0.157677 -8.17302
      vertex 0 0.0713568 -2.72653
      vertex -4.66493 -0.0431595 -2.72653
    endloop
  endfacet
  facet normal -0.0729779 -0.989352 0.125923
    outer loop
      vertex 9.25133 -1.06968 -13.5998
      vertex 4.63124 -0.728887 -13.5998
      vertex 4.59764 -1.41296 -18.9939
    endloop
  endfacet
  facet normal -0.0725225 -0.983149 0.167802
    outer loop
      vertex 7.15294 -2.12011 -22.0327
      vertex 9.1842 -1.75129 -18.9939
      vertex 4.59764 -1.41296 -18.9939
    endloop
  endfacet
  facet normal -0.0725198 -0.98315 0.1678
    outer loop
      vertex 9.1842 -1.75129 -18.9939
      vertex 7.15294 -2.12011 -22.0327
      vertex 9.13348 -2.2662 -22.0327
    endloop
  endfacet
  facet normal -0.403811 -0.91098 0.083983
    outer loop
      vertex 40.3547 -9.67715 -13.5998
      vertex 40.5503 -9.26356 -8.17302
      vertex 36.1195 -7.79981 -13.5998
    endloop
  endfacet
  facet normal -0.357028 -0.925567 0.125927
    outer loop
      vertex 35.8574 -8.43258 -18.9939
      vertex 31.7973 -6.13255 -13.5998
      vertex 31.5665 -6.77741 -18.9939
    endloop
  endfacet
  facet normal -0.359581 -0.932168 0.0420036
    outer loop
      vertex 36.3822 -7.16552 -2.72653
      vertex 32.0286 -5.48613 -2.72653
      vertex 31.9514 -5.70177 -8.17302
    endloop
  endfacet
  facet normal -0.359576 -0.93217 0.0419988
    outer loop
      vertex 36.2946 -7.37712 -8.17302
      vertex 36.3822 -7.16552 -2.72653
      vertex 31.9514 -5.70177 -8.17302
    endloop
  endfacet
  facet normal -0.449202 -0.892442 0.0420008
    outer loop
      vertex 44.7084 -11.3565 -8.17302
      vertex 40.6482 -9.05651 -2.72653
      vertex 40.5503 -9.26356 -8.17302
    endloop
  endfacet
  facet normal -0.449205 -0.892441 0.0419981
    outer loop
      vertex 44.7084 -11.3565 -8.17302
      vertex 44.8163 -11.1545 -2.72653
      vertex 40.6482 -9.05651 -2.72653
    endloop
  endfacet
  facet normal -0.443247 -0.880556 0.167793
    outer loop
      vertex 42.1521 -11.9275 -22.0327
      vertex 44.1698 -12.3641 -18.9939
      vertex 40.0619 -10.2963 -18.9939
    endloop
  endfacet
  facet normal -0.443254 -0.880551 0.167798
    outer loop
      vertex 44.1698 -12.3641 -18.9939
      vertex 42.1521 -11.9275 -22.0327
      vertex 43.9259 -12.8204 -22.0327
    endloop
  endfacet
  facet normal -0.399488 -0.90125 0.167803
    outer loop
      vertex 39.8406 -10.764 -22.0327
      vertex 40.0619 -10.2963 -18.9939
      vertex 37.4749 -9.71538 -22.0327
    endloop
  endfacet
  facet normal -0.492475 -0.869313 -0.0419998
    outer loop
      vertex 48 -12.9581 2.72653
      vertex 48 -13.1706 7.12486
      vertex 44.8163 -11.1545 2.72653
    endloop
  endfacet
  facet normal -0.399482 -0.901252 -0.167806
    outer loop
      vertex 35.8574 -8.43258 18.9939
      vertex 37.5028 -9.72162 22
      vertex 35.6615 -8.90546 22
    endloop
  endfacet
  facet normal -0.399494 -0.901248 -0.167798
    outer loop
      vertex 37.5028 -9.72162 22
      vertex 35.8574 -8.43258 18.9939
      vertex 40.0619 -10.2963 18.9939
    endloop
  endfacet
  facet normal -0.402014 -0.906933 -0.125923
    outer loop
      vertex 35.8574 -8.43258 18.9939
      vertex 38 -9.00135 16.25
      vertex 40.0619 -10.2963 18.9939
    endloop
  endfacet
  facet normal -0.402068 -0.906903 -0.125971
    outer loop
      vertex 35.8574 -8.43258 18.9939
      vertex 37.8896 -8.95203 16.2473
      vertex 38 -9.00135 16.25
    endloop
  endfacet
  facet normal -0.402086 -0.906892 -0.125987
    outer loop
      vertex 35.8574 -8.43258 18.9939
      vertex 37.7795 -8.90209 16.2392
      vertex 37.8896 -8.95203 16.2473
    endloop
  endfacet
  facet normal -0.402011 -0.906934 -0.125927
    outer loop
      vertex 35.8574 -8.43258 18.9939
      vertex 37.6699 -8.85162 16.2256
      vertex 37.7795 -8.90209 16.2392
    endloop
  endfacet
  facet normal -0.40182 -0.907039 -0.125786
    outer loop
      vertex 35.8574 -8.43258 18.9939
      vertex 37.561 -8.80077 16.2068
      vertex 37.6699 -8.85162 16.2256
    endloop
  endfacet
  facet normal -0.402135 -0.906869 -0.126001
    outer loop
      vertex 35.8574 -8.43258 18.9939
      vertex 37.4533 -8.74965 16.1826
      vertex 37.561 -8.80077 16.2068
    endloop
  endfacet
  facet normal -0.402076 -0.9069 -0.125964
    outer loop
      vertex 35.8574 -8.43258 18.9939
      vertex 37.3469 -8.69838 16.1531
      vertex 37.4533 -8.74965 16.1826
    endloop
  endfacet
  facet normal -0.401936 -0.906973 -0.125884
    outer loop
      vertex 35.8574 -8.43258 18.9939
      vertex 37.242 -8.64709 16.1185
      vertex 37.3469 -8.69838 16.1531
    endloop
  endfacet
  facet normal -0.402059 -0.90691 -0.125947
    outer loop
      vertex 35.8574 -8.43258 18.9939
      vertex 37.139 -8.5959 16.0787
      vertex 37.242 -8.64709 16.1185
    endloop
  endfacet
  facet normal -0.401974 -0.906953 -0.125908
    outer loop
      vertex 35.8574 -8.43258 18.9939
      vertex 37.038 -8.54493 16.034
      vertex 37.139 -8.5959 16.0787
    endloop
  endfacet
  facet normal -0.402096 -0.906892 -0.125959
    outer loop
      vertex 35.8574 -8.43258 18.9939
      vertex 36.9394 -8.49431 15.9843
      vertex 37.038 -8.54493 16.034
    endloop
  endfacet
  facet normal -0.402004 -0.906937 -0.125925
    outer loop
      vertex 35.8574 -8.43258 18.9939
      vertex 36.8433 -8.44416 15.9299
      vertex 36.9394 -8.49431 15.9843
    endloop
  endfacet
  facet normal -0.401994 -0.906942 -0.125922
    outer loop
      vertex 35.8574 -8.43258 18.9939
      vertex 36.75 -8.3946 15.8708
      vertex 36.8433 -8.44416 15.9299
    endloop
  endfacet
  facet normal -0.402028 -0.906926 -0.125931
    outer loop
      vertex 35.8574 -8.43258 18.9939
      vertex 36.6597 -8.34574 15.8072
      vertex 36.75 -8.3946 15.8708
    endloop
  endfacet
  facet normal -0.401895 -0.906989 -0.125899
    outer loop
      vertex 35.8574 -8.43258 18.9939
      vertex 36.5726 -8.29772 15.7393
      vertex 36.6597 -8.34574 15.8072
    endloop
  endfacet
  facet normal -0.402001 -0.90694 -0.12592
    outer loop
      vertex 35.8574 -8.43258 18.9939
      vertex 36.489 -8.25064 15.6671
      vertex 36.5726 -8.29772 15.7393
    endloop
  endfacet
  facet normal -0.402034 -0.906924 -0.125926
    outer loop
      vertex 35.8574 -8.43258 18.9939
      vertex 36.409 -8.20461 15.591
      vertex 36.489 -8.25064 15.6671
    endloop
  endfacet
  facet normal -0.402181 -0.906856 -0.125945
    outer loop
      vertex 35.8574 -8.43258 18.9939
      vertex 36.3329 -8.15975 15.511
      vertex 36.409 -8.20461 15.591
    endloop
  endfacet
  facet normal -0.401817 -0.907023 -0.125909
    outer loop
      vertex 35.8574 -8.43258 18.9939
      vertex 36.2607 -8.11616 15.4274
      vertex 36.3329 -8.15975 15.511
    endloop
  endfacet
  facet normal -0.402099 -0.906895 -0.125929
    outer loop
      vertex 35.8574 -8.43258 18.9939
      vertex 36.1928 -8.07396 15.3403
      vertex 36.2607 -8.11616 15.4274
    endloop
  endfacet
  facet normal -0.402017 -0.906932 -0.125925
    outer loop
      vertex 35.8574 -8.43258 18.9939
      vertex 36.1292 -8.03323 15.25
      vertex 36.1928 -8.07396 15.3403
    endloop
  endfacet
  facet normal -0.401881 -0.906992 -0.125922
    outer loop
      vertex 35.8574 -8.43258 18.9939
      vertex 36.0701 -7.99409 15.1567
      vertex 36.1292 -8.03323 15.25
    endloop
  endfacet
  facet normal -0.401851 -0.907006 -0.125922
    outer loop
      vertex 36.0701 -7.99409 15.1567
      vertex 35.8574 -8.43258 18.9939
      vertex 36.0459 -7.97744 15.114
    endloop
  endfacet
  facet normal -0.401776 -0.907009 -0.126138
    outer loop
      vertex 40.0619 -10.2963 18.9939
      vertex 38 -9.00135 16.25
      vertex 38.0555 -9.02574 16.2486
    endloop
  endfacet
  facet normal -0.485895 -0.857762 0.16778
    outer loop
      vertex 45.6538 -13.7992 -22.0327
      vertex 48 -14.9168 -20.9517
      vertex 48 -14.5743 -19.2007
    endloop
  endfacet
  facet normal -0.485904 -0.857751 0.167813
    outer loop
      vertex 48 -14.9168 -20.9517
      vertex 45.6538 -13.7992 -22.0327
      vertex 47.9054 -15.0747 -22.0327
    endloop
  endfacet
  facet normal 0.449205 -0.892441 0.0419981
    outer loop
      vertex -44.7084 -11.3565 -8.17302
      vertex -40.6482 -9.05651 -2.72653
      vertex -44.8163 -11.1545 -2.72653
    endloop
  endfacet
  facet normal 0.449202 -0.892442 0.0420008
    outer loop
      vertex -40.5503 -9.26356 -8.17302
      vertex -40.6482 -9.05651 -2.72653
      vertex -44.7084 -11.3565 -8.17302
    endloop
  endfacet
  facet normal 0.491164 -0.867009 0.0839873
    outer loop
      vertex -44.4927 -11.76 -13.5998
      vertex -48 -13.3147 -9.13816
      vertex -48 -13.7469 -13.5998
    endloop
  endfacet
  facet normal 0.446041 -0.886108 0.125938
    outer loop
      vertex -44.1698 -12.3641 -18.9939
      vertex -40.0619 -10.2963 -18.9939
      vertex -44.4927 -11.76 -13.5998
    endloop
  endfacet
  facet normal 0.443167 -0.880593 -0.167808
    outer loop
      vertex -40.0619 -10.2963 18.9939
      vertex -40 -10.838 22
      vertex -40.3925 -11.0337 21.9904
    endloop
  endfacet
  facet normal 0.443404 -0.880484 -0.167756
    outer loop
      vertex -40.0619 -10.2963 18.9939
      vertex -40.3925 -11.0337 21.9904
      vertex -40.7841 -11.2254 21.9615
    endloop
  endfacet
  facet normal 0.44325 -0.88055 -0.167814
    outer loop
      vertex -40.0619 -10.2963 18.9939
      vertex -40.7841 -11.2254 21.9615
      vertex -41.1738 -11.4124 21.9134
    endloop
  endfacet
  facet normal 0.443127 -0.880599 -0.16788
    outer loop
      vertex -40.0619 -10.2963 18.9939
      vertex -41.1738 -11.4124 21.9134
      vertex -41.5607 -11.5943 21.8463
    endloop
  endfacet
  facet normal 0.44336 -0.880513 -0.167718
    outer loop
      vertex -40.0619 -10.2963 18.9939
      vertex -41.5607 -11.5943 21.8463
      vertex -41.9438 -11.7708 21.7602
    endloop
  endfacet
  facet normal 0.439823 -0.881701 -0.170757
    outer loop
      vertex -40.0619 -10.2963 18.9939
      vertex -41.9438 -11.7708 21.7602
      vertex -41.9613 -11.7786 21.7554
    endloop
  endfacet
  facet normal 0.443114 -0.880619 -0.167812
    outer loop
      vertex -40 -10.838 22
      vertex -40.0619 -10.2963 18.9939
      vertex -39.843 -10.759 22
    endloop
  endfacet
  facet normal 0.399508 -0.90124 -0.167811
    outer loop
      vertex -37.5028 -9.72162 22
      vertex -39.843 -10.759 22
      vertex -40.0619 -10.2963 18.9939
    endloop
  endfacet
  facet normal 0.446025 -0.886118 -0.125922
    outer loop
      vertex -40.3547 -9.67715 13.5998
      vertex -40.0619 -10.2963 18.9939
      vertex -44.4927 -11.76 13.5998
    endloop
  endfacet
  facet normal 0.262929 -0.950112 -0.167799
    outer loop
      vertex -27.1996 -5.33478 18.9939
      vertex -25.11 -5.28742 22
      vertex -27.0511 -5.82459 22
    endloop
  endfacet
  facet normal 0.262933 -0.95011 -0.167801
    outer loop
      vertex -25.11 -5.28742 22
      vertex -27.1996 -5.33478 18.9939
      vertex -22.7672 -4.10816 18.9939
    endloop
  endfacet
  facet normal 0.443233 -0.88056 0.167805
    outer loop
      vertex -39.8406 -10.764 -22.0327
      vertex -40.0619 -10.2963 -18.9939
      vertex -42.1521 -11.9275 -22.0327
    endloop
  endfacet
  facet normal 0.354796 -0.919762 0.167801
    outer loop
      vertex -31.3922 -7.26457 -22.0327
      vertex -31.5665 -6.77741 -18.9939
      vertex -33.8065 -8.19588 -22.0327
    endloop
  endfacet
  facet normal 0.168539 -0.971307 0.167799
    outer loop
      vertex -13.6727 -2.82606 -22.0327
      vertex -13.7486 -2.31426 -18.9939
      vertex -16.2223 -3.26846 -22.0327
    endloop
  endfacet
  facet normal 0.12067 -0.978408 0.167799
    outer loop
      vertex -11.7017 -2.58297 -22.0327
      vertex -13.7486 -2.31426 -18.9939
      vertex -13.6727 -2.82606 -22.0327
    endloop
  endfacet
  facet normal 0.120676 -0.978407 0.167803
    outer loop
      vertex -13.7486 -2.31426 -18.9939
      vertex -11.7017 -2.58297 -22.0327
      vertex -9.1842 -1.75129 -18.9939
    endloop
  endfacet
  facet normal 0.358622 -0.929697 0.0839833
    outer loop
      vertex -31.7973 -6.13255 -13.5998
      vertex -31.9514 -5.70177 -8.17302
      vertex -36.2946 -7.37712 -8.17302
    endloop
  endfacet
  facet normal 0.358624 -0.929696 0.0839851
    outer loop
      vertex -36.1195 -7.79981 -13.5998
      vertex -31.7973 -6.13255 -13.5998
      vertex -36.2946 -7.37712 -8.17302
    endloop
  endfacet
  facet normal 0.309232 -0.936065 0.167801
    outer loop
      vertex -31.3922 -7.26457 -22.0327
      vertex -28.9351 -6.45286 -22.0327
      vertex -31.5665 -6.77741 -18.9939
    endloop
  endfacet
  facet normal 0.309234 -0.936064 0.167803
    outer loop
      vertex -28.9351 -6.45286 -22.0327
      vertex -27.1996 -5.33478 -18.9939
      vertex -31.5665 -6.77741 -18.9939
    endloop
  endfacet
  facet normal 0.309233 -0.936065 0.167803
    outer loop
      vertex -27.1996 -5.33478 -18.9939
      vertex -28.9351 -6.45286 -22.0327
      vertex -27.0494 -5.82991 -22.0327
    endloop
  endfacet
  facet normal 0.264585 -0.956106 0.125922
    outer loop
      vertex -22.7672 -4.10816 -18.9939
      vertex -22.9336 -3.44379 -13.5998
      vertex -27.3985 -4.67937 -13.5998
    endloop
  endfacet
  facet normal 0.264592 -0.956103 0.125928
    outer loop
      vertex -27.1996 -5.33478 -18.9939
      vertex -22.7672 -4.10816 -18.9939
      vertex -27.3985 -4.67937 -13.5998
    endloop
  endfacet
  facet normal 0.266477 -0.962926 0.0420041
    outer loop
      vertex -27.5313 -4.24156 -8.17302
      vertex -23.1005 -2.77781 -2.72653
      vertex -27.5978 -4.02238 -2.72653
    endloop
  endfacet
  facet normal 0.219099 -0.975703 0
    outer loop
      vertex -23.1005 -2.77781 -2.72653
      vertex -18.5475 -1.75541 2.72653
      vertex -23.1005 -2.77781 2.72653
    endloop
  endfacet
  facet normal 0.219099 -0.975703 0
    outer loop
      vertex -18.5475 -1.75541 2.72653
      vertex -23.1005 -2.77781 -2.72653
      vertex -18.5475 -1.75541 -2.72653
    endloop
  endfacet
  facet normal 0.265766 -0.960373 -0.0839825
    outer loop
      vertex -22.9336 -3.44379 13.5998
      vertex -27.3985 -4.67937 13.5998
      vertex -27.5313 -4.24156 8.17302
    endloop
  endfacet
  facet normal 0.312576 -0.946173 -0.0839824
    outer loop
      vertex -27.5313 -4.24156 8.17302
      vertex -27.3985 -4.67937 13.5998
      vertex -31.7973 -6.13255 13.5998
    endloop
  endfacet
  facet normal 0.403813 -0.910979 -0.083978
    outer loop
      vertex -36.2946 -7.37712 8.17302
      vertex -37.6001 -8.28892 11.7865
      vertex -40.5503 -9.26356 8.17302
    endloop
  endfacet
  facet normal 0.402986 -0.91131 -0.0843603
    outer loop
      vertex -37.6001 -8.28892 11.7865
      vertex -36.2946 -7.37712 8.17302
      vertex -37.561 -8.27225 11.7932
    endloop
  endfacet
  facet normal 0.40395 -0.910923 -0.0839275
    outer loop
      vertex -37.561 -8.27225 11.7932
      vertex -36.2946 -7.37712 8.17302
      vertex -37.4533 -8.22672 11.8174
    endloop
  endfacet
  facet normal 0.403915 -0.910937 -0.0839418
    outer loop
      vertex -37.4533 -8.22672 11.8174
      vertex -36.2946 -7.37712 8.17302
      vertex -37.3469 -8.18226 11.8469
    endloop
  endfacet
  facet normal 0.40368 -0.911033 -0.0840301
    outer loop
      vertex -37.3469 -8.18226 11.8469
      vertex -36.2946 -7.37712 8.17302
      vertex -37.242 -8.13897 11.8815
    endloop
  endfacet
  facet normal 0.403963 -0.910917 -0.0839339
    outer loop
      vertex -37.242 -8.13897 11.8815
      vertex -36.2946 -7.37712 8.17302
      vertex -37.139 -8.09696 11.9213
    endloop
  endfacet
  facet normal 0.403675 -0.911036 -0.0840218
    outer loop
      vertex -37.139 -8.09696 11.9213
      vertex -36.2946 -7.37712 8.17302
      vertex -37.038 -8.05633 11.966
    endloop
  endfacet
  facet normal 0.403991 -0.910904 -0.0839361
    outer loop
      vertex -37.038 -8.05633 11.966
      vertex -36.2946 -7.37712 8.17302
      vertex -36.9394 -8.01718 12.0157
    endloop
  endfacet
  facet normal 0.403713 -0.911021 -0.0840024
    outer loop
      vertex -36.9394 -8.01718 12.0157
      vertex -36.2946 -7.37712 8.17302
      vertex -36.8433 -7.97961 12.0701
    endloop
  endfacet
  facet normal 0.40382 -0.910976 -0.0839803
    outer loop
      vertex -36.8433 -7.97961 12.0701
      vertex -36.2946 -7.37712 8.17302
      vertex -36.75 -7.9437 12.1292
    endloop
  endfacet
  facet normal 0.403778 -0.910994 -0.0839876
    outer loop
      vertex -36.75 -7.9437 12.1292
      vertex -36.2946 -7.37712 8.17302
      vertex -36.6597 -7.90954 12.1928
    endloop
  endfacet
  facet normal 0.403653 -0.911047 -0.0840061
    outer loop
      vertex -36.6597 -7.90954 12.1928
      vertex -36.2946 -7.37712 8.17302
      vertex -36.5726 -7.87721 12.2607
    endloop
  endfacet
  facet normal 0.403975 -0.910908 -0.0839673
    outer loop
      vertex -36.5726 -7.87721 12.2607
      vertex -36.2946 -7.37712 8.17302
      vertex -36.489 -7.84679 12.3329
    endloop
  endfacet
  facet normal 0.403876 -0.910951 -0.0839819
    outer loop
      vertex -36.1928 -7.74562 12.6597
      vertex -36.2946 -7.37712 8.17302
      vertex -36.1478 -7.73156 12.7236
    endloop
  endfacet
  facet normal 0.40406 -0.910869 -0.0839794
    outer loop
      vertex -36.2607 -7.76771 12.5726
      vertex -36.2946 -7.37712 8.17302
      vertex -36.1928 -7.74562 12.6597
    endloop
  endfacet
  facet normal 0.403526 -0.911104 -0.0839962
    outer loop
      vertex -36.3329 -7.79198 12.489
      vertex -36.2946 -7.37712 8.17302
      vertex -36.2607 -7.76771 12.5726
    endloop
  endfacet
  facet normal 0.404031 -0.910883 -0.0839704
    outer loop
      vertex -36.409 -7.81836 12.409
      vertex -36.2946 -7.37712 8.17302
      vertex -36.3329 -7.79198 12.489
    endloop
  endfacet
  facet normal 0.403664 -0.911043 -0.083997
    outer loop
      vertex -36.489 -7.84679 12.3329
      vertex -36.2946 -7.37712 8.17302
      vertex -36.409 -7.81836 12.409
    endloop
  endfacet
  facet normal 0.448015 -0.890073 -0.0839829
    outer loop
      vertex -40.5503 -9.26356 8.17302
      vertex -40.3547 -9.67715 13.5998
      vertex -44.4927 -11.76 13.5998
    endloop
  endfacet
  facet normal 0.0245193 -0.998817 -0.0420019
    outer loop
      vertex 0 0.0713568 2.72653
      vertex 0 -0.157677 8.17302
      vertex -4.66493 -0.0431595 2.72653
    endloop
  endfacet
  facet normal 0.0244546 -0.996167 -0.0839845
    outer loop
      vertex 0 -0.157677 8.17302
      vertex -4.63124 -0.728887 13.5998
      vertex -4.65369 -0.271919 8.17302
    endloop
  endfacet
  facet normal -0.0734995 -0.99641 -0.0420022
    outer loop
      vertex 4.66493 -0.0431595 2.72653
      vertex 9.29617 -0.614368 8.17302
      vertex 4.65369 -0.271919 8.17302
    endloop
  endfacet
  facet normal -0.0733035 -0.993767 -0.0839837
    outer loop
      vertex 9.29617 -0.614368 8.17302
      vertex 9.25133 -1.06968 13.5998
      vertex 4.63124 -0.728887 13.5998
    endloop
  endfacet
  facet normal 0.0241923 -0.985523 -0.167804
    outer loop
      vertex -2.01342 -1.86137 22
      vertex -4.57252 -1.92419 22
      vertex -4.59764 -1.41296 18.9939
    endloop
  endfacet
  facet normal 0.024192 -0.985523 -0.167804
    outer loop
      vertex 0 -1.3001 18.9939
      vertex -2.01342 -1.86137 22
      vertex -4.59764 -1.41296 18.9939
    endloop
  endfacet
  facet normal 0.0241949 -0.985524 -0.167802
    outer loop
      vertex -2.01342 -1.86137 22
      vertex 0 -1.3001 18.9939
      vertex 0 -1.81194 22
    endloop
  endfacet
  facet normal 0.0729779 -0.989352 -0.125923
    outer loop
      vertex -4.63124 -0.728887 13.5998
      vertex -4.59764 -1.41296 18.9939
      vertex -9.25133 -1.06968 13.5998
    endloop
  endfacet
  facet normal 0.0733035 -0.993767 -0.0839837
    outer loop
      vertex -4.63124 -0.728887 13.5998
      vertex -9.25133 -1.06968 13.5998
      vertex -9.29617 -0.614368 8.17302
    endloop
  endfacet
  facet normal 0.0725191 -0.983149 -0.167805
    outer loop
      vertex -4.59764 -1.41296 18.9939
      vertex -4.57252 -1.92419 22
      vertex -7.12546 -2.1125 22
    endloop
  endfacet
  facet normal 0.072521 -0.98315 -0.167801
    outer loop
      vertex -9.1842 -1.75129 18.9939
      vertex -7.12546 -2.1125 22
      vertex -9.13403 -2.26066 22
    endloop
  endfacet
  facet normal 0.0725225 -0.98315 -0.167802
    outer loop
      vertex -7.12546 -2.1125 22
      vertex -9.1842 -1.75129 18.9939
      vertex -4.59764 -1.41296 18.9939
    endloop
  endfacet
  facet normal 0.1696 -0.977435 -0.125926
    outer loop
      vertex -13.7486 -2.31426 18.9939
      vertex -18.2799 -3.10051 18.9939
      vertex -18.4136 -2.42877 13.5998
    endloop
  endfacet
  facet normal 0.217356 -0.967935 -0.125927
    outer loop
      vertex -18.4136 -2.42877 13.5998
      vertex -18.2799 -3.10051 18.9939
      vertex -22.7672 -4.10816 18.9939
    endloop
  endfacet
  facet normal -0.446025 -0.886118 -0.125922
    outer loop
      vertex 40.3547 -9.67715 13.5998
      vertex 44.4927 -11.76 13.5998
      vertex 40.0619 -10.2963 18.9939
    endloop
  endfacet
  facet normal -0.448015 -0.890073 -0.0839829
    outer loop
      vertex 40.5503 -9.26356 8.17302
      vertex 44.4927 -11.76 13.5998
      vertex 40.3547 -9.67715 13.5998
    endloop
  endfacet
  facet normal -0.169598 -0.977435 -0.125924
    outer loop
      vertex 13.8491 -1.63677 13.5998
      vertex 18.4136 -2.42877 13.5998
      vertex 13.7486 -2.31426 18.9939
    endloop
  endfacet
  facet normal -0.121438 -0.984579 -0.125924
    outer loop
      vertex 13.8491 -1.63677 13.5998
      vertex 13.7486 -2.31426 18.9939
      vertex 9.25133 -1.06968 13.5998
    endloop
  endfacet
  facet normal -0.264592 -0.956103 -0.125928
    outer loop
      vertex 27.3985 -4.67937 13.5998
      vertex 27.1996 -5.33478 18.9939
      vertex 22.7672 -4.10816 18.9939
    endloop
  endfacet
  facet normal -0.264585 -0.956106 -0.125922
    outer loop
      vertex 22.9336 -3.44379 13.5998
      vertex 27.3985 -4.67937 13.5998
      vertex 22.7672 -4.10816 18.9939
    endloop
  endfacet
  facet normal -0.357028 -0.925567 -0.125927
    outer loop
      vertex 31.7973 -6.13255 13.5998
      vertex 35.8574 -8.43258 18.9939
      vertex 31.5665 -6.77741 18.9939
    endloop
  endfacet
  facet normal -0.357034 -0.925565 -0.125921
    outer loop
      vertex 31.7973 -6.13255 13.5998
      vertex 36.0459 -7.97744 15.114
      vertex 35.8574 -8.43258 18.9939
    endloop
  endfacet
  facet normal -0.356915 -0.925565 -0.126257
    outer loop
      vertex 36.0459 -7.97744 15.114
      vertex 31.7973 -6.13255 13.5998
      vertex 36.0157 -7.95851 15.0606
    endloop
  endfacet
  facet normal -0.357054 -0.925566 -0.125856
    outer loop
      vertex 36.0157 -7.95851 15.0606
      vertex 31.7973 -6.13255 13.5998
      vertex 35.966 -7.92593 14.962
    endloop
  endfacet
  facet normal -0.35701 -0.925565 -0.125989
    outer loop
      vertex 35.966 -7.92593 14.962
      vertex 31.7973 -6.13255 13.5998
      vertex 35.9213 -7.89494 14.861
    endloop
  endfacet
  facet normal -0.35708 -0.925569 -0.125763
    outer loop
      vertex 35.9213 -7.89494 14.861
      vertex 31.7973 -6.13255 13.5998
      vertex 35.8815 -7.86559 14.758
    endloop
  endfacet
  facet normal -0.357001 -0.925562 -0.126035
    outer loop
      vertex 35.8815 -7.86559 14.758
      vertex 31.7973 -6.13255 13.5998
      vertex 35.8469 -7.83796 14.6531
    endloop
  endfacet
  facet normal -0.357045 -0.925567 -0.125875
    outer loop
      vertex 35.8469 -7.83796 14.6531
      vertex 31.7973 -6.13255 13.5998
      vertex 35.8174 -7.81211 14.5467
    endloop
  endfacet
  facet normal -0.357027 -0.925565 -0.125945
    outer loop
      vertex 35.8174 -7.81211 14.5467
      vertex 31.7973 -6.13255 13.5998
      vertex 35.7932 -7.78812 14.439
    endloop
  endfacet
  facet normal -0.356987 -0.925556 -0.126117
    outer loop
      vertex 35.7932 -7.78812 14.439
      vertex 31.7973 -6.13255 13.5998
      vertex 35.7744 -7.76603 14.3301
    endloop
  endfacet
  facet normal -0.357093 -0.925585 -0.125605
    outer loop
      vertex 35.7744 -7.76603 14.3301
      vertex 31.7973 -6.13255 13.5998
      vertex 35.7608 -7.74591 14.2205
    endloop
  endfacet
  facet normal -0.35701 -0.925555 -0.126061
    outer loop
      vertex 35.7608 -7.74591 14.2205
      vertex 31.7973 -6.13255 13.5998
      vertex 35.7527 -7.72779 14.1104
    endloop
  endfacet
  facet normal -0.35702 -0.92556 -0.125995
    outer loop
      vertex 35.7527 -7.72779 14.1104
      vertex 31.7973 -6.13255 13.5998
      vertex 35.75 -7.71172 14
    endloop
  endfacet
  facet normal -0.357039 -0.925572 -0.125854
    outer loop
      vertex 31.7973 -6.13255 13.5998
      vertex 35.7527 -7.69775 13.8896
      vertex 35.75 -7.71172 14
    endloop
  endfacet
  facet normal -0.357036 -0.925569 -0.125885
    outer loop
      vertex 31.7973 -6.13255 13.5998
      vertex 35.7608 -7.6859 13.7795
      vertex 35.7527 -7.69775 13.8896
    endloop
  endfacet
  facet normal -0.357008 -0.925535 -0.126213
    outer loop
      vertex 31.7973 -6.13255 13.5998
      vertex 35.7744 -7.6762 13.6699
      vertex 35.7608 -7.6859 13.7795
    endloop
  endfacet
  facet normal -0.357049 -0.925611 -0.125539
    outer loop
      vertex 35.7744 -7.6762 13.6699
      vertex 31.7973 -6.13255 13.5998
      vertex 35.7865 -7.67136 13.5998
    endloop
  endfacet
  facet normal -0.219099 -0.975703 0
    outer loop
      vertex 18.5475 -1.75541 -2.72653
      vertex 23.1005 -2.77781 2.72653
      vertex 18.5475 -1.75541 2.72653
    endloop
  endfacet
  facet normal -0.219099 -0.975703 -0
    outer loop
      vertex 23.1005 -2.77781 2.72653
      vertex 18.5475 -1.75541 -2.72653
      vertex 23.1005 -2.77781 -2.72653
    endloop
  endfacet
  facet normal -0.266477 -0.962926 -0.0420041
    outer loop
      vertex 27.5978 -4.02238 2.72653
      vertex 27.5313 -4.24156 8.17302
      vertex 23.1005 -2.77781 2.72653
    endloop
  endfacet
  facet normal -0.358632 -0.929716 -0.083734
    outer loop
      vertex 31.7973 -6.13255 13.5998
      vertex 35.7932 -7.67045 13.561
      vertex 35.7865 -7.67136 13.5998
    endloop
  endfacet
  facet normal -0.358626 -0.929691 -0.0840355
    outer loop
      vertex 31.7973 -6.13255 13.5998
      vertex 35.8174 -7.67005 13.4533
      vertex 35.7932 -7.67045 13.561
    endloop
  endfacet
  facet normal -0.358626 -0.929682 -0.0841402
    outer loop
      vertex 31.7973 -6.13255 13.5998
      vertex 35.8469 -7.6718 13.3469
      vertex 35.8174 -7.67005 13.4533
    endloop
  endfacet
  facet normal -0.358618 -0.929715 -0.0838092
    outer loop
      vertex 31.7973 -6.13255 13.5998
      vertex 35.8815 -7.67569 13.242
      vertex 35.8469 -7.6718 13.3469
    endloop
  endfacet
  facet normal -0.358638 -0.929667 -0.0842446
    outer loop
      vertex 31.7973 -6.13255 13.5998
      vertex 35.9213 -7.68171 13.139
      vertex 35.8815 -7.67569 13.242
    endloop
  endfacet
  facet normal -0.3586 -0.929733 -0.0836841
    outer loop
      vertex 31.7973 -6.13255 13.5998
      vertex 35.966 -7.68986 13.038
      vertex 35.9213 -7.68171 13.139
    endloop
  endfacet
  facet normal -0.358648 -0.929665 -0.0842297
    outer loop
      vertex 31.7973 -6.13255 13.5998
      vertex 36.0157 -7.7001 12.9394
      vertex 35.966 -7.68986 13.038
    endloop
  endfacet
  facet normal -0.358603 -0.929721 -0.0838067
    outer loop
      vertex 31.7973 -6.13255 13.5998
      vertex 36.0701 -7.71242 12.8433
      vertex 36.0157 -7.7001 12.9394
    endloop
  endfacet
  facet normal -0.358638 -0.929682 -0.0840865
    outer loop
      vertex 31.7973 -6.13255 13.5998
      vertex 36.1292 -7.72678 12.75
      vertex 36.0701 -7.71242 12.8433
    endloop
  endfacet
  facet normal -0.358681 -0.929638 -0.0843859
    outer loop
      vertex 31.7973 -6.13255 13.5998
      vertex 36.1478 -7.73156 12.7236
      vertex 36.1292 -7.72678 12.75
    endloop
  endfacet
  facet normal -0.358621 -0.929698 -0.0839822
    outer loop
      vertex 36.1478 -7.73156 12.7236
      vertex 31.7973 -6.13255 13.5998
      vertex 36.2946 -7.37712 8.17302
    endloop
  endfacet
  facet normal -0.403876 -0.910951 -0.0839819
    outer loop
      vertex 36.2946 -7.37712 8.17302
      vertex 36.1928 -7.74562 12.6597
      vertex 36.1478 -7.73156 12.7236
    endloop
  endfacet
  facet normal -0.40406 -0.910869 -0.0839794
    outer loop
      vertex 36.2946 -7.37712 8.17302
      vertex 36.2607 -7.76771 12.5726
      vertex 36.1928 -7.74562 12.6597
    endloop
  endfacet
  facet normal -0.403526 -0.911104 -0.0839962
    outer loop
      vertex 36.2946 -7.37712 8.17302
      vertex 36.3329 -7.79198 12.489
      vertex 36.2607 -7.76771 12.5726
    endloop
  endfacet
  facet normal -0.404031 -0.910883 -0.0839704
    outer loop
      vertex 36.2946 -7.37712 8.17302
      vertex 36.409 -7.81836 12.409
      vertex 36.3329 -7.79198 12.489
    endloop
  endfacet
  facet normal -0.403664 -0.911043 -0.083997
    outer loop
      vertex 36.2946 -7.37712 8.17302
      vertex 36.489 -7.84679 12.3329
      vertex 36.409 -7.81836 12.409
    endloop
  endfacet
  facet normal -0.403975 -0.910908 -0.0839673
    outer loop
      vertex 36.2946 -7.37712 8.17302
      vertex 36.5726 -7.87721 12.2607
      vertex 36.489 -7.84679 12.3329
    endloop
  endfacet
  facet normal -0.403653 -0.911047 -0.0840061
    outer loop
      vertex 36.2946 -7.37712 8.17302
      vertex 36.6597 -7.90954 12.1928
      vertex 36.5726 -7.87721 12.2607
    endloop
  endfacet
  facet normal -0.403778 -0.910994 -0.0839876
    outer loop
      vertex 36.2946 -7.37712 8.17302
      vertex 36.75 -7.9437 12.1292
      vertex 36.6597 -7.90954 12.1928
    endloop
  endfacet
  facet normal -0.40382 -0.910976 -0.0839803
    outer loop
      vertex 36.2946 -7.37712 8.17302
      vertex 36.8433 -7.97961 12.0701
      vertex 36.75 -7.9437 12.1292
    endloop
  endfacet
  facet normal -0.403713 -0.911021 -0.0840024
    outer loop
      vertex 36.2946 -7.37712 8.17302
      vertex 36.9394 -8.01718 12.0157
      vertex 36.8433 -7.97961 12.0701
    endloop
  endfacet
  facet normal -0.403991 -0.910904 -0.0839361
    outer loop
      vertex 36.2946 -7.37712 8.17302
      vertex 37.038 -8.05633 11.966
      vertex 36.9394 -8.01718 12.0157
    endloop
  endfacet
  facet normal -0.403675 -0.911036 -0.0840218
    outer loop
      vertex 36.2946 -7.37712 8.17302
      vertex 37.139 -8.09696 11.9213
      vertex 37.038 -8.05633 11.966
    endloop
  endfacet
  facet normal -0.403963 -0.910917 -0.0839339
    outer loop
      vertex 36.2946 -7.37712 8.17302
      vertex 37.242 -8.13897 11.8815
      vertex 37.139 -8.09696 11.9213
    endloop
  endfacet
  facet normal -0.40368 -0.911033 -0.0840301
    outer loop
      vertex 36.2946 -7.37712 8.17302
      vertex 37.3469 -8.18226 11.8469
      vertex 37.242 -8.13897 11.8815
    endloop
  endfacet
  facet normal -0.403915 -0.910937 -0.0839418
    outer loop
      vertex 36.2946 -7.37712 8.17302
      vertex 37.4533 -8.22672 11.8174
      vertex 37.3469 -8.18226 11.8469
    endloop
  endfacet
  facet normal -0.40395 -0.910923 -0.0839275
    outer loop
      vertex 36.2946 -7.37712 8.17302
      vertex 37.561 -8.27225 11.7932
      vertex 37.4533 -8.22672 11.8174
    endloop
  endfacet
  facet normal -0.402986 -0.91131 -0.0843603
    outer loop
      vertex 36.2946 -7.37712 8.17302
      vertex 37.6001 -8.28892 11.7865
      vertex 37.561 -8.27225 11.7932
    endloop
  endfacet
  facet normal -0.403813 -0.910979 -0.083978
    outer loop
      vertex 37.6001 -8.28892 11.7865
      vertex 36.2946 -7.37712 8.17302
      vertex 40.5503 -9.26356 8.17302
    endloop
  endfacet
  facet normal -0.262933 -0.950111 0.167798
    outer loop
      vertex 25.1355 -5.30024 -22.0327
      vertex 27.1996 -5.33478 -18.9939
      vertex 22.7672 -4.10816 -18.9939
    endloop
  endfacet
  facet normal -0.262941 -0.950107 0.167803
    outer loop
      vertex 27.1996 -5.33478 -18.9939
      vertex 25.1355 -5.30024 -22.0327
      vertex 27.0494 -5.82991 -22.0327
    endloop
  endfacet
  facet normal -0.309233 -0.936065 0.167803
    outer loop
      vertex 28.9351 -6.45286 -22.0327
      vertex 27.1996 -5.33478 -18.9939
      vertex 27.0494 -5.82991 -22.0327
    endloop
  endfacet
  facet normal -0.309234 -0.936064 0.167803
    outer loop
      vertex 27.1996 -5.33478 -18.9939
      vertex 28.9351 -6.45286 -22.0327
      vertex 31.5665 -6.77741 -18.9939
    endloop
  endfacet
  facet normal -0.1696 -0.977435 0.125926
    outer loop
      vertex 18.2799 -3.10051 -18.9939
      vertex 18.4136 -2.42877 -13.5998
      vertex 13.7486 -2.31426 -18.9939
    endloop
  endfacet
  facet normal -0.217361 -0.967935 0.125922
    outer loop
      vertex 22.7672 -4.10816 -18.9939
      vertex 22.9336 -3.44379 -13.5998
      vertex 18.4136 -2.42877 -13.5998
    endloop
  endfacet
  facet normal -0.0733035 -0.993767 0.0839837
    outer loop
      vertex 9.25133 -1.06968 -13.5998
      vertex 9.29617 -0.614368 -8.17302
      vertex 4.63124 -0.728887 -13.5998
    endloop
  endfacet
  facet normal -0.12198 -0.988973 0.0839837
    outer loop
      vertex 13.8491 -1.63677 -13.5998
      vertex 9.29617 -0.614368 -8.17302
      vertex 9.25133 -1.06968 -13.5998
    endloop
  endfacet
  facet normal -0.170815 -0.984408 0.0420017
    outer loop
      vertex 18.5028 -1.98005 -8.17302
      vertex 13.9499 -0.957645 -2.72653
      vertex 13.9163 -1.1842 -8.17302
    endloop
  endfacet
  facet normal -0.122301 -0.991604 0.0420018
    outer loop
      vertex 13.9163 -1.1842 -8.17302
      vertex 13.9499 -0.957645 -2.72653
      vertex 9.29617 -0.614368 -8.17302
    endloop
  endfacet
  facet normal -0.357031 -0.925566 0.125924
    outer loop
      vertex 35.8574 -8.43258 -18.9939
      vertex 36.1195 -7.79981 -13.5998
      vertex 31.7973 -6.13255 -13.5998
    endloop
  endfacet
  facet normal -0.358624 -0.929696 0.0839851
    outer loop
      vertex 36.1195 -7.79981 -13.5998
      vertex 36.2946 -7.37712 -8.17302
      vertex 31.7973 -6.13255 -13.5998
    endloop
  endfacet
  facet normal -0.488982 -0.863156 0.125929
    outer loop
      vertex 48 -14.4972 -18.7426
      vertex 48 -13.7469 -13.5998
      vertex 44.4927 -11.76 -13.5998
    endloop
  endfacet
  facet normal -0.488971 -0.863161 0.125938
    outer loop
      vertex 44.1698 -12.3641 -18.9939
      vertex 48 -14.4972 -18.7426
      vertex 44.4927 -11.76 -13.5998
    endloop
  endfacet
  facet normal -0.488974 -0.863192 0.125718
    outer loop
      vertex 48 -14.4972 -18.7426
      vertex 44.1698 -12.3641 -18.9939
      vertex 48 -14.5338 -18.9939
    endloop
  endfacet
  facet normal 0.492475 -0.869313 -0.0419998
    outer loop
      vertex -48 -12.9581 2.72653
      vertex -44.8163 -11.1545 2.72653
      vertex -48 -13.1706 7.12486
    endloop
  endfacet
  facet normal 0.492475 -0.869313 0.0419998
    outer loop
      vertex -44.8163 -11.1545 -2.72653
      vertex -48 -12.9581 -2.72653
      vertex -48 -13.1706 -7.12486
    endloop
  endfacet
  facet normal 0.449602 -0.893229 0
    outer loop
      vertex -44.8163 -11.1545 -2.72653
      vertex -40.6482 -9.05651 2.72653
      vertex -44.8163 -11.1545 2.72653
    endloop
  endfacet
  facet normal 0.449602 -0.893229 0
    outer loop
      vertex -40.6482 -9.05651 2.72653
      vertex -44.8163 -11.1545 -2.72653
      vertex -40.6482 -9.05651 -2.72653
    endloop
  endfacet
  facet normal 0.488974 -0.863192 0.125718
    outer loop
      vertex -44.1698 -12.3641 -18.9939
      vertex -48 -14.4972 -18.7426
      vertex -48 -14.5338 -18.9939
    endloop
  endfacet
  facet normal 0.488971 -0.863161 0.125938
    outer loop
      vertex -48 -14.4972 -18.7426
      vertex -44.1698 -12.3641 -18.9939
      vertex -44.4927 -11.76 -13.5998
    endloop
  endfacet
  facet normal 0.49247 -0.869317 0.0419663
    outer loop
      vertex -44.7084 -11.3565 -8.17302
      vertex -48 -13.1706 -7.12486
      vertex -48 -13.2212 -8.17302
    endloop
  endfacet
  facet normal 0.492477 -0.869311 0.0419975
    outer loop
      vertex -48 -13.1706 -7.12486
      vertex -44.7084 -11.3565 -8.17302
      vertex -44.8163 -11.1545 -2.72653
    endloop
  endfacet
  facet normal 0.446041 -0.886108 -0.125938
    outer loop
      vertex -40.0619 -10.2963 18.9939
      vertex -44.1698 -12.3641 18.9939
      vertex -44.4927 -11.76 13.5998
    endloop
  endfacet
  facet normal 0.488964 -0.863144 -0.126083
    outer loop
      vertex -46.4257 -13.6087 18.7656
      vertex -44.1698 -12.3641 18.9939
      vertex -46.2475 -13.5411 18.9939
    endloop
  endfacet
  facet normal 0.48896 -0.863178 -0.125864
    outer loop
      vertex -46.6517 -13.6899 18.4445
      vertex -44.1698 -12.3641 18.9939
      vertex -46.4257 -13.6087 18.7656
    endloop
  endfacet
  facet normal 0.488976 -0.863149 -0.126004
    outer loop
      vertex -46.8618 -13.7605 18.1128
      vertex -44.1698 -12.3641 18.9939
      vertex -46.6517 -13.6899 18.4445
    endloop
  endfacet
  facet normal 0.48898 -0.863143 -0.126026
    outer loop
      vertex -47.0554 -13.8203 17.7712
      vertex -44.1698 -12.3641 18.9939
      vertex -46.8618 -13.7605 18.1128
    endloop
  endfacet
  facet normal 0.488864 -0.863271 -0.1256
    outer loop
      vertex -47.1752 -13.8535 17.5331
      vertex -44.1698 -12.3641 18.9939
      vertex -47.0554 -13.8203 17.7712
    endloop
  endfacet
  facet normal 0.488973 -0.86316 -0.125938
    outer loop
      vertex -44.1698 -12.3641 18.9939
      vertex -47.1752 -13.8535 17.5331
      vertex -44.4927 -11.76 13.5998
    endloop
  endfacet
  facet normal 0.357028 -0.925567 -0.125927
    outer loop
      vertex -31.7973 -6.13255 13.5998
      vertex -31.5665 -6.77741 18.9939
      vertex -35.8574 -8.43258 18.9939
    endloop
  endfacet
  facet normal 0.354786 -0.919766 -0.167798
    outer loop
      vertex -31.5665 -6.77741 18.9939
      vertex -31.3941 -7.25933 22
      vertex -33.7825 -8.18062 22
    endloop
  endfacet
  facet normal 0.448011 -0.890075 0.0839874
    outer loop
      vertex -44.4927 -11.76 -13.5998
      vertex -40.5503 -9.26356 -8.17302
      vertex -44.7084 -11.3565 -8.17302
    endloop
  endfacet
  facet normal 0.446025 -0.886118 0.125922
    outer loop
      vertex -40.0619 -10.2963 -18.9939
      vertex -40.3547 -9.67715 -13.5998
      vertex -44.4927 -11.76 -13.5998
    endloop
  endfacet
  facet normal 0.359581 -0.932168 0.0420036
    outer loop
      vertex -31.9514 -5.70177 -8.17302
      vertex -32.0286 -5.48613 -2.72653
      vertex -36.3822 -7.16552 -2.72653
    endloop
  endfacet
  facet normal 0.313406 -0.94869 0.0420033
    outer loop
      vertex -31.9514 -5.70177 -8.17302
      vertex -27.5313 -4.24156 -8.17302
      vertex -32.0286 -5.48613 -2.72653
    endloop
  endfacet
  facet normal 0.218325 -0.972255 0.0839862
    outer loop
      vertex -22.9336 -3.44379 -13.5998
      vertex -18.5028 -1.98005 -8.17302
      vertex -23.0448 -2.99998 -8.17302
    endloop
  endfacet
  facet normal 0.26577 -0.960371 0.0839864
    outer loop
      vertex -22.9336 -3.44379 -13.5998
      vertex -23.0448 -2.99998 -8.17302
      vertex -27.5313 -4.24156 -8.17302
    endloop
  endfacet
  facet normal 0.217361 -0.967935 0.125922
    outer loop
      vertex -22.7672 -4.10816 -18.9939
      vertex -18.4136 -2.42877 -13.5998
      vertex -22.9336 -3.44379 -13.5998
    endloop
  endfacet
  facet normal 0.218331 -0.972254 0.0839808
    outer loop
      vertex -18.4136 -2.42877 -13.5998
      vertex -18.5028 -1.98005 -8.17302
      vertex -22.9336 -3.44379 -13.5998
    endloop
  endfacet
  facet normal 0.311187 -0.941968 0.125928
    outer loop
      vertex -27.1996 -5.33478 -18.9939
      vertex -27.3985 -4.67937 -13.5998
      vertex -31.7973 -6.13255 -13.5998
    endloop
  endfacet
  facet normal 0.312576 -0.946173 0.0839824
    outer loop
      vertex -27.3985 -4.67937 -13.5998
      vertex -27.5313 -4.24156 -8.17302
      vertex -31.7973 -6.13255 -13.5998
    endloop
  endfacet
  facet normal 0.218906 -0.974841 0.0420039
    outer loop
      vertex -23.0448 -2.99998 -8.17302
      vertex -18.5028 -1.98005 -8.17302
      vertex -23.1005 -2.77781 -2.72653
    endloop
  endfacet
  facet normal 0.266477 -0.962926 0.0420043
    outer loop
      vertex -23.0448 -2.99998 -8.17302
      vertex -23.1005 -2.77781 -2.72653
      vertex -27.5313 -4.24156 -8.17302
    endloop
  endfacet
  facet normal 0.311187 -0.941968 -0.125928
    outer loop
      vertex -27.3985 -4.67937 13.5998
      vertex -27.1996 -5.33478 18.9939
      vertex -31.7973 -6.13255 13.5998
    endloop
  endfacet
  facet normal 0.264592 -0.956103 -0.125928
    outer loop
      vertex -22.7672 -4.10816 18.9939
      vertex -27.1996 -5.33478 18.9939
      vertex -27.3985 -4.67937 13.5998
    endloop
  endfacet
  facet normal 0.402229 -0.906864 -0.12574
    outer loop
      vertex -40.0619 -10.2963 18.9939
      vertex -38.1104 -9.04991 16.2473
      vertex -38.0555 -9.02574 16.2486
    endloop
  endfacet
  facet normal 0.402089 -0.906909 -0.12586
    outer loop
      vertex -40.0619 -10.2963 18.9939
      vertex -38.2205 -9.0976 16.2392
      vertex -38.1104 -9.04991 16.2473
    endloop
  endfacet
  facet normal 0.402122 -0.906898 -0.125833
    outer loop
      vertex -40.0619 -10.2963 18.9939
      vertex -38.3301 -9.14431 16.2256
      vertex -38.2205 -9.0976 16.2392
    endloop
  endfacet
  facet normal 0.401676 -0.907048 -0.126174
    outer loop
      vertex -40.0619 -10.2963 18.9939
      vertex -38.439 -9.18992 16.2068
      vertex -38.3301 -9.14431 16.2256
    endloop
  endfacet
  facet normal 0.402145 -0.906887 -0.125837
    outer loop
      vertex -40.0619 -10.2963 18.9939
      vertex -38.5467 -9.23432 16.1826
      vertex -38.439 -9.18992 16.2068
    endloop
  endfacet
  facet normal 0.402157 -0.906883 -0.125829
    outer loop
      vertex -40.0619 -10.2963 18.9939
      vertex -38.6531 -9.27741 16.1531
      vertex -38.5467 -9.23432 16.1826
    endloop
  endfacet
  facet normal 0.401919 -0.906968 -0.125978
    outer loop
      vertex -40.0619 -10.2963 18.9939
      vertex -38.758 -9.31909 16.1185
      vertex -38.6531 -9.27741 16.1531
    endloop
  endfacet
  facet normal 0.40214 -0.906888 -0.12585
    outer loop
      vertex -40.0619 -10.2963 18.9939
      vertex -38.861 -9.35924 16.0787
      vertex -38.758 -9.31909 16.1185
    endloop
  endfacet
  facet normal 0.401858 -0.906992 -0.126
    outer loop
      vertex -40.0619 -10.2963 18.9939
      vertex -38.962 -9.39778 16.034
      vertex -38.861 -9.35924 16.0787
    endloop
  endfacet
  facet normal 0.402176 -0.906872 -0.125845
    outer loop
      vertex -40.0619 -10.2963 18.9939
      vertex -39.0606 -9.43461 15.9843
      vertex -38.962 -9.39778 16.034
    endloop
  endfacet
  facet normal 0.401979 -0.906948 -0.125932
    outer loop
      vertex -40.0619 -10.2963 18.9939
      vertex -39.1567 -9.46965 15.9299
      vertex -39.0606 -9.43461 15.9843
    endloop
  endfacet
  facet normal 0.402004 -0.906938 -0.125922
    outer loop
      vertex -40.0619 -10.2963 18.9939
      vertex -39.25 -9.5028 15.8708
      vertex -39.1567 -9.46965 15.9299
    endloop
  endfacet
  facet normal 0.401965 -0.906953 -0.125936
    outer loop
      vertex -40.0619 -10.2963 18.9939
      vertex -39.3403 -9.53399 15.8072
      vertex -39.25 -9.5028 15.8708
    endloop
  endfacet
  facet normal 0.401855 -0.906997 -0.125972
    outer loop
      vertex -40.0619 -10.2963 18.9939
      vertex -39.4274 -9.56315 15.7393
      vertex -39.3403 -9.53399 15.8072
    endloop
  endfacet
  facet normal 0.402153 -0.906877 -0.125887
    outer loop
      vertex -40.0619 -10.2963 18.9939
      vertex -39.511 -9.5902 15.6671
      vertex -39.4274 -9.56315 15.7393
    endloop
  endfacet
  facet normal 0.401886 -0.906986 -0.125954
    outer loop
      vertex -40.0619 -10.2963 18.9939
      vertex -39.591 -9.61508 15.591
      vertex -39.511 -9.5902 15.6671
    endloop
  endfacet
  facet normal 0.402235 -0.906842 -0.125877
    outer loop
      vertex -40.0619 -10.2963 18.9939
      vertex -39.6671 -9.63773 15.511
      vertex -39.591 -9.61508 15.591
    endloop
  endfacet
  facet normal 0.401763 -0.907039 -0.125968
    outer loop
      vertex -40.0619 -10.2963 18.9939
      vertex -39.7393 -9.6581 15.4274
      vertex -39.6671 -9.63773 15.511
    endloop
  endfacet
  facet normal 0.402274 -0.906824 -0.125883
    outer loop
      vertex -40.0619 -10.2963 18.9939
      vertex -39.8072 -9.67613 15.3403
      vertex -39.7393 -9.6581 15.4274
    endloop
  endfacet
  facet normal 0.401965 -0.906954 -0.125927
    outer loop
      vertex -40.0619 -10.2963 18.9939
      vertex -39.8708 -9.69178 15.25
      vertex -39.8072 -9.67613 15.3403
    endloop
  endfacet
  facet normal 0.401857 -0.907 -0.12594
    outer loop
      vertex -40.0619 -10.2963 18.9939
      vertex -39.9299 -9.70501 15.1567
      vertex -39.8708 -9.69178 15.25
    endloop
  endfacet
  facet normal 0.402269 -0.906824 -0.125898
    outer loop
      vertex -40.0619 -10.2963 18.9939
      vertex -39.9843 -9.7158 15.0606
      vertex -39.9299 -9.70501 15.1567
    endloop
  endfacet
  facet normal 0.401562 -0.907129 -0.125957
    outer loop
      vertex -40.0619 -10.2963 18.9939
      vertex -40.034 -9.72411 14.962
      vertex -39.9843 -9.7158 15.0606
    endloop
  endfacet
  facet normal 0.40251 -0.906718 -0.125892
    outer loop
      vertex -40.0619 -10.2963 18.9939
      vertex -40.0787 -9.72993 14.861
      vertex -40.034 -9.72411 14.962
    endloop
  endfacet
  facet normal 0.401408 -0.907198 -0.125953
    outer loop
      vertex -40.0619 -10.2963 18.9939
      vertex -40.1185 -9.73324 14.758
      vertex -40.0787 -9.72993 14.861
    endloop
  endfacet
  facet normal 0.402658 -0.906651 -0.125898
    outer loop
      vertex -40.0619 -10.2963 18.9939
      vertex -40.1531 -9.73404 14.6531
      vertex -40.1185 -9.73324 14.758
    endloop
  endfacet
  facet normal 0.401357 -0.907221 -0.125944
    outer loop
      vertex -40.0619 -10.2963 18.9939
      vertex -40.1826 -9.73232 14.5467
      vertex -40.1531 -9.73404 14.6531
    endloop
  endfacet
  facet normal 0.401543 -0.90714 -0.125939
    outer loop
      vertex -40.0619 -10.2963 18.9939
      vertex -40.2068 -9.72808 14.439
      vertex -40.1826 -9.73232 14.5467
    endloop
  endfacet
  facet normal 0.404354 -0.905899 -0.125873
    outer loop
      vertex -40.0619 -10.2963 18.9939
      vertex -40.2256 -9.72134 14.3301
      vertex -40.2068 -9.72808 14.439
    endloop
  endfacet
  facet normal 0.401861 -0.907001 -0.125922
    outer loop
      vertex -40.3547 -9.67715 13.5998
      vertex -40.2256 -9.72134 14.3301
      vertex -40.0619 -10.2963 18.9939
    endloop
  endfacet
  facet normal 0.405705 -0.905209 -0.126493
    outer loop
      vertex -40.2256 -9.72134 14.3301
      vertex -40.3547 -9.67715 13.5998
      vertex -40.2392 -9.71212 14.2205
    endloop
  endfacet
  facet normal 0.401776 -0.907047 -0.125865
    outer loop
      vertex -40.2392 -9.71212 14.2205
      vertex -40.3547 -9.67715 13.5998
      vertex -40.2473 -9.70043 14.1104
    endloop
  endfacet
  facet normal 0.402012 -0.906936 -0.12591
    outer loop
      vertex -40.3547 -9.67715 13.5998
      vertex -40.25 -9.6863 14
      vertex -40.2473 -9.70043 14.1104
    endloop
  endfacet
  facet normal 0.402163 -0.906864 -0.125948
    outer loop
      vertex -40.3547 -9.67715 13.5998
      vertex -40.2473 -9.66977 13.8896
      vertex -40.25 -9.6863 14
    endloop
  endfacet
  facet normal 0.402268 -0.906811 -0.125988
    outer loop
      vertex -40.3547 -9.67715 13.5998
      vertex -40.2392 -9.65088 13.7795
      vertex -40.2473 -9.66977 13.8896
    endloop
  endfacet
  facet normal 0.401917 -0.907002 -0.125735
    outer loop
      vertex -40.3547 -9.67715 13.5998
      vertex -40.2256 -9.62966 13.6699
      vertex -40.2392 -9.65088 13.7795
    endloop
  endfacet
  facet normal 0.402063 -0.90689 -0.126079
    outer loop
      vertex -40.2256 -9.62966 13.6699
      vertex -40.3547 -9.67715 13.5998
      vertex -40.2135 -9.61455 13.5998
    endloop
  endfacet
  facet normal 0.403863 -0.910951 -0.0840423
    outer loop
      vertex -40.3547 -9.67715 13.5998
      vertex -40.2068 -9.608 13.561
      vertex -40.2135 -9.61455 13.5998
    endloop
  endfacet
  facet normal 0.403875 -0.91095 -0.0839967
    outer loop
      vertex -40.3547 -9.67715 13.5998
      vertex -40.1826 -9.58734 13.4533
      vertex -40.2068 -9.608 13.561
    endloop
  endfacet
  facet normal 0.404041 -0.910897 -0.0837687
    outer loop
      vertex -40.3547 -9.67715 13.5998
      vertex -40.1531 -9.56447 13.3469
      vertex -40.1826 -9.58734 13.4533
    endloop
  endfacet
  facet normal 0.403628 -0.911044 -0.0841639
    outer loop
      vertex -40.3547 -9.67715 13.5998
      vertex -40.1185 -9.53945 13.242
      vertex -40.1531 -9.56447 13.3469
    endloop
  endfacet
  facet normal 0.404413 -0.910754 -0.0835342
    outer loop
      vertex -40.3547 -9.67715 13.5998
      vertex -40.0787 -9.51233 13.139
      vertex -40.1185 -9.53945 13.242
    endloop
  endfacet
  facet normal 0.402551 -0.911452 -0.084899
    outer loop
      vertex -40.3547 -9.67715 13.5998
      vertex -40.034 -9.48318 13.038
      vertex -40.0787 -9.51233 13.139
    endloop
  endfacet
  facet normal 0.403857 -0.910959 -0.0839831
    outer loop
      vertex -40.5503 -9.26356 8.17302
      vertex -40.034 -9.48318 13.038
      vertex -40.3547 -9.67715 13.5998
    endloop
  endfacet
  facet normal 0.403837 -0.910966 -0.084003
    outer loop
      vertex -38.1104 -8.51203 11.7527
      vertex -40.5503 -9.26356 8.17302
      vertex -38 -8.46284 11.75
    endloop
  endfacet
  facet normal 0.403933 -0.910916 -0.0840791
    outer loop
      vertex -38.2205 -8.5616 11.7608
      vertex -40.5503 -9.26356 8.17302
      vertex -38.1104 -8.51203 11.7527
    endloop
  endfacet
  facet normal 0.403771 -0.911 -0.0839573
    outer loop
      vertex -38.3301 -8.61143 11.7744
      vertex -40.5503 -9.26356 8.17302
      vertex -38.2205 -8.5616 11.7608
    endloop
  endfacet
  facet normal 0.403592 -0.91109 -0.0838306
    outer loop
      vertex -38.439 -8.6614 11.7932
      vertex -40.5503 -9.26356 8.17302
      vertex -38.3301 -8.61143 11.7744
    endloop
  endfacet
  facet normal 0.403988 -0.910891 -0.0840944
    outer loop
      vertex -38.5467 -8.7114 11.8174
      vertex -40.5503 -9.26356 8.17302
      vertex -38.439 -8.6614 11.7932
    endloop
  endfacet
  facet normal 0.403849 -0.91096 -0.0840079
    outer loop
      vertex -38.6531 -8.76129 11.8469
      vertex -40.5503 -9.26356 8.17302
      vertex -38.5467 -8.7114 11.8174
    endloop
  endfacet
  facet normal 0.403756 -0.911006 -0.0839534
    outer loop
      vertex -38.758 -8.81097 11.8815
      vertex -40.5503 -9.26356 8.17302
      vertex -38.6531 -8.76129 11.8469
    endloop
  endfacet
  facet normal 0.403835 -0.910968 -0.0839962
    outer loop
      vertex -38.861 -8.8603 11.9213
      vertex -40.5503 -9.26356 8.17302
      vertex -38.758 -8.81097 11.8815
    endloop
  endfacet
  facet normal 0.403741 -0.911014 -0.0839489
    outer loop
      vertex -38.962 -8.90918 11.966
      vertex -40.5503 -9.26356 8.17302
      vertex -38.861 -8.8603 11.9213
    endloop
  endfacet
  facet normal 0.403947 -0.910913 -0.0840447
    outer loop
      vertex -39.0606 -8.95749 12.0157
      vertex -40.5503 -9.26356 8.17302
      vertex -38.962 -8.90918 11.966
    endloop
  endfacet
  facet normal 0.403787 -0.910991 -0.0839765
    outer loop
      vertex -39.1567 -9.0051 12.0701
      vertex -40.5503 -9.26356 8.17302
      vertex -39.0606 -8.95749 12.0157
    endloop
  endfacet
  facet normal 0.403773 -0.910997 -0.0839709
    outer loop
      vertex -39.25 -9.0519 12.1292
      vertex -40.5503 -9.26356 8.17302
      vertex -39.1567 -9.0051 12.0701
    endloop
  endfacet
  facet normal 0.403806 -0.910982 -0.0839826
    outer loop
      vertex -39.3403 -9.09779 12.1928
      vertex -40.5503 -9.26356 8.17302
      vertex -39.25 -9.0519 12.1292
    endloop
  endfacet
  facet normal 0.40368 -0.911041 -0.0839423
    outer loop
      vertex -39.4274 -9.14264 12.2607
      vertex -40.5503 -9.26356 8.17302
      vertex -39.3403 -9.09779 12.1928
    endloop
  endfacet
  facet normal 0.40386 -0.910957 -0.0839941
    outer loop
      vertex -39.511 -9.18636 12.3329
      vertex -40.5503 -9.26356 8.17302
      vertex -39.4274 -9.14264 12.2607
    endloop
  endfacet
  facet normal 0.403756 -0.911005 -0.0839673
    outer loop
      vertex -39.591 -9.22883 12.409
      vertex -40.5503 -9.26356 8.17302
      vertex -39.511 -9.18636 12.3329
    endloop
  endfacet
  facet normal 0.403989 -0.910897 -0.0840209
    outer loop
      vertex -39.6671 -9.26996 12.489
      vertex -40.5503 -9.26356 8.17302
      vertex -39.591 -9.22883 12.409
    endloop
  endfacet
  facet normal 0.40363 -0.911063 -0.0839477
    outer loop
      vertex -39.7393 -9.30965 12.5726
      vertex -40.5503 -9.26356 8.17302
      vertex -39.6671 -9.26996 12.489
    endloop
  endfacet
  facet normal 0.403923 -0.910928 -0.0840003
    outer loop
      vertex -39.8072 -9.34779 12.6597
      vertex -40.5503 -9.26356 8.17302
      vertex -39.7393 -9.30965 12.5726
    endloop
  endfacet
  facet normal 0.403746 -0.911009 -0.0839725
    outer loop
      vertex -39.8708 -9.3843 12.75
      vertex -40.5503 -9.26356 8.17302
      vertex -39.8072 -9.34779 12.6597
    endloop
  endfacet
  facet normal 0.403723 -0.91102 -0.0839694
    outer loop
      vertex -39.9299 -9.41909 12.8433
      vertex -40.5503 -9.26356 8.17302
      vertex -39.8708 -9.3843 12.75
    endloop
  endfacet
  facet normal 0.404002 -0.910893 -0.0840023
    outer loop
      vertex -39.9843 -9.45208 12.9394
      vertex -40.5503 -9.26356 8.17302
      vertex -39.9299 -9.41909 12.8433
    endloop
  endfacet
  facet normal 0.403558 -0.911094 -0.0839575
    outer loop
      vertex -40.034 -9.48318 13.038
      vertex -40.5503 -9.26356 8.17302
      vertex -39.9843 -9.45208 12.9394
    endloop
  endfacet
  facet normal 0.403751 -0.911012 -0.083918
    outer loop
      vertex -37.6699 -8.31874 11.7744
      vertex -40.5503 -9.26356 8.17302
      vertex -37.6001 -8.28892 11.7865
    endloop
  endfacet
  facet normal 0.403894 -0.910936 -0.0840531
    outer loop
      vertex -37.7795 -8.36608 11.7608
      vertex -40.5503 -9.26356 8.17302
      vertex -37.6699 -8.31874 11.7744
    endloop
  endfacet
  facet normal 0.4039 -0.910933 -0.0840583
    outer loop
      vertex -37.8896 -8.41415 11.7527
      vertex -40.5503 -9.26356 8.17302
      vertex -37.7795 -8.36608 11.7608
    endloop
  endfacet
  facet normal 0.403823 -0.910973 -0.0839914
    outer loop
      vertex -40.5503 -9.26356 8.17302
      vertex -37.8896 -8.41415 11.7527
      vertex -38 -8.46284 11.75
    endloop
  endfacet
  facet normal 0.0245196 -0.998817 -0.0420022
    outer loop
      vertex 0 -0.157677 8.17302
      vertex -4.65369 -0.271919 8.17302
      vertex -4.66493 -0.0431595 2.72653
    endloop
  endfacet
  facet normal 0.0734995 -0.99641 -0.0420022
    outer loop
      vertex -4.66493 -0.0431595 2.72653
      vertex -4.65369 -0.271919 8.17302
      vertex -9.29617 -0.614368 8.17302
    endloop
  endfacet
  facet normal -0.122301 -0.991604 -0.0420018
    outer loop
      vertex 13.9499 -0.957645 2.72653
      vertex 13.9163 -1.1842 8.17302
      vertex 9.29617 -0.614368 8.17302
    endloop
  endfacet
  facet normal -0.121977 -0.988973 -0.0839865
    outer loop
      vertex 13.9163 -1.1842 8.17302
      vertex 13.8491 -1.63677 13.5998
      vertex 9.29617 -0.614368 8.17302
    endloop
  endfacet
  facet normal -0.0245196 -0.998817 -0.0420022
    outer loop
      vertex 4.66493 -0.0431595 2.72653
      vertex 4.65369 -0.271919 8.17302
      vertex 0 -0.157677 8.17302
    endloop
  endfacet
  facet normal -0.0244546 -0.996167 -0.0839845
    outer loop
      vertex 4.65369 -0.271919 8.17302
      vertex 4.63124 -0.728887 13.5998
      vertex 0 -0.157677 8.17302
    endloop
  endfacet
  facet normal -0.0725225 -0.98315 -0.167802
    outer loop
      vertex 9.1842 -1.75129 18.9939
      vertex 7.12546 -2.1125 22
      vertex 4.59764 -1.41296 18.9939
    endloop
  endfacet
  facet normal -0.072521 -0.98315 -0.167801
    outer loop
      vertex 7.12546 -2.1125 22
      vertex 9.1842 -1.75129 18.9939
      vertex 9.13403 -2.26066 22
    endloop
  endfacet
  facet normal -0.0241923 -0.985523 -0.167804
    outer loop
      vertex 4.59764 -1.41296 18.9939
      vertex 4.57252 -1.92419 22
      vertex 2.01342 -1.86137 22
    endloop
  endfacet
  facet normal -0.359581 -0.932168 -0.0420036
    outer loop
      vertex 32.0286 -5.48613 2.72653
      vertex 36.3822 -7.16552 2.72653
      vertex 31.9514 -5.70177 8.17302
    endloop
  endfacet
  facet normal -0.313406 -0.94869 -0.0420033
    outer loop
      vertex 32.0286 -5.48613 2.72653
      vertex 31.9514 -5.70177 8.17302
      vertex 27.5313 -4.24156 8.17302
    endloop
  endfacet
  facet normal -0.217356 -0.967935 0.125927
    outer loop
      vertex 22.7672 -4.10816 -18.9939
      vertex 18.4136 -2.42877 -13.5998
      vertex 18.2799 -3.10051 -18.9939
    endloop
  endfacet
  facet normal -0.215992 -0.961868 0.167801
    outer loop
      vertex 20.1167 -4.0431 -22.0327
      vertex 18.2799 -3.10051 -18.9939
      vertex 18.179 -3.60798 -22.0327
    endloop
  endfacet
  facet normal -0.215993 -0.961868 0.1678
    outer loop
      vertex 18.2799 -3.10051 -18.9939
      vertex 20.1167 -4.0431 -22.0327
      vertex 22.7672 -4.10816 -18.9939
    endloop
  endfacet
  facet normal -0.218906 -0.974841 0.0420038
    outer loop
      vertex 23.1005 -2.77781 -2.72653
      vertex 18.5475 -1.75541 -2.72653
      vertex 18.5028 -1.98005 -8.17302
    endloop
  endfacet
  facet normal -0.26577 -0.960371 0.0839864
    outer loop
      vertex 27.5313 -4.24156 -8.17302
      vertex 23.0448 -2.99998 -8.17302
      vertex 22.9336 -3.44379 -13.5998
    endloop
  endfacet
  facet normal -0.266477 -0.962926 0.0420041
    outer loop
      vertex 27.5313 -4.24156 -8.17302
      vertex 27.5978 -4.02238 -2.72653
      vertex 23.1005 -2.77781 -2.72653
    endloop
  endfacet
  facet normal -0.170812 -0.984408 0.0420037
    outer loop
      vertex 18.5028 -1.98005 -8.17302
      vertex 18.5475 -1.75541 -2.72653
      vertex 13.9499 -0.957645 -2.72653
    endloop
  endfacet
  facet normal -0.49291 -0.87008 0
    outer loop
      vertex 44.8163 -11.1545 -2.72653
      vertex 48 -12.9581 2.72653
      vertex 44.8163 -11.1545 2.72653
    endloop
  endfacet
  facet normal -0.49291 -0.87008 -0
    outer loop
      vertex 48 -12.9581 2.72653
      vertex 44.8163 -11.1545 -2.72653
      vertex 48 -12.9581 -2.72653
    endloop
  endfacet
  facet normal -0.449205 -0.892441 -0.0419981
    outer loop
      vertex 44.8163 -11.1545 2.72653
      vertex 44.7084 -11.3565 8.17302
      vertex 40.6482 -9.05651 2.72653
    endloop
  endfacet
  facet normal -0.49247 -0.869317 -0.0419663
    outer loop
      vertex 44.7084 -11.3565 8.17302
      vertex 48 -13.1706 7.12486
      vertex 48 -13.2212 8.17302
    endloop
  endfacet
  facet normal -0.492477 -0.869311 -0.0419975
    outer loop
      vertex 48 -13.1706 7.12486
      vertex 44.7084 -11.3565 8.17302
      vertex 44.8163 -11.1545 2.72653
    endloop
  endfacet
  facet normal -0.446025 -0.886118 0.125922
    outer loop
      vertex 44.4927 -11.76 -13.5998
      vertex 40.3547 -9.67715 -13.5998
      vertex 40.0619 -10.2963 -18.9939
    endloop
  endfacet
  facet normal -0.448015 -0.890073 0.0839829
    outer loop
      vertex 44.4927 -11.76 -13.5998
      vertex 40.5503 -9.26356 -8.17302
      vertex 40.3547 -9.67715 -13.5998
    endloop
  endfacet
  facet normal 0.354804 -0.919758 -0.167806
    outer loop
      vertex -35.8574 -8.43258 18.9939
      vertex -33.7825 -8.18062 22
      vertex -35.6615 -8.90546 22
    endloop
  endfacet
  facet normal 0.35479 -0.919766 -0.167795
    outer loop
      vertex -33.7825 -8.18062 22
      vertex -35.8574 -8.43258 18.9939
      vertex -31.5665 -6.77741 18.9939
    endloop
  endfacet
  facet normal 0.399494 -0.901248 -0.167798
    outer loop
      vertex -35.8574 -8.43258 18.9939
      vertex -37.5028 -9.72162 22
      vertex -40.0619 -10.2963 18.9939
    endloop
  endfacet
  facet normal 0.399482 -0.901252 -0.167806
    outer loop
      vertex -37.5028 -9.72162 22
      vertex -35.8574 -8.43258 18.9939
      vertex -35.6615 -8.90546 22
    endloop
  endfacet
  facet normal 0.448015 -0.890073 0.0839829
    outer loop
      vertex -40.3547 -9.67715 -13.5998
      vertex -40.5503 -9.26356 -8.17302
      vertex -44.4927 -11.76 -13.5998
    endloop
  endfacet
  facet normal 0.403811 -0.91098 0.083983
    outer loop
      vertex -40.3547 -9.67715 -13.5998
      vertex -36.1195 -7.79981 -13.5998
      vertex -40.5503 -9.26356 -8.17302
    endloop
  endfacet
  facet normal 0.356915 -0.925565 -0.126257
    outer loop
      vertex -31.7973 -6.13255 13.5998
      vertex -36.0459 -7.97744 15.114
      vertex -36.0157 -7.95851 15.0606
    endloop
  endfacet
  facet normal 0.357054 -0.925566 -0.125856
    outer loop
      vertex -31.7973 -6.13255 13.5998
      vertex -36.0157 -7.95851 15.0606
      vertex -35.966 -7.92593 14.962
    endloop
  endfacet
  facet normal 0.35701 -0.925565 -0.125989
    outer loop
      vertex -31.7973 -6.13255 13.5998
      vertex -35.966 -7.92593 14.962
      vertex -35.9213 -7.89494 14.861
    endloop
  endfacet
  facet normal 0.35708 -0.925569 -0.125763
    outer loop
      vertex -31.7973 -6.13255 13.5998
      vertex -35.9213 -7.89494 14.861
      vertex -35.8815 -7.86559 14.758
    endloop
  endfacet
  facet normal 0.357001 -0.925562 -0.126035
    outer loop
      vertex -31.7973 -6.13255 13.5998
      vertex -35.8815 -7.86559 14.758
      vertex -35.8469 -7.83796 14.6531
    endloop
  endfacet
  facet normal 0.357045 -0.925567 -0.125875
    outer loop
      vertex -31.7973 -6.13255 13.5998
      vertex -35.8469 -7.83796 14.6531
      vertex -35.8174 -7.81211 14.5467
    endloop
  endfacet
  facet normal 0.357027 -0.925565 -0.125945
    outer loop
      vertex -31.7973 -6.13255 13.5998
      vertex -35.8174 -7.81211 14.5467
      vertex -35.7932 -7.78812 14.439
    endloop
  endfacet
  facet normal 0.356987 -0.925556 -0.126117
    outer loop
      vertex -31.7973 -6.13255 13.5998
      vertex -35.7932 -7.78812 14.439
      vertex -35.7744 -7.76603 14.3301
    endloop
  endfacet
  facet normal 0.357093 -0.925585 -0.125605
    outer loop
      vertex -31.7973 -6.13255 13.5998
      vertex -35.7744 -7.76603 14.3301
      vertex -35.7608 -7.74591 14.2205
    endloop
  endfacet
  facet normal 0.35701 -0.925555 -0.126061
    outer loop
      vertex -31.7973 -6.13255 13.5998
      vertex -35.7608 -7.74591 14.2205
      vertex -35.7527 -7.72779 14.1104
    endloop
  endfacet
  facet normal 0.35702 -0.92556 -0.125995
    outer loop
      vertex -31.7973 -6.13255 13.5998
      vertex -35.7527 -7.72779 14.1104
      vertex -35.75 -7.71172 14
    endloop
  endfacet
  facet normal 0.357034 -0.925565 -0.125921
    outer loop
      vertex -36.0459 -7.97744 15.114
      vertex -31.7973 -6.13255 13.5998
      vertex -35.8574 -8.43258 18.9939
    endloop
  endfacet
  facet normal 0.357039 -0.925572 -0.125854
    outer loop
      vertex -35.7527 -7.69775 13.8896
      vertex -31.7973 -6.13255 13.5998
      vertex -35.75 -7.71172 14
    endloop
  endfacet
  facet normal 0.357036 -0.925569 -0.125885
    outer loop
      vertex -35.7608 -7.6859 13.7795
      vertex -31.7973 -6.13255 13.5998
      vertex -35.7527 -7.69775 13.8896
    endloop
  endfacet
  facet normal 0.357008 -0.925535 -0.126213
    outer loop
      vertex -35.7744 -7.6762 13.6699
      vertex -31.7973 -6.13255 13.5998
      vertex -35.7608 -7.6859 13.7795
    endloop
  endfacet
  facet normal 0.357049 -0.925611 -0.125539
    outer loop
      vertex -31.7973 -6.13255 13.5998
      vertex -35.7744 -7.6762 13.6699
      vertex -35.7865 -7.67136 13.5998
    endloop
  endfacet
  facet normal 0.358632 -0.929716 -0.083734
    outer loop
      vertex -35.7932 -7.67045 13.561
      vertex -31.7973 -6.13255 13.5998
      vertex -35.7865 -7.67136 13.5998
    endloop
  endfacet
  facet normal 0.358626 -0.929691 -0.0840355
    outer loop
      vertex -35.8174 -7.67005 13.4533
      vertex -31.7973 -6.13255 13.5998
      vertex -35.7932 -7.67045 13.561
    endloop
  endfacet
  facet normal 0.358626 -0.929682 -0.0841402
    outer loop
      vertex -35.8469 -7.6718 13.3469
      vertex -31.7973 -6.13255 13.5998
      vertex -35.8174 -7.67005 13.4533
    endloop
  endfacet
  facet normal 0.358618 -0.929715 -0.0838092
    outer loop
      vertex -35.8815 -7.67569 13.242
      vertex -31.7973 -6.13255 13.5998
      vertex -35.8469 -7.6718 13.3469
    endloop
  endfacet
  facet normal 0.358638 -0.929667 -0.0842446
    outer loop
      vertex -35.9213 -7.68171 13.139
      vertex -31.7973 -6.13255 13.5998
      vertex -35.8815 -7.67569 13.242
    endloop
  endfacet
  facet normal 0.3586 -0.929733 -0.0836841
    outer loop
      vertex -35.966 -7.68986 13.038
      vertex -31.7973 -6.13255 13.5998
      vertex -35.9213 -7.68171 13.139
    endloop
  endfacet
  facet normal 0.358648 -0.929665 -0.0842297
    outer loop
      vertex -36.0157 -7.7001 12.9394
      vertex -31.7973 -6.13255 13.5998
      vertex -35.966 -7.68986 13.038
    endloop
  endfacet
  facet normal 0.358603 -0.929721 -0.0838067
    outer loop
      vertex -36.0701 -7.71242 12.8433
      vertex -31.7973 -6.13255 13.5998
      vertex -36.0157 -7.7001 12.9394
    endloop
  endfacet
  facet normal 0.358638 -0.929682 -0.0840865
    outer loop
      vertex -36.1292 -7.72678 12.75
      vertex -31.7973 -6.13255 13.5998
      vertex -36.0701 -7.71242 12.8433
    endloop
  endfacet
  facet normal 0.358681 -0.929638 -0.0843859
    outer loop
      vertex -36.1478 -7.73156 12.7236
      vertex -31.7973 -6.13255 13.5998
      vertex -36.1292 -7.72678 12.75
    endloop
  endfacet
  facet normal 0.358621 -0.929698 -0.0839822
    outer loop
      vertex -31.7973 -6.13255 13.5998
      vertex -36.1478 -7.73156 12.7236
      vertex -36.2946 -7.37712 8.17302
    endloop
  endfacet
  facet normal -0.218331 -0.972254 0.0839808
    outer loop
      vertex 22.9336 -3.44379 -13.5998
      vertex 18.5028 -1.98005 -8.17302
      vertex 18.4136 -2.42877 -13.5998
    endloop
  endfacet
  facet normal -0.170355 -0.981798 0.0839813
    outer loop
      vertex 18.4136 -2.42877 -13.5998
      vertex 18.5028 -1.98005 -8.17302
      vertex 13.8491 -1.63677 -13.5998
    endloop
  endfacet
  facet normal -0.170963 -0.985277 0
    outer loop
      vertex 13.9499 -0.957645 -2.72653
      vertex 18.5475 -1.75541 2.72653
      vertex 13.9499 -0.957645 2.72653
    endloop
  endfacet
  facet normal -0.170963 -0.985277 -0
    outer loop
      vertex 18.5475 -1.75541 2.72653
      vertex 13.9499 -0.957645 -2.72653
      vertex 18.5475 -1.75541 -2.72653
    endloop
  endfacet
  facet normal -0.170812 -0.984408 -0.0420037
    outer loop
      vertex 18.5475 -1.75541 2.72653
      vertex 18.5028 -1.98005 8.17302
      vertex 13.9499 -0.957645 2.72653
    endloop
  endfacet
  facet normal -0.491164 -0.867009 0.0839873
    outer loop
      vertex 48 -13.7469 -13.5998
      vertex 48 -13.3147 -9.13816
      vertex 44.4927 -11.76 -13.5998
    endloop
  endfacet
  facet normal -0.218325 -0.972255 0.0839862
    outer loop
      vertex 22.9336 -3.44379 -13.5998
      vertex 23.0448 -2.99998 -8.17302
      vertex 18.5028 -1.98005 -8.17302
    endloop
  endfacet
  facet normal -0.218906 -0.974841 0.0420039
    outer loop
      vertex 23.0448 -2.99998 -8.17302
      vertex 23.1005 -2.77781 -2.72653
      vertex 18.5028 -1.98005 -8.17302
    endloop
  endfacet
  facet normal -0.0244513 0 0.999701
    outer loop
      vertex -40.3925 -8.78376 21.9904
      vertex -40 -10.838 22
      vertex -40 -8.61156 22
    endloop
  endfacet
  facet normal -0.0244513 0 0.999701
    outer loop
      vertex -40 -10.838 22
      vertex -40.3925 -8.78376 21.9904
      vertex -40.3925 -11.0337 21.9904
    endloop
  endfacet
  facet normal 0.313782 -0 0.949495
    outer loop
      vertex 42.3223 -11.9413 21.6555
      vertex 42.6951 -9.83613 21.5323
      vertex 42.3223 -9.67199 21.6555
    endloop
  endfacet
  facet normal 0.313782 0 0.949495
    outer loop
      vertex 42.6951 -9.83613 21.5323
      vertex 42.3223 -11.9413 21.6555
      vertex 42.6951 -12.1055 21.5323
    endloop
  endfacet
  facet normal 0.992469 0 0.122499
    outer loop
      vertex 47.9134 -11.6117 15.1738
      vertex 47.9615 -13.8979 14.7841
      vertex 47.9615 -11.5819 14.7841
    endloop
  endfacet
  facet normal 0.992469 0 0.122499
    outer loop
      vertex 47.9615 -13.8979 14.7841
      vertex 47.9134 -11.6117 15.1738
      vertex 47.9134 -13.9275 15.1738
    endloop
  endfacet
  facet normal -1 -0 0
    outer loop
      vertex -48 -10.8104 -5.86266
      vertex -48 -13.1706 -7.12486
      vertex -48 -12.9581 -2.72653
    endloop
  endfacet
  facet normal -1 0 0
    outer loop
      vertex -48 -12.2697 -19.3358
      vertex -48 -13.2212 -8.17302
      vertex -48 -13.1706 -7.12486
    endloop
  endfacet
  facet normal -1 0 0
    outer loop
      vertex -48 -12.2697 -19.3358
      vertex -48 -13.3147 -9.13816
      vertex -48 -13.2212 -8.17302
    endloop
  endfacet
  facet normal -1 0 0
    outer loop
      vertex -48 -12.2697 -19.3358
      vertex -48 -13.7469 -13.5998
      vertex -48 -13.3147 -9.13816
    endloop
  endfacet
  facet normal -1 0 0
    outer loop
      vertex -48 -12.2697 -19.3358
      vertex -48 -14.4972 -18.7426
      vertex -48 -13.7469 -13.5998
    endloop
  endfacet
  facet normal -1 0 0
    outer loop
      vertex -48 -12.2697 -19.3358
      vertex -48 -14.5338 -18.9939
      vertex -48 -14.4972 -18.7426
    endloop
  endfacet
  facet normal -1 0 0
    outer loop
      vertex -48 -12.2697 -19.3358
      vertex -48 -14.5743 -19.2007
      vertex -48 -14.5338 -18.9939
    endloop
  endfacet
  facet normal -1 -0 0
    outer loop
      vertex -48 -12.2697 -19.3358
      vertex -48 -14.9168 -20.9517
      vertex -48 -14.5743 -19.2007
    endloop
  endfacet
  facet normal -1 0 -0
    outer loop
      vertex -48 -14.9168 -20.9517
      vertex -48 -12.7989 -22.0327
      vertex -48 -15.1346 -22.0327
    endloop
  endfacet
  facet normal -1 0 0
    outer loop
      vertex -48 -12.9581 -2.72653
      vertex -48 -10.6608 -2.77561
      vertex -48 -10.8104 -5.86266
    endloop
  endfacet
  facet normal -1 0 0
    outer loop
      vertex -48 -10.6608 -2.77561
      vertex -48 -12.9581 -2.72653
      vertex -48 -10.6608 2.77561
    endloop
  endfacet
  facet normal -1 0 0
    outer loop
      vertex -48 -13.1706 -7.12486
      vertex -48 -10.8104 -5.86266
      vertex -48 -10.9295 -8.32015
    endloop
  endfacet
  facet normal -1 0 0
    outer loop
      vertex -48 -12.9581 2.72653
      vertex -48 -10.6608 2.77561
      vertex -48 -12.9581 -2.72653
    endloop
  endfacet
  facet normal -1 0 0
    outer loop
      vertex -48 -13.1706 -7.12486
      vertex -48 -10.9295 -8.32015
      vertex -48 -11.1494 -10.583
    endloop
  endfacet
  facet normal -1 -0 0
    outer loop
      vertex -48 -10.6608 2.77561
      vertex -48 -12.9581 2.72653
      vertex -48 -10.8104 5.86266
    endloop
  endfacet
  facet normal -1 0 0
    outer loop
      vertex -48 -13.1706 -7.12486
      vertex -48 -11.1494 -10.583
      vertex -48 -11.4663 -13.8446
    endloop
  endfacet
  facet normal -1 0 0
    outer loop
      vertex -48 -13.1706 7.12486
      vertex -48 -10.8104 5.86266
      vertex -48 -12.9581 2.72653
    endloop
  endfacet
  facet normal -1 0 0
    outer loop
      vertex -48 -10.8104 5.86266
      vertex -48 -13.1706 7.12486
      vertex -48 -10.9295 8.32015
    endloop
  endfacet
  facet normal -1 0 0
    outer loop
      vertex -48 -13.1706 -7.12486
      vertex -48 -11.4663 -13.8446
      vertex -48 -11.7453 -15.7519
    endloop
  endfacet
  facet normal -1 0 0
    outer loop
      vertex -48 -13.1706 -7.12486
      vertex -48 -11.7453 -15.7519
      vertex -48 -12.2697 -19.3358
    endloop
  endfacet
  facet normal -1 0 0
    outer loop
      vertex -48 -14.9168 -20.9517
      vertex -48 -12.2697 -19.3358
      vertex -48 -12.7989 -22.0327
    endloop
  endfacet
  facet normal -1 0 0
    outer loop
      vertex -48 -13.2212 8.17302
      vertex -48 -10.9295 8.32015
      vertex -48 -13.1706 7.12486
    endloop
  endfacet
  facet normal -1 0 0
    outer loop
      vertex -48 -13.3147 9.13816
      vertex -48 -10.9295 8.32015
      vertex -48 -13.2212 8.17302
    endloop
  endfacet
  facet normal -1 0 0
    outer loop
      vertex -48 -10.9295 8.32015
      vertex -48 -13.3147 9.13816
      vertex -48 -11.1494 10.583
    endloop
  endfacet
  facet normal -1 0 0
    outer loop
      vertex -48 -13.7469 13.5998
      vertex -48 -11.1494 10.583
      vertex -48 -13.3147 9.13816
    endloop
  endfacet
  facet normal -1 0 0
    outer loop
      vertex -48 -11.1494 10.583
      vertex -48 -13.7469 13.5998
      vertex -48 -11.4663 13.8446
    endloop
  endfacet
  facet normal -1 -0 0
    outer loop
      vertex -48 -11.4663 13.8446
      vertex -48 -13.7469 13.5998
      vertex -48 -11.489 14
    endloop
  endfacet
  facet normal -1 -0 0
    outer loop
      vertex -48 -11.489 14
      vertex -48 -13.7469 13.5998
      vertex -48 -13.8053 14
    endloop
  endfacet
  facet normal 1 0 0
    outer loop
      vertex 48 -12.9581 2.72653
      vertex 48 -10.6608 2.77561
      vertex 48 -10.8104 5.86266
    endloop
  endfacet
  facet normal 1 0 0
    outer loop
      vertex 48 -10.6608 2.77561
      vertex 48 -12.9581 2.72653
      vertex 48 -10.6608 -2.77561
    endloop
  endfacet
  facet normal 1 -0 0
    outer loop
      vertex 48 -13.1706 7.12486
      vertex 48 -10.8104 5.86266
      vertex 48 -10.9295 8.32015
    endloop
  endfacet
  facet normal 1 -0 0
    outer loop
      vertex 48 -12.9581 -2.72653
      vertex 48 -10.6608 -2.77561
      vertex 48 -12.9581 2.72653
    endloop
  endfacet
  facet normal 1 -0 0
    outer loop
      vertex 48 -13.3147 9.13816
      vertex 48 -10.9295 8.32015
      vertex 48 -11.1494 10.583
    endloop
  endfacet
  facet normal 1 0 0
    outer loop
      vertex 48 -10.6608 -2.77561
      vertex 48 -12.9581 -2.72653
      vertex 48 -10.8104 -5.86266
    endloop
  endfacet
  facet normal 1 -0 0
    outer loop
      vertex 48 -13.7469 13.5998
      vertex 48 -11.1494 10.583
      vertex 48 -11.4663 13.8446
    endloop
  endfacet
  facet normal 1 0 0
    outer loop
      vertex 48 -13.1706 -7.12486
      vertex 48 -10.8104 -5.86266
      vertex 48 -12.9581 -2.72653
    endloop
  endfacet
  facet normal 1 0 0
    outer loop
      vertex 48 -13.7469 13.5998
      vertex 48 -11.4663 13.8446
      vertex 48 -11.489 14
    endloop
  endfacet
  facet normal 1 -0 0
    outer loop
      vertex 48 -13.2212 -8.17302
      vertex 48 -10.9295 -8.32015
      vertex 48 -13.1706 -7.12486
    endloop
  endfacet
  facet normal 1 0 0
    outer loop
      vertex 48 -13.3147 -9.13816
      vertex 48 -10.9295 -8.32015
      vertex 48 -13.2212 -8.17302
    endloop
  endfacet
  facet normal 1 0 0
    outer loop
      vertex 48 -10.9295 -8.32015
      vertex 48 -13.3147 -9.13816
      vertex 48 -11.1494 -10.583
    endloop
  endfacet
  facet normal 1 0 0
    outer loop
      vertex 48 -10.8104 -5.86266
      vertex 48 -13.1706 -7.12486
      vertex 48 -10.9295 -8.32015
    endloop
  endfacet
  facet normal 1 0 0
    outer loop
      vertex 48 -10.8104 5.86266
      vertex 48 -13.1706 7.12486
      vertex 48 -12.9581 2.72653
    endloop
  endfacet
  facet normal 1 0 0
    outer loop
      vertex 48 -10.9295 8.32015
      vertex 48 -13.2212 8.17302
      vertex 48 -13.1706 7.12486
    endloop
  endfacet
  facet normal 1 0 0
    outer loop
      vertex 48 -10.9295 8.32015
      vertex 48 -13.3147 9.13816
      vertex 48 -13.2212 8.17302
    endloop
  endfacet
  facet normal 1 0 0
    outer loop
      vertex 48 -11.1494 10.583
      vertex 48 -13.7469 13.5998
      vertex 48 -13.3147 9.13816
    endloop
  endfacet
  facet normal 1 0 -0
    outer loop
      vertex 48 -13.7469 13.5998
      vertex 48 -11.489 14
      vertex 48 -13.8053 14
    endloop
  endfacet
  facet normal 1 0 0
    outer loop
      vertex 48 -13.7469 -13.5998
      vertex 48 -11.1494 -10.583
      vertex 48 -13.3147 -9.13816
    endloop
  endfacet
  facet normal 1 0 0
    outer loop
      vertex 48 -11.1494 -10.583
      vertex 48 -13.7469 -13.5998
      vertex 48 -11.4663 -13.8446
    endloop
  endfacet
  facet normal 1 0 0
    outer loop
      vertex 48 -11.4663 -13.8446
      vertex 48 -13.7469 -13.5998
      vertex 48 -11.7453 -15.7519
    endloop
  endfacet
  facet normal 1 0 0
    outer loop
      vertex 48 -14.4972 -18.7426
      vertex 48 -11.7453 -15.7519
      vertex 48 -13.7469 -13.5998
    endloop
  endfacet
  facet normal 1 0 0
    outer loop
      vertex 48 -11.7453 -15.7519
      vertex 48 -14.4972 -18.7426
      vertex 48 -12.2697 -19.3358
    endloop
  endfacet
  facet normal 1 -0 0
    outer loop
      vertex 48 -14.5338 -18.9939
      vertex 48 -12.2697 -19.3358
      vertex 48 -14.4972 -18.7426
    endloop
  endfacet
  facet normal 1 -0 0
    outer loop
      vertex 48 -14.5743 -19.2007
      vertex 48 -12.2697 -19.3358
      vertex 48 -14.5338 -18.9939
    endloop
  endfacet
  facet normal 1 0 0
    outer loop
      vertex 48 -14.9168 -20.9517
      vertex 48 -12.2697 -19.3358
      vertex 48 -14.5743 -19.2007
    endloop
  endfacet
  facet normal 1 0 0
    outer loop
      vertex 48 -12.2697 -19.3358
      vertex 48 -14.9168 -20.9517
      vertex 48 -12.7989 -22.0327
    endloop
  endfacet
  facet normal 1 0 0
    outer loop
      vertex 48 -12.7989 -22.0327
      vertex 48 -14.9168 -20.9517
      vertex 48 -15.1346 -22.0327
    endloop
  endfacet
  facet normal 0 0 -1
    outer loop
      vertex 47.9054 -15.0747 -22.0327
      vertex 48 -12.7989 -22.0327
      vertex 48 -15.1346 -22.0327
    endloop
  endfacet
  facet normal 0 0 -1
    outer loop
      vertex 45.6538 -13.7992 -22.0327
      vertex 48 -12.7989 -22.0327
      vertex 47.9054 -15.0747 -22.0327
    endloop
  endfacet
  facet normal -0 0 -1
    outer loop
      vertex 48 -12.7989 -22.0327
      vertex 45.6538 -13.7992 -22.0327
      vertex 46.8858 -12.1677 -22.0327
    endloop
  endfacet
  facet normal 0 0 -1
    outer loop
      vertex 45.6538 -13.7992 -22.0327
      vertex 44.8816 -11.0324 -22.0327
      vertex 46.8858 -12.1677 -22.0327
    endloop
  endfacet
  facet normal 0 0 -1
    outer loop
      vertex 43.9259 -12.8204 -22.0327
      vertex 44.8816 -11.0324 -22.0327
      vertex 45.6538 -13.7992 -22.0327
    endloop
  endfacet
  facet normal 0 0 -1
    outer loop
      vertex 42.1521 -11.9275 -22.0327
      vertex 44.8816 -11.0324 -22.0327
      vertex 43.9259 -12.8204 -22.0327
    endloop
  endfacet
  facet normal -0 0 -1
    outer loop
      vertex 44.8816 -11.0324 -22.0327
      vertex 42.1521 -11.9275 -22.0327
      vertex 42.8242 -9.99674 -22.0327
    endloop
  endfacet
  facet normal 0 0 -1
    outer loop
      vertex 39.8406 -10.764 -22.0327
      vertex 42.8242 -9.99674 -22.0327
      vertex 42.1521 -11.9275 -22.0327
    endloop
  endfacet
  facet normal -0 0 -1
    outer loop
      vertex 42.8242 -9.99674 -22.0327
      vertex 39.8406 -10.764 -22.0327
      vertex 40.7075 -8.93127 -22.0327
    endloop
  endfacet
  facet normal 0 0 -1
    outer loop
      vertex 39.8406 -10.764 -22.0327
      vertex 38.541 -7.97094 -22.0327
      vertex 40.7075 -8.93127 -22.0327
    endloop
  endfacet
  facet normal 0 0 -1
    outer loop
      vertex 37.4749 -9.71538 -22.0327
      vertex 38.541 -7.97094 -22.0327
      vertex 39.8406 -10.764 -22.0327
    endloop
  endfacet
  facet normal 0 0 -1
    outer loop
      vertex 37.4749 -9.71538 -22.0327
      vertex 36.4353 -7.03752 -22.0327
      vertex 38.541 -7.97094 -22.0327
    endloop
  endfacet
  facet normal 0 0 -1
    outer loop
      vertex 35.6594 -8.9106 -22.0327
      vertex 36.4353 -7.03752 -22.0327
      vertex 37.4749 -9.71538 -22.0327
    endloop
  endfacet
  facet normal 0 0 -1
    outer loop
      vertex 33.8065 -8.19588 -22.0327
      vertex 36.4353 -7.03752 -22.0327
      vertex 35.6594 -8.9106 -22.0327
    endloop
  endfacet
  facet normal -0 0 -1
    outer loop
      vertex 36.4353 -7.03752 -22.0327
      vertex 33.8065 -8.19588 -22.0327
      vertex 34.2243 -6.18465 -22.0327
    endloop
  endfacet
  facet normal 0 0 -1
    outer loop
      vertex 31.3922 -7.26457 -22.0327
      vertex 34.2243 -6.18465 -22.0327
      vertex 33.8065 -8.19588 -22.0327
    endloop
  endfacet
  facet normal -0 0 -1
    outer loop
      vertex 34.2243 -6.18465 -22.0327
      vertex 31.3922 -7.26457 -22.0327
      vertex 32.0752 -5.35568 -22.0327
    endloop
  endfacet
  facet normal 0 0 -1
    outer loop
      vertex 31.3922 -7.26457 -22.0327
      vertex 29.8881 -4.63315 -22.0327
      vertex 32.0752 -5.35568 -22.0327
    endloop
  endfacet
  facet normal 0 0 -1
    outer loop
      vertex 28.9351 -6.45286 -22.0327
      vertex 29.8881 -4.63315 -22.0327
      vertex 31.3922 -7.26457 -22.0327
    endloop
  endfacet
  facet normal 0 0 -1
    outer loop
      vertex 28.9351 -6.45286 -22.0327
      vertex 27.638 -3.8898 -22.0327
      vertex 29.8881 -4.63315 -22.0327
    endloop
  endfacet
  facet normal 0 0 -1
    outer loop
      vertex 27.0494 -5.82991 -22.0327
      vertex 27.638 -3.8898 -22.0327
      vertex 28.9351 -6.45286 -22.0327
    endloop
  endfacet
  facet normal 0 0 -1
    outer loop
      vertex 25.1355 -5.30024 -22.0327
      vertex 27.638 -3.8898 -22.0327
      vertex 27.0494 -5.82991 -22.0327
    endloop
  endfacet
  facet normal -0 0 -1
    outer loop
      vertex 27.638 -3.8898 -22.0327
      vertex 25.1355 -5.30024 -22.0327
      vertex 25.3541 -3.25776 -22.0327
    endloop
  endfacet
  facet normal 0 0 -1
    outer loop
      vertex 22.6415 -4.61007 -22.0327
      vertex 25.3541 -3.25776 -22.0327
      vertex 25.1355 -5.30024 -22.0327
    endloop
  endfacet
  facet normal -0 0 -1
    outer loop
      vertex 25.3541 -3.25776 -22.0327
      vertex 22.6415 -4.61007 -22.0327
      vertex 23.1341 -2.64342 -22.0327
    endloop
  endfacet
  facet normal 0 0 -1
    outer loop
      vertex 22.6415 -4.61007 -22.0327
      vertex 20.8867 -2.13875 -22.0327
      vertex 23.1341 -2.64342 -22.0327
    endloop
  endfacet
  facet normal 0 0 -1
    outer loop
      vertex 20.1167 -4.0431 -22.0327
      vertex 20.8867 -2.13875 -22.0327
      vertex 22.6415 -4.61007 -22.0327
    endloop
  endfacet
  facet normal 0 0 -1
    outer loop
      vertex 20.1167 -4.0431 -22.0327
      vertex 18.5745 -1.61953 -22.0327
      vertex 20.8867 -2.13875 -22.0327
    endloop
  endfacet
  facet normal 0 0 -1
    outer loop
      vertex 18.179 -3.60798 -22.0327
      vertex 18.5745 -1.61953 -22.0327
      vertex 20.1167 -4.0431 -22.0327
    endloop
  endfacet
  facet normal 0 0 -1
    outer loop
      vertex 16.2223 -3.26846 -22.0327
      vertex 18.5745 -1.61953 -22.0327
      vertex 18.179 -3.60798 -22.0327
    endloop
  endfacet
  facet normal -0 0 -1
    outer loop
      vertex 18.5745 -1.61953 -22.0327
      vertex 16.2223 -3.26846 -22.0327
      vertex 16.3051 -1.22574 -22.0327
    endloop
  endfacet
  facet normal 0 0 -1
    outer loop
      vertex 13.6727 -2.82606 -22.0327
      vertex 16.3051 -1.22574 -22.0327
      vertex 16.2223 -3.26846 -22.0327
    endloop
  endfacet
  facet normal -0 0 -1
    outer loop
      vertex 16.3051 -1.22574 -22.0327
      vertex 13.6727 -2.82606 -22.0327
      vertex 13.9702 -0.8206 -22.0327
    endloop
  endfacet
  facet normal 0 0 -1
    outer loop
      vertex 11.7017 -2.58297 -22.0327
      vertex 13.9702 -0.8206 -22.0327
      vertex 13.6727 -2.82606 -22.0327
    endloop
  endfacet
  facet normal 0 0 -1
    outer loop
      vertex 11.7017 -2.58297 -22.0327
      vertex 11.6841 -0.538642 -22.0327
      vertex 13.9702 -0.8206 -22.0327
    endloop
  endfacet
  facet normal 0 0 -1
    outer loop
      vertex 9.13348 -2.2662 -22.0327
      vertex 11.6841 -0.538642 -22.0327
      vertex 11.7017 -2.58297 -22.0327
    endloop
  endfacet
  facet normal -0 0 -1
    outer loop
      vertex 11.6841 -0.538642 -22.0327
      vertex 9.13348 -2.2662 -22.0327
      vertex 9.3322 -0.248559 -22.0327
    endloop
  endfacet
  facet normal 0 0 -1
    outer loop
      vertex 7.15294 -2.12011 -22.0327
      vertex 9.3322 -0.248559 -22.0327
      vertex 9.13348 -2.2662 -22.0327
    endloop
  endfacet
  facet normal 0 0 -1
    outer loop
      vertex 7.15294 -2.12011 -22.0327
      vertex 6.96886 -0.0742278 -22.0327
      vertex 9.3322 -0.248559 -22.0327
    endloop
  endfacet
  facet normal 0 0 -1
    outer loop
      vertex 4.57225 -1.92975 -22.0327
      vertex 6.96886 -0.0742278 -22.0327
      vertex 7.15294 -2.12011 -22.0327
    endloop
  endfacet
  facet normal -0 0 -1
    outer loop
      vertex 6.96886 -0.0742278 -22.0327
      vertex 4.57225 -1.92975 -22.0327
      vertex 4.67173 0.0952188 -22.0327
    endloop
  endfacet
  facet normal 0 0 -1
    outer loop
      vertex 4.57225 -1.92975 -22.0327
      vertex 2.30268 0.153376 -22.0327
      vertex 4.67173 0.0952188 -22.0327
    endloop
  endfacet
  facet normal 0 0 -1
    outer loop
      vertex 1.98532 -1.86624 -22.0327
      vertex 2.30268 0.153376 -22.0327
      vertex 4.57225 -1.92975 -22.0327
    endloop
  endfacet
  facet normal 0 0 -1
    outer loop
      vertex 0 0.209903 -22.0327
      vertex 1.98532 -1.86624 -22.0327
      vertex 0 -1.8175 -22.0327
    endloop
  endfacet
  facet normal 0 0 -1
    outer loop
      vertex 1.98532 -1.86624 -22.0327
      vertex 0 0.209903 -22.0327
      vertex 2.30268 0.153376 -22.0327
    endloop
  endfacet
  facet normal 0 0 -1
    outer loop
      vertex -1.98532 -1.86624 -22.0327
      vertex 0 0.209903 -22.0327
      vertex 0 -1.8175 -22.0327
    endloop
  endfacet
  facet normal 0 0 -1
    outer loop
      vertex -1.98532 -1.86624 -22.0327
      vertex -2.30268 0.153376 -22.0327
      vertex 0 0.209903 -22.0327
    endloop
  endfacet
  facet normal 0 0 -1
    outer loop
      vertex -4.57225 -1.92975 -22.0327
      vertex -2.30268 0.153376 -22.0327
      vertex -1.98532 -1.86624 -22.0327
    endloop
  endfacet
  facet normal 0 0 -1
    outer loop
      vertex -4.57225 -1.92975 -22.0327
      vertex -4.67173 0.0952188 -22.0327
      vertex -2.30268 0.153376 -22.0327
    endloop
  endfacet
  facet normal 0 0 -1
    outer loop
      vertex -4.57225 -1.92975 -22.0327
      vertex -6.96886 -0.0742278 -22.0327
      vertex -4.67173 0.0952188 -22.0327
    endloop
  endfacet
  facet normal 0 0 -1
    outer loop
      vertex -7.15294 -2.12011 -22.0327
      vertex -6.96886 -0.0742278 -22.0327
      vertex -4.57225 -1.92975 -22.0327
    endloop
  endfacet
  facet normal 0 0 -1
    outer loop
      vertex -9.3322 -0.248559 -22.0327
      vertex -7.15294 -2.12011 -22.0327
      vertex -9.13348 -2.2662 -22.0327
    endloop
  endfacet
  facet normal 0 0 -1
    outer loop
      vertex -7.15294 -2.12011 -22.0327
      vertex -9.3322 -0.248559 -22.0327
      vertex -6.96886 -0.0742278 -22.0327
    endloop
  endfacet
  facet normal 0 0 -1
    outer loop
      vertex -9.13348 -2.2662 -22.0327
      vertex -11.6841 -0.538642 -22.0327
      vertex -9.3322 -0.248559 -22.0327
    endloop
  endfacet
  facet normal 0 0 -1
    outer loop
      vertex -11.7017 -2.58297 -22.0327
      vertex -11.6841 -0.538642 -22.0327
      vertex -9.13348 -2.2662 -22.0327
    endloop
  endfacet
  facet normal 0 0 -1
    outer loop
      vertex -13.9702 -0.8206 -22.0327
      vertex -11.7017 -2.58297 -22.0327
      vertex -13.6727 -2.82606 -22.0327
    endloop
  endfacet
  facet normal 0 0 -1
    outer loop
      vertex -11.7017 -2.58297 -22.0327
      vertex -13.9702 -0.8206 -22.0327
      vertex -11.6841 -0.538642 -22.0327
    endloop
  endfacet
  facet normal 0 0 -1
    outer loop
      vertex -16.3051 -1.22574 -22.0327
      vertex -13.6727 -2.82606 -22.0327
      vertex -16.2223 -3.26846 -22.0327
    endloop
  endfacet
  facet normal 0 0 -1
    outer loop
      vertex -13.6727 -2.82606 -22.0327
      vertex -16.3051 -1.22574 -22.0327
      vertex -13.9702 -0.8206 -22.0327
    endloop
  endfacet
  facet normal 0 0 -1
    outer loop
      vertex -18.5745 -1.61953 -22.0327
      vertex -16.2223 -3.26846 -22.0327
      vertex -18.179 -3.60798 -22.0327
    endloop
  endfacet
  facet normal 0 0 -1
    outer loop
      vertex -16.2223 -3.26846 -22.0327
      vertex -18.5745 -1.61953 -22.0327
      vertex -16.3051 -1.22574 -22.0327
    endloop
  endfacet
  facet normal 0 0 -1
    outer loop
      vertex -20.1167 -4.0431 -22.0327
      vertex -18.5745 -1.61953 -22.0327
      vertex -18.179 -3.60798 -22.0327
    endloop
  endfacet
  facet normal 0 0 -1
    outer loop
      vertex -20.1167 -4.0431 -22.0327
      vertex -20.8867 -2.13875 -22.0327
      vertex -18.5745 -1.61953 -22.0327
    endloop
  endfacet
  facet normal 0 0 -1
    outer loop
      vertex -22.6415 -4.61007 -22.0327
      vertex -20.8867 -2.13875 -22.0327
      vertex -20.1167 -4.0431 -22.0327
    endloop
  endfacet
  facet normal 0 0 -1
    outer loop
      vertex -22.6415 -4.61007 -22.0327
      vertex -23.1341 -2.64342 -22.0327
      vertex -20.8867 -2.13875 -22.0327
    endloop
  endfacet
  facet normal 0 0 -1
    outer loop
      vertex -25.3541 -3.25776 -22.0327
      vertex -22.6415 -4.61007 -22.0327
      vertex -25.1355 -5.30024 -22.0327
    endloop
  endfacet
  facet normal 0 0 -1
    outer loop
      vertex -22.6415 -4.61007 -22.0327
      vertex -25.3541 -3.25776 -22.0327
      vertex -23.1341 -2.64342 -22.0327
    endloop
  endfacet
  facet normal 0 0 -1
    outer loop
      vertex -27.638 -3.8898 -22.0327
      vertex -25.1355 -5.30024 -22.0327
      vertex -27.0494 -5.82991 -22.0327
    endloop
  endfacet
  facet normal 0 0 -1
    outer loop
      vertex -25.1355 -5.30024 -22.0327
      vertex -27.638 -3.8898 -22.0327
      vertex -25.3541 -3.25776 -22.0327
    endloop
  endfacet
  facet normal 0 0 -1
    outer loop
      vertex -28.9351 -6.45286 -22.0327
      vertex -27.638 -3.8898 -22.0327
      vertex -27.0494 -5.82991 -22.0327
    endloop
  endfacet
  facet normal 0 0 -1
    outer loop
      vertex -28.9351 -6.45286 -22.0327
      vertex -29.8881 -4.63315 -22.0327
      vertex -27.638 -3.8898 -22.0327
    endloop
  endfacet
  facet normal 0 0 -1
    outer loop
      vertex -31.3922 -7.26457 -22.0327
      vertex -29.8881 -4.63315 -22.0327
      vertex -28.9351 -6.45286 -22.0327
    endloop
  endfacet
  facet normal 0 0 -1
    outer loop
      vertex -31.3922 -7.26457 -22.0327
      vertex -32.0752 -5.35568 -22.0327
      vertex -29.8881 -4.63315 -22.0327
    endloop
  endfacet
  facet normal 0 0 -1
    outer loop
      vertex -34.2243 -6.18465 -22.0327
      vertex -31.3922 -7.26457 -22.0327
      vertex -33.8065 -8.19588 -22.0327
    endloop
  endfacet
  facet normal 0 0 -1
    outer loop
      vertex -31.3922 -7.26457 -22.0327
      vertex -34.2243 -6.18465 -22.0327
      vertex -32.0752 -5.35568 -22.0327
    endloop
  endfacet
  facet normal 0 0 -1
    outer loop
      vertex -36.4353 -7.03752 -22.0327
      vertex -33.8065 -8.19588 -22.0327
      vertex -35.6594 -8.9106 -22.0327
    endloop
  endfacet
  facet normal 0 0 -1
    outer loop
      vertex -33.8065 -8.19588 -22.0327
      vertex -36.4353 -7.03752 -22.0327
      vertex -34.2243 -6.18465 -22.0327
    endloop
  endfacet
  facet normal 0 0 -1
    outer loop
      vertex -37.4749 -9.71538 -22.0327
      vertex -36.4353 -7.03752 -22.0327
      vertex -35.6594 -8.9106 -22.0327
    endloop
  endfacet
  facet normal 0 0 -1
    outer loop
      vertex -37.4749 -9.71538 -22.0327
      vertex -38.541 -7.97094 -22.0327
      vertex -36.4353 -7.03752 -22.0327
    endloop
  endfacet
  facet normal 0 0 -1
    outer loop
      vertex -39.8406 -10.764 -22.0327
      vertex -38.541 -7.97094 -22.0327
      vertex -37.4749 -9.71538 -22.0327
    endloop
  endfacet
  facet normal 0 0 -1
    outer loop
      vertex -39.8406 -10.764 -22.0327
      vertex -40.7075 -8.93127 -22.0327
      vertex -38.541 -7.97094 -22.0327
    endloop
  endfacet
  facet normal 0 0 -1
    outer loop
      vertex -42.8242 -9.99674 -22.0327
      vertex -39.8406 -10.764 -22.0327
      vertex -42.1521 -11.9275 -22.0327
    endloop
  endfacet
  facet normal 0 0 -1
    outer loop
      vertex -39.8406 -10.764 -22.0327
      vertex -42.8242 -9.99674 -22.0327
      vertex -40.7075 -8.93127 -22.0327
    endloop
  endfacet
  facet normal 0 0 -1
    outer loop
      vertex -44.8816 -11.0324 -22.0327
      vertex -42.1521 -11.9275 -22.0327
      vertex -43.9259 -12.8204 -22.0327
    endloop
  endfacet
  facet normal 0 0 -1
    outer loop
      vertex -42.1521 -11.9275 -22.0327
      vertex -44.8816 -11.0324 -22.0327
      vertex -42.8242 -9.99674 -22.0327
    endloop
  endfacet
  facet normal 0 0 -1
    outer loop
      vertex -45.6538 -13.7992 -22.0327
      vertex -44.8816 -11.0324 -22.0327
      vertex -43.9259 -12.8204 -22.0327
    endloop
  endfacet
  facet normal 0 0 -1
    outer loop
      vertex -45.6538 -13.7992 -22.0327
      vertex -46.8858 -12.1677 -22.0327
      vertex -44.8816 -11.0324 -22.0327
    endloop
  endfacet
  facet normal 0 0 -1
    outer loop
      vertex -48 -12.7989 -22.0327
      vertex -45.6538 -13.7992 -22.0327
      vertex -47.9054 -15.0747 -22.0327
    endloop
  endfacet
  facet normal 0 0 -1
    outer loop
      vertex -48 -12.7989 -22.0327
      vertex -47.9054 -15.0747 -22.0327
      vertex -48 -15.1346 -22.0327
    endloop
  endfacet
  facet normal 0 0 -1
    outer loop
      vertex -45.6538 -13.7992 -22.0327
      vertex -48 -12.7989 -22.0327
      vertex -46.8858 -12.1677 -22.0327
    endloop
  endfacet
  facet normal 0.0244513 -0 0.999701
    outer loop
      vertex 40 -10.838 22
      vertex 40.3925 -8.78376 21.9904
      vertex 40 -8.61156 22
    endloop
  endfacet
  facet normal 0.0244513 0 0.999701
    outer loop
      vertex 40.3925 -8.78376 21.9904
      vertex 40 -10.838 22
      vertex 40.3925 -11.0337 21.9904
    endloop
  endfacet
  facet normal 0.844792 -0 0.535094
    outer loop
      vertex 46.6517 -13.6899 18.4445
      vertex 46.8618 -11.446 18.1128
      vertex 46.6517 -11.3755 18.4445
    endloop
  endfacet
  facet normal 0.844792 0 0.535094
    outer loop
      vertex 46.8618 -11.446 18.1128
      vertex 46.6517 -13.6899 18.4445
      vertex 46.8618 -13.7605 18.1128
    endloop
  endfacet
  facet normal 0.493441 0 0.869779
    outer loop
      vertex 44.1128 -10.4216 20.8618
      vertex 44.0155 -12.6528 20.917
      vertex 44.1128 -12.6972 20.8618
    endloop
  endfacet
  facet normal 0.493064 -0 0.869993
    outer loop
      vertex 43.7712 -12.5562 21.0554
      vertex 44.1128 -10.4216 20.8618
      vertex 43.7712 -10.2866 21.0554
    endloop
  endfacet
  facet normal 0.492923 2.98769e-05 0.870073
    outer loop
      vertex 44.1128 -10.4216 20.8618
      vertex 43.7712 -12.5562 21.0554
      vertex 44.0155 -12.6528 20.917
    endloop
  endfacet
  facet normal 0.963787 -0 0.266673
    outer loop
      vertex 47.6555 -13.9489 16.3223
      vertex 47.7164 -11.6359 16.1022
      vertex 47.6555 -11.6336 16.3223
    endloop
  endfacet
  facet normal 0.963806 -6.79656e-06 0.266606
    outer loop
      vertex 47.7602 -13.953 15.9438
      vertex 47.7164 -11.6359 16.1022
      vertex 47.6555 -13.9489 16.3223
    endloop
  endfacet
  facet normal 0.963831 0 0.266514
    outer loop
      vertex 47.7164 -11.6359 16.1022
      vertex 47.7602 -13.953 15.9438
      vertex 47.7602 -11.6376 15.9438
    endloop
  endfacet
  facet normal 0.893304 -0 0.449453
    outer loop
      vertex 47.0554 -13.8203 17.7712
      vertex 47.2319 -11.5544 17.4204
      vertex 47.0554 -11.5057 17.7712
    endloop
  endfacet
  facet normal 0.893299 1.92872e-06 0.449463
    outer loop
      vertex 47.1752 -13.8535 17.5331
      vertex 47.2319 -11.5544 17.4204
      vertex 47.0554 -13.8203 17.7712
    endloop
  endfacet
  facet normal 0.893315 0 0.449432
    outer loop
      vertex 47.2319 -11.5544 17.4204
      vertex 47.1752 -13.8535 17.5331
      vertex 47.2319 -13.8692 17.4204
    endloop
  endfacet
  facet normal -0.999701 0 0.0244513
    outer loop
      vertex -48 -13.8053 14
      vertex -47.9904 -11.541 14.3925
      vertex -48 -11.489 14
    endloop
  endfacet
  facet normal -0.999701 0 0.0244513
    outer loop
      vertex -47.9904 -11.541 14.3925
      vertex -48 -13.8053 14
      vertex -47.9904 -13.8571 14.3925
    endloop
  endfacet
  facet normal 0.997288 0 0.0735996
    outer loop
      vertex 47.9615 -11.5819 14.7841
      vertex 47.9904 -13.8571 14.3925
      vertex 47.9904 -11.541 14.3925
    endloop
  endfacet
  facet normal 0.997288 0 0.0735996
    outer loop
      vertex 47.9904 -13.8571 14.3925
      vertex 47.9615 -11.5819 14.7841
      vertex 47.9615 -13.8979 14.7841
    endloop
  endfacet
  facet normal -0.359815 0 0.933024
    outer loop
      vertex -43.0615 -9.99352 21.391
      vertex -42.6951 -12.1055 21.5323
      vertex -42.6951 -9.83613 21.5323
    endloop
  endfacet
  facet normal -0.359815 0 0.933024
    outer loop
      vertex -42.6951 -12.1055 21.5323
      vertex -43.0615 -9.99352 21.391
      vertex -43.0615 -12.263 21.391
    endloop
  endfacet
  facet normal -0.493064 0 0.869993
    outer loop
      vertex -44.1128 -10.4216 20.8618
      vertex -43.7712 -12.5562 21.0554
      vertex -43.7712 -10.2866 21.0554
    endloop
  endfacet
  facet normal -0.492923 2.98769e-05 0.870073
    outer loop
      vertex -43.7712 -12.5562 21.0554
      vertex -44.1128 -10.4216 20.8618
      vertex -44.0155 -12.6528 20.917
    endloop
  endfacet
  facet normal -0.493441 0 0.869779
    outer loop
      vertex -44.0155 -12.6528 20.917
      vertex -44.1128 -10.4216 20.8618
      vertex -44.1128 -12.6972 20.8618
    endloop
  endfacet
  facet normal 0.999701 0 0.0244513
    outer loop
      vertex 47.9904 -11.541 14.3925
      vertex 48 -13.8053 14
      vertex 48 -11.489 14
    endloop
  endfacet
  facet normal 0.999701 0 0.0244513
    outer loop
      vertex 48 -13.8053 14
      vertex 47.9904 -11.541 14.3925
      vertex 47.9904 -13.8571 14.3925
    endloop
  endfacet
  facet normal 0 0 1
    outer loop
      vertex 40 -8.61156 22
      vertex 39.843 -10.759 22
      vertex 40 -10.838 22
    endloop
  endfacet
  facet normal 0 0 1
    outer loop
      vertex 37.5028 -9.72162 22
      vertex 40 -8.61156 22
      vertex 38.5176 -7.95447 22
    endloop
  endfacet
  facet normal 0 0 1
    outer loop
      vertex 40 -8.61156 22
      vertex 37.5028 -9.72162 22
      vertex 39.843 -10.759 22
    endloop
  endfacet
  facet normal 0 0 1
    outer loop
      vertex 36.4374 -7.03236 22
      vertex 37.5028 -9.72162 22
      vertex 38.5176 -7.95447 22
    endloop
  endfacet
  facet normal 0 0 1
    outer loop
      vertex 36.4374 -7.03236 22
      vertex 35.6615 -8.90546 22
      vertex 37.5028 -9.72162 22
    endloop
  endfacet
  facet normal 0 0 1
    outer loop
      vertex 33.7825 -8.18062 22
      vertex 36.4374 -7.03236 22
      vertex 34.2001 -6.16935 22
    endloop
  endfacet
  facet normal 0 0 1
    outer loop
      vertex 36.4374 -7.03236 22
      vertex 33.7825 -8.18062 22
      vertex 35.6615 -8.90546 22
    endloop
  endfacet
  facet normal 0 0 1
    outer loop
      vertex 31.3941 -7.25933 22
      vertex 34.2001 -6.16935 22
      vertex 32.0771 -5.35043 22
    endloop
  endfacet
  facet normal 0 0 1
    outer loop
      vertex 34.2001 -6.16935 22
      vertex 31.3941 -7.25933 22
      vertex 33.7825 -8.18062 22
    endloop
  endfacet
  facet normal 0 0 1
    outer loop
      vertex 29.9165 -4.63666 22
      vertex 31.3941 -7.25933 22
      vertex 32.0771 -5.35043 22
    endloop
  endfacet
  facet normal 0 0 1
    outer loop
      vertex 29.9165 -4.63666 22
      vertex 28.9634 -6.45635 22
      vertex 31.3941 -7.25933 22
    endloop
  endfacet
  facet normal 0 0 1
    outer loop
      vertex 27.6396 -3.88446 22
      vertex 28.9634 -6.45635 22
      vertex 29.9165 -4.63666 22
    endloop
  endfacet
  facet normal 0 0 1
    outer loop
      vertex 27.6396 -3.88446 22
      vertex 27.0511 -5.82459 22
      vertex 28.9634 -6.45635 22
    endloop
  endfacet
  facet normal 0 0 1
    outer loop
      vertex 25.11 -5.28742 22
      vertex 27.6396 -3.88446 22
      vertex 25.3285 -3.2449 22
    endloop
  endfacet
  facet normal 0 0 1
    outer loop
      vertex 27.6396 -3.88446 22
      vertex 25.11 -5.28742 22
      vertex 27.0511 -5.82459 22
    endloop
  endfacet
  facet normal 0 0 1
    outer loop
      vertex 22.6429 -4.60467 22
      vertex 25.3285 -3.2449 22
      vertex 23.1355 -2.638 22
    endloop
  endfacet
  facet normal 0 0 1
    outer loop
      vertex 25.3285 -3.2449 22
      vertex 22.6429 -4.60467 22
      vertex 25.11 -5.28742 22
    endloop
  endfacet
  facet normal 0 0 1
    outer loop
      vertex 20.9153 -2.13945 22
      vertex 22.6429 -4.60467 22
      vertex 23.1355 -2.638 22
    endloop
  endfacet
  facet normal 0 0 1
    outer loop
      vertex 20.9153 -2.13945 22
      vertex 20.1452 -4.0438 22
      vertex 22.6429 -4.60467 22
    endloop
  endfacet
  facet normal 0 0 1
    outer loop
      vertex 18.5756 -1.61405 22
      vertex 20.1452 -4.0438 22
      vertex 20.9153 -2.13945 22
    endloop
  endfacet
  facet normal 0 0 1
    outer loop
      vertex 18.5756 -1.61405 22
      vertex 18.1801 -3.60252 22
      vertex 20.1452 -4.0438 22
    endloop
  endfacet
  facet normal 0 0 1
    outer loop
      vertex 16.1957 -3.2582 22
      vertex 18.5756 -1.61405 22
      vertex 16.3337 -1.22504 22
    endloop
  endfacet
  facet normal 0 0 1
    outer loop
      vertex 18.5756 -1.61405 22
      vertex 16.1957 -3.2582 22
      vertex 18.1801 -3.60252 22
    endloop
  endfacet
  facet normal 0 0 1
    outer loop
      vertex 13.6735 -2.82056 22
      vertex 16.3337 -1.22504 22
      vertex 13.971 -0.815078 22
    endloop
  endfacet
  facet normal 0 0 1
    outer loop
      vertex 16.3337 -1.22504 22
      vertex 13.6735 -2.82056 22
      vertex 16.1957 -3.2582 22
    endloop
  endfacet
  facet normal 0 0 1
    outer loop
      vertex 11.6746 -2.57402 22
      vertex 13.971 -0.815078 22
      vertex 11.7127 -0.536538 22
    endloop
  endfacet
  facet normal 0 0 1
    outer loop
      vertex 13.971 -0.815078 22
      vertex 11.6746 -2.57402 22
      vertex 13.6735 -2.82056 22
    endloop
  endfacet
  facet normal 0 0 1
    outer loop
      vertex 9.13403 -2.26066 22
      vertex 11.7127 -0.536538 22
      vertex 9.33275 -0.243004 22
    endloop
  endfacet
  facet normal 0 0 1
    outer loop
      vertex 11.7127 -0.536538 22
      vertex 9.13403 -2.26066 22
      vertex 11.6746 -2.57402 22
    endloop
  endfacet
  facet normal 0 0 1
    outer loop
      vertex 9.33275 -0.243004 22
      vertex 7.12546 -2.1125 22
      vertex 9.13403 -2.26066 22
    endloop
  endfacet
  facet normal 0 0 1
    outer loop
      vertex 6.94129 -0.0665993 22
      vertex 7.12546 -2.1125 22
      vertex 9.33275 -0.243004 22
    endloop
  endfacet
  facet normal 0 0 1
    outer loop
      vertex 4.57252 -1.92419 22
      vertex 6.94129 -0.0665993 22
      vertex 4.672 0.100794 22
    endloop
  endfacet
  facet normal 0 0 1
    outer loop
      vertex 6.94129 -0.0665993 22
      vertex 4.57252 -1.92419 22
      vertex 7.12546 -2.1125 22
    endloop
  endfacet
  facet normal 0 0 1
    outer loop
      vertex 2.27477 0.159642 22
      vertex 4.57252 -1.92419 22
      vertex 4.672 0.100794 22
    endloop
  endfacet
  facet normal 0 0 1
    outer loop
      vertex 2.27477 0.159642 22
      vertex 2.01342 -1.86137 22
      vertex 4.57252 -1.92419 22
    endloop
  endfacet
  facet normal 0 0 1
    outer loop
      vertex 0 0.215484 22
      vertex 2.01342 -1.86137 22
      vertex 2.27477 0.159642 22
    endloop
  endfacet
  facet normal 0 0 1
    outer loop
      vertex 0 0.215484 22
      vertex 0 -1.81194 22
      vertex 2.01342 -1.86137 22
    endloop
  endfacet
  facet normal 0 0 1
    outer loop
      vertex 0 0.215484 22
      vertex -2.01342 -1.86137 22
      vertex 0 -1.81194 22
    endloop
  endfacet
  facet normal -0 0 1
    outer loop
      vertex -2.27477 0.159642 22
      vertex -2.01342 -1.86137 22
      vertex 0 0.215484 22
    endloop
  endfacet
  facet normal 0 0 1
    outer loop
      vertex -2.27477 0.159642 22
      vertex -4.57252 -1.92419 22
      vertex -2.01342 -1.86137 22
    endloop
  endfacet
  facet normal -0 0 1
    outer loop
      vertex -4.672 0.100794 22
      vertex -4.57252 -1.92419 22
      vertex -2.27477 0.159642 22
    endloop
  endfacet
  facet normal -0 0 1
    outer loop
      vertex -6.94129 -0.0665993 22
      vertex -4.57252 -1.92419 22
      vertex -4.672 0.100794 22
    endloop
  endfacet
  facet normal 0 0 1
    outer loop
      vertex -6.94129 -0.0665993 22
      vertex -7.12546 -2.1125 22
      vertex -4.57252 -1.92419 22
    endloop
  endfacet
  facet normal -0 0 1
    outer loop
      vertex -9.33275 -0.243004 22
      vertex -7.12546 -2.1125 22
      vertex -6.94129 -0.0665993 22
    endloop
  endfacet
  facet normal 0 0 1
    outer loop
      vertex -7.12546 -2.1125 22
      vertex -9.33275 -0.243004 22
      vertex -9.13403 -2.26066 22
    endloop
  endfacet
  facet normal -0 0 1
    outer loop
      vertex -11.7127 -0.536538 22
      vertex -9.13403 -2.26066 22
      vertex -9.33275 -0.243004 22
    endloop
  endfacet
  facet normal 0 0 1
    outer loop
      vertex -9.13403 -2.26066 22
      vertex -11.7127 -0.536538 22
      vertex -11.6746 -2.57402 22
    endloop
  endfacet
  facet normal -0 0 1
    outer loop
      vertex -13.971 -0.815078 22
      vertex -11.6746 -2.57402 22
      vertex -11.7127 -0.536538 22
    endloop
  endfacet
  facet normal 0 0 1
    outer loop
      vertex -11.6746 -2.57402 22
      vertex -13.971 -0.815078 22
      vertex -13.6735 -2.82056 22
    endloop
  endfacet
  facet normal -0 0 1
    outer loop
      vertex -16.3337 -1.22504 22
      vertex -13.6735 -2.82056 22
      vertex -13.971 -0.815078 22
    endloop
  endfacet
  facet normal 0 0 1
    outer loop
      vertex -13.6735 -2.82056 22
      vertex -16.3337 -1.22504 22
      vertex -16.1957 -3.2582 22
    endloop
  endfacet
  facet normal -0 0 1
    outer loop
      vertex -18.5756 -1.61405 22
      vertex -16.1957 -3.2582 22
      vertex -16.3337 -1.22504 22
    endloop
  endfacet
  facet normal 0 0 1
    outer loop
      vertex -16.1957 -3.2582 22
      vertex -18.5756 -1.61405 22
      vertex -18.1801 -3.60252 22
    endloop
  endfacet
  facet normal 0 0 1
    outer loop
      vertex -18.5756 -1.61405 22
      vertex -20.1452 -4.0438 22
      vertex -18.1801 -3.60252 22
    endloop
  endfacet
  facet normal -0 0 1
    outer loop
      vertex -20.9153 -2.13945 22
      vertex -20.1452 -4.0438 22
      vertex -18.5756 -1.61405 22
    endloop
  endfacet
  facet normal 0 0 1
    outer loop
      vertex -20.9153 -2.13945 22
      vertex -22.6429 -4.60467 22
      vertex -20.1452 -4.0438 22
    endloop
  endfacet
  facet normal -0 0 1
    outer loop
      vertex -23.1355 -2.638 22
      vertex -22.6429 -4.60467 22
      vertex -20.9153 -2.13945 22
    endloop
  endfacet
  facet normal -0 0 1
    outer loop
      vertex -25.3285 -3.2449 22
      vertex -22.6429 -4.60467 22
      vertex -23.1355 -2.638 22
    endloop
  endfacet
  facet normal 0 0 1
    outer loop
      vertex -22.6429 -4.60467 22
      vertex -25.3285 -3.2449 22
      vertex -25.11 -5.28742 22
    endloop
  endfacet
  facet normal -0 0 1
    outer loop
      vertex -27.6396 -3.88446 22
      vertex -25.11 -5.28742 22
      vertex -25.3285 -3.2449 22
    endloop
  endfacet
  facet normal 0 0 1
    outer loop
      vertex -25.11 -5.28742 22
      vertex -27.6396 -3.88446 22
      vertex -27.0511 -5.82459 22
    endloop
  endfacet
  facet normal 0 0 1
    outer loop
      vertex -27.6396 -3.88446 22
      vertex -28.9634 -6.45635 22
      vertex -27.0511 -5.82459 22
    endloop
  endfacet
  facet normal -0 0 1
    outer loop
      vertex -29.9165 -4.63666 22
      vertex -28.9634 -6.45635 22
      vertex -27.6396 -3.88446 22
    endloop
  endfacet
  facet normal 0 0 1
    outer loop
      vertex -29.9165 -4.63666 22
      vertex -31.3941 -7.25933 22
      vertex -28.9634 -6.45635 22
    endloop
  endfacet
  facet normal -0 0 1
    outer loop
      vertex -32.0771 -5.35043 22
      vertex -31.3941 -7.25933 22
      vertex -29.9165 -4.63666 22
    endloop
  endfacet
  facet normal -0 0 1
    outer loop
      vertex -34.2001 -6.16935 22
      vertex -31.3941 -7.25933 22
      vertex -32.0771 -5.35043 22
    endloop
  endfacet
  facet normal 0 0 1
    outer loop
      vertex -31.3941 -7.25933 22
      vertex -34.2001 -6.16935 22
      vertex -33.7825 -8.18062 22
    endloop
  endfacet
  facet normal -0 0 1
    outer loop
      vertex -36.4374 -7.03236 22
      vertex -33.7825 -8.18062 22
      vertex -34.2001 -6.16935 22
    endloop
  endfacet
  facet normal 0 0 1
    outer loop
      vertex -33.7825 -8.18062 22
      vertex -36.4374 -7.03236 22
      vertex -35.6615 -8.90546 22
    endloop
  endfacet
  facet normal 0 0 1
    outer loop
      vertex -36.4374 -7.03236 22
      vertex -37.5028 -9.72162 22
      vertex -35.6615 -8.90546 22
    endloop
  endfacet
  facet normal -0 0 1
    outer loop
      vertex -38.5176 -7.95447 22
      vertex -37.5028 -9.72162 22
      vertex -36.4374 -7.03236 22
    endloop
  endfacet
  facet normal -0 0 1
    outer loop
      vertex -40 -8.61156 22
      vertex -37.5028 -9.72162 22
      vertex -38.5176 -7.95447 22
    endloop
  endfacet
  facet normal 0 0 1
    outer loop
      vertex -37.5028 -9.72162 22
      vertex -40 -8.61156 22
      vertex -39.843 -10.759 22
    endloop
  endfacet
  facet normal 0 0 1
    outer loop
      vertex -39.843 -10.759 22
      vertex -40 -8.61156 22
      vertex -40 -10.838 22
    endloop
  endfacet
  facet normal -0.757185 1.956e-05 0.6532
    outer loop
      vertex -45.9276 -13.4339 19.3725
      vertex -45.9592 -11.1137 19.3358
      vertex -46.1841 -11.2029 19.0751
    endloop
  endfacet
  facet normal -0.757797 0 0.65249
    outer loop
      vertex -45.9592 -11.1137 19.3358
      vertex -45.9276 -13.4339 19.3725
      vertex -45.9276 -11.1029 19.3725
    endloop
  endfacet
  facet normal -0.757258 0 0.653116
    outer loop
      vertex -45.9276 -13.4339 19.3725
      vertex -46.1841 -11.2029 19.0751
      vertex -46.1841 -13.521 19.0751
    endloop
  endfacet
  facet normal 0.405264 -0 0.9142
    outer loop
      vertex 43.0615 -12.263 21.391
      vertex 43.4204 -10.1438 21.2319
      vertex 43.0615 -9.99352 21.391
    endloop
  endfacet
  facet normal 0.405264 0 0.9142
    outer loop
      vertex 43.4204 -10.1438 21.2319
      vertex 43.0615 -12.263 21.391
      vertex 43.4204 -12.4133 21.2319
    endloop
  endfacet
  facet normal -0.893304 0 0.449453
    outer loop
      vertex -47.2319 -11.5544 17.4204
      vertex -47.0554 -13.8203 17.7712
      vertex -47.0554 -11.5057 17.7712
    endloop
  endfacet
  facet normal -0.893299 1.92872e-06 0.449463
    outer loop
      vertex -47.2319 -11.5544 17.4204
      vertex -47.1752 -13.8535 17.5331
      vertex -47.0554 -13.8203 17.7712
    endloop
  endfacet
  facet normal -0.893315 0 0.449432
    outer loop
      vertex -47.1752 -13.8535 17.5331
      vertex -47.2319 -11.5544 17.4204
      vertex -47.2319 -13.8692 17.4204
    endloop
  endfacet
  facet normal -0.997288 0 0.0735996
    outer loop
      vertex -47.9904 -13.8571 14.3925
      vertex -47.9615 -11.5819 14.7841
      vertex -47.9904 -11.541 14.3925
    endloop
  endfacet
  facet normal -0.997288 0 0.0735996
    outer loop
      vertex -47.9615 -11.5819 14.7841
      vertex -47.9904 -13.8571 14.3925
      vertex -47.9615 -13.8979 14.7841
    endloop
  endfacet
  facet normal -0.985292 0 0.170879
    outer loop
      vertex -47.9134 -13.9275 15.1738
      vertex -47.8463 -11.6303 15.5607
      vertex -47.9134 -11.6117 15.1738
    endloop
  endfacet
  facet normal -0.985292 0 0.170879
    outer loop
      vertex -47.8463 -11.6303 15.5607
      vertex -47.9134 -13.9275 15.1738
      vertex -47.8463 -13.9459 15.5607
    endloop
  endfacet
  facet normal 0.689796 -2.19371e-05 0.724004
    outer loop
      vertex 45.3725 -13.228 19.9276
      vertex 45.6568 -11.0053 19.6568
      vertex 45.4451 -10.9249 19.8585
    endloop
  endfacet
  facet normal 0.689431 -0 0.724351
    outer loop
      vertex 45.3725 -13.228 19.9276
      vertex 45.4451 -10.9249 19.8585
      vertex 45.3725 -10.8974 19.9276
    endloop
  endfacet
  facet normal 0.689706 0 0.724089
    outer loop
      vertex 45.6568 -11.0053 19.6568
      vertex 45.3725 -13.228 19.9276
      vertex 45.6568 -13.3361 19.6568
    endloop
  endfacet
  facet normal -0.615253 0 0.78833
    outer loop
      vertex -45.0275 -10.7596 20.2213
      vertex -44.7656 -12.9817 20.4257
      vertex -44.7656 -10.6668 20.4257
    endloop
  endfacet
  facet normal -0.615748 -9.40434e-05 0.787943
    outer loop
      vertex -45.0751 -10.7793 20.1841
      vertex -44.7656 -12.9817 20.4257
      vertex -45.0275 -10.7596 20.2213
    endloop
  endfacet
  facet normal -0.615333 0 0.788268
    outer loop
      vertex -44.7656 -12.9817 20.4257
      vertex -45.0751 -10.7793 20.1841
      vertex -45.0751 -13.1098 20.1841
    endloop
  endfacet
  facet normal -0.073596 0 0.997288
    outer loop
      vertex -40.7123 -8.92109 21.9668
      vertex -40.3925 -11.0337 21.9904
      vertex -40.3925 -8.78376 21.9904
    endloop
  endfacet
  facet normal -0.0736145 -2.8157e-06 0.997287
    outer loop
      vertex -40.7841 -8.95624 21.9615
      vertex -40.3925 -11.0337 21.9904
      vertex -40.7123 -8.92109 21.9668
    endloop
  endfacet
  facet normal -0.0735996 0 0.997288
    outer loop
      vertex -40.3925 -11.0337 21.9904
      vertex -40.7841 -8.95624 21.9615
      vertex -40.7841 -11.2254 21.9615
    endloop
  endfacet
  facet normal -0.724089 0 0.689706
    outer loop
      vertex -45.9276 -11.1029 19.3725
      vertex -45.6568 -13.3361 19.6568
      vertex -45.6568 -11.0053 19.6568
    endloop
  endfacet
  facet normal -0.724089 0 0.689706
    outer loop
      vertex -45.6568 -13.3361 19.6568
      vertex -45.9276 -11.1029 19.3725
      vertex -45.9276 -13.4339 19.3725
    endloop
  endfacet
  facet normal 0.788268 -0 0.615333
    outer loop
      vertex 46.1841 -13.521 19.0751
      vertex 46.4257 -11.2944 18.7656
      vertex 46.1841 -11.2029 19.0751
    endloop
  endfacet
  facet normal 0.788203 1.84596e-05 0.615415
    outer loop
      vertex 46.2475 -13.5411 18.9939
      vertex 46.4257 -11.2944 18.7656
      vertex 46.1841 -13.521 19.0751
    endloop
  endfacet
  facet normal 0.788291 0 0.615302
    outer loop
      vertex 46.4257 -11.2944 18.7656
      vertex 46.2475 -13.5411 18.9939
      vertex 46.4257 -13.6087 18.7656
    endloop
  endfacet
  facet normal 0.359815 -0 0.933024
    outer loop
      vertex 42.6951 -12.1055 21.5323
      vertex 43.0615 -9.99352 21.391
      vertex 42.6951 -9.83613 21.5323
    endloop
  endfacet
  facet normal 0.359815 0 0.933024
    outer loop
      vertex 43.0615 -9.99352 21.391
      vertex 42.6951 -12.1055 21.5323
      vertex 43.0615 -12.263 21.391
    endloop
  endfacet
  facet normal 0.653116 -0 0.757258
    outer loop
      vertex 45.0751 -13.1098 20.1841
      vertex 45.3725 -10.8974 19.9276
      vertex 45.0751 -10.7793 20.1841
    endloop
  endfacet
  facet normal 0.653116 0 0.757258
    outer loop
      vertex 45.3725 -10.8974 19.9276
      vertex 45.0751 -13.1098 20.1841
      vertex 45.3725 -13.228 19.9276
    endloop
  endfacet
  facet normal 0.449552 -2.03809e-05 0.893254
    outer loop
      vertex 43.4204 -12.4133 21.2319
      vertex 43.7712 -10.2866 21.0554
      vertex 43.558 -10.1998 21.1627
    endloop
  endfacet
  facet normal 0.44929 -0 0.893386
    outer loop
      vertex 43.4204 -12.4133 21.2319
      vertex 43.558 -10.1998 21.1627
      vertex 43.4204 -10.1438 21.2319
    endloop
  endfacet
  facet normal 0.449453 0 0.893304
    outer loop
      vertex 43.7712 -10.2866 21.0554
      vertex 43.4204 -12.4133 21.2319
      vertex 43.7712 -12.5562 21.0554
    endloop
  endfacet
  facet normal -0.313782 0 0.949495
    outer loop
      vertex -42.6951 -9.83613 21.5323
      vertex -42.3223 -11.9413 21.6555
      vertex -42.3223 -9.67199 21.6555
    endloop
  endfacet
  facet normal -0.313782 0 0.949495
    outer loop
      vertex -42.3223 -11.9413 21.6555
      vertex -42.6951 -9.83613 21.5323
      vertex -42.6951 -12.1055 21.5323
    endloop
  endfacet
  facet normal -0.575563 0 0.817758
    outer loop
      vertex -44.7656 -10.6668 20.4257
      vertex -44.4445 -12.844 20.6517
      vertex -44.4445 -10.5484 20.6517
    endloop
  endfacet
  facet normal -0.575563 0 0.817758
    outer loop
      vertex -44.4445 -12.844 20.6517
      vertex -44.7656 -10.6668 20.4257
      vertex -44.7656 -12.9817 20.4257
    endloop
  endfacet
  facet normal 0.949495 -0 0.313782
    outer loop
      vertex 47.5323 -13.9335 16.6951
      vertex 47.6555 -11.6336 16.3223
      vertex 47.5323 -11.6184 16.6951
    endloop
  endfacet
  facet normal 0.949495 0 0.313782
    outer loop
      vertex 47.6555 -11.6336 16.3223
      vertex 47.5323 -13.9335 16.6951
      vertex 47.6555 -13.9489 16.3223
    endloop
  endfacet
  facet normal -0.689431 0 0.724351
    outer loop
      vertex -45.4451 -10.9249 19.8585
      vertex -45.3725 -13.228 19.9276
      vertex -45.3725 -10.8974 19.9276
    endloop
  endfacet
  facet normal -0.689796 -2.19371e-05 0.724004
    outer loop
      vertex -45.6568 -11.0053 19.6568
      vertex -45.3725 -13.228 19.9276
      vertex -45.4451 -10.9249 19.8585
    endloop
  endfacet
  facet normal -0.689706 0 0.724089
    outer loop
      vertex -45.3725 -13.228 19.9276
      vertex -45.6568 -11.0053 19.6568
      vertex -45.6568 -13.3361 19.6568
    endloop
  endfacet
  facet normal -0.219276 0 0.975663
    outer loop
      vertex -41.9438 -9.50152 21.7602
      vertex -41.5607 -11.5943 21.8463
      vertex -41.5607 -9.32512 21.8463
    endloop
  endfacet
  facet normal -0.219276 0 0.975663
    outer loop
      vertex -41.5607 -11.5943 21.8463
      vertex -41.9438 -9.50152 21.7602
      vertex -41.9438 -11.7708 21.7602
    endloop
  endfacet
  facet normal 0.266707 0 0.963778
    outer loop
      vertex 42.3223 -9.67199 21.6555
      vertex 41.9613 -11.7786 21.7554
      vertex 42.3223 -11.9413 21.6555
    endloop
  endfacet
  facet normal 0.266606 -0 0.963806
    outer loop
      vertex 41.9438 -11.7708 21.7602
      vertex 42.3223 -9.67199 21.6555
      vertex 41.9438 -9.50152 21.7602
    endloop
  endfacet
  facet normal 0.264672 0.000375466 0.964339
    outer loop
      vertex 42.3223 -9.67199 21.6555
      vertex 41.9438 -11.7708 21.7602
      vertex 41.9613 -11.7786 21.7554
    endloop
  endfacet
  facet normal -0.44929 0 0.893386
    outer loop
      vertex -43.558 -10.1998 21.1627
      vertex -43.4204 -12.4133 21.2319
      vertex -43.4204 -10.1438 21.2319
    endloop
  endfacet
  facet normal -0.449552 -2.03809e-05 0.893254
    outer loop
      vertex -43.7712 -10.2866 21.0554
      vertex -43.4204 -12.4133 21.2319
      vertex -43.558 -10.1998 21.1627
    endloop
  endfacet
  facet normal -0.449453 0 0.893304
    outer loop
      vertex -43.4204 -12.4133 21.2319
      vertex -43.7712 -10.2866 21.0554
      vertex -43.7712 -12.5562 21.0554
    endloop
  endfacet
  facet normal -0.170879 0 0.985292
    outer loop
      vertex -41.5607 -9.32512 21.8463
      vertex -41.1738 -11.4124 21.9134
      vertex -41.1738 -9.14322 21.9134
    endloop
  endfacet
  facet normal -0.170879 0 0.985292
    outer loop
      vertex -41.1738 -11.4124 21.9134
      vertex -41.5607 -9.32512 21.8463
      vertex -41.5607 -11.5943 21.8463
    endloop
  endfacet
  facet normal -0.869993 0 0.493064
    outer loop
      vertex -47.0554 -11.5057 17.7712
      vertex -46.8618 -13.7605 18.1128
      vertex -46.8618 -11.446 18.1128
    endloop
  endfacet
  facet normal -0.869993 0 0.493064
    outer loop
      vertex -46.8618 -13.7605 18.1128
      vertex -47.0554 -11.5057 17.7712
      vertex -47.0554 -13.8203 17.7712
    endloop
  endfacet
  facet normal 0.985292 0 0.170879
    outer loop
      vertex 47.8463 -11.6303 15.5607
      vertex 47.9134 -13.9275 15.1738
      vertex 47.9134 -11.6117 15.1738
    endloop
  endfacet
  facet normal 0.985292 0 0.170879
    outer loop
      vertex 47.9134 -13.9275 15.1738
      vertex 47.8463 -11.6303 15.5607
      vertex 47.8463 -13.9459 15.5607
    endloop
  endfacet
  facet normal 0.757797 -0 0.65249
    outer loop
      vertex 45.9276 -13.4339 19.3725
      vertex 45.9592 -11.1137 19.3358
      vertex 45.9276 -11.1029 19.3725
    endloop
  endfacet
  facet normal 0.757185 1.956e-05 0.6532
    outer loop
      vertex 45.9592 -11.1137 19.3358
      vertex 45.9276 -13.4339 19.3725
      vertex 46.1841 -11.2029 19.0751
    endloop
  endfacet
  facet normal 0.757258 0 0.653116
    outer loop
      vertex 46.1841 -11.2029 19.0751
      vertex 45.9276 -13.4339 19.3725
      vertex 46.1841 -13.521 19.0751
    endloop
  endfacet
  facet normal 0.170879 -0 0.985292
    outer loop
      vertex 41.1738 -11.4124 21.9134
      vertex 41.5607 -9.32512 21.8463
      vertex 41.1738 -9.14322 21.9134
    endloop
  endfacet
  facet normal 0.170879 0 0.985292
    outer loop
      vertex 41.5607 -9.32512 21.8463
      vertex 41.1738 -11.4124 21.9134
      vertex 41.5607 -11.5943 21.8463
    endloop
  endfacet
  facet normal 0.0736145 -2.8157e-06 0.997287
    outer loop
      vertex 40.3925 -11.0337 21.9904
      vertex 40.7841 -8.95624 21.9615
      vertex 40.7123 -8.92109 21.9668
    endloop
  endfacet
  facet normal 0.073596 -0 0.997288
    outer loop
      vertex 40.3925 -11.0337 21.9904
      vertex 40.7123 -8.92109 21.9668
      vertex 40.3925 -8.78376 21.9904
    endloop
  endfacet
  facet normal 0.0735996 0 0.997288
    outer loop
      vertex 40.7841 -8.95624 21.9615
      vertex 40.3925 -11.0337 21.9904
      vertex 40.7841 -11.2254 21.9615
    endloop
  endfacet
  facet normal -0.788268 0 0.615333
    outer loop
      vertex -46.4257 -11.2944 18.7656
      vertex -46.1841 -13.521 19.0751
      vertex -46.1841 -11.2029 19.0751
    endloop
  endfacet
  facet normal -0.788203 1.84596e-05 0.615415
    outer loop
      vertex -46.4257 -11.2944 18.7656
      vertex -46.2475 -13.5411 18.9939
      vertex -46.1841 -13.521 19.0751
    endloop
  endfacet
  facet normal -0.788291 0 0.615302
    outer loop
      vertex -46.2475 -13.5411 18.9939
      vertex -46.4257 -11.2944 18.7656
      vertex -46.4257 -13.6087 18.7656
    endloop
  endfacet
  facet normal 0.869993 -0 0.493064
    outer loop
      vertex 46.8618 -13.7605 18.1128
      vertex 47.0554 -11.5057 17.7712
      vertex 46.8618 -11.446 18.1128
    endloop
  endfacet
  facet normal 0.869993 0 0.493064
    outer loop
      vertex 47.0554 -11.5057 17.7712
      vertex 46.8618 -13.7605 18.1128
      vertex 47.0554 -13.8203 17.7712
    endloop
  endfacet
  facet normal -0.266606 0 0.963806
    outer loop
      vertex -42.3223 -9.67199 21.6555
      vertex -41.9438 -11.7708 21.7602
      vertex -41.9438 -9.50152 21.7602
    endloop
  endfacet
  facet normal -0.264672 0.000375466 0.964339
    outer loop
      vertex -41.9438 -11.7708 21.7602
      vertex -42.3223 -9.67199 21.6555
      vertex -41.9613 -11.7786 21.7554
    endloop
  endfacet
  facet normal -0.266707 0 0.963778
    outer loop
      vertex -41.9613 -11.7786 21.7554
      vertex -42.3223 -9.67199 21.6555
      vertex -42.3223 -11.9413 21.6555
    endloop
  endfacet
  facet normal -0.405264 0 0.9142
    outer loop
      vertex -43.4204 -10.1438 21.2319
      vertex -43.0615 -12.263 21.391
      vertex -43.0615 -9.99352 21.391
    endloop
  endfacet
  facet normal -0.405264 0 0.9142
    outer loop
      vertex -43.0615 -12.263 21.391
      vertex -43.4204 -10.1438 21.2319
      vertex -43.4204 -12.4133 21.2319
    endloop
  endfacet
  facet normal 0.535094 -0 0.844792
    outer loop
      vertex 44.1128 -12.6972 20.8618
      vertex 44.4445 -10.5484 20.6517
      vertex 44.1128 -10.4216 20.8618
    endloop
  endfacet
  facet normal 0.535094 0 0.844792
    outer loop
      vertex 44.4445 -10.5484 20.6517
      vertex 44.1128 -12.6972 20.8618
      vertex 44.4445 -12.844 20.6517
    endloop
  endfacet
  facet normal -0.122499 0 0.992469
    outer loop
      vertex -41.1738 -9.14322 21.9134
      vertex -40.7841 -11.2254 21.9615
      vertex -40.7841 -8.95624 21.9615
    endloop
  endfacet
  facet normal -0.122499 0 0.992469
    outer loop
      vertex -40.7841 -11.2254 21.9615
      vertex -41.1738 -9.14322 21.9134
      vertex -41.1738 -11.4124 21.9134
    endloop
  endfacet
  facet normal -0.992469 0 0.122499
    outer loop
      vertex -47.9615 -13.8979 14.7841
      vertex -47.9134 -11.6117 15.1738
      vertex -47.9615 -11.5819 14.7841
    endloop
  endfacet
  facet normal -0.992469 0 0.122499
    outer loop
      vertex -47.9134 -11.6117 15.1738
      vertex -47.9615 -13.8979 14.7841
      vertex -47.9134 -13.9275 15.1738
    endloop
  endfacet
  facet normal 0.975663 0 0.219276
    outer loop
      vertex 47.7602 -11.6376 15.9438
      vertex 47.8463 -13.9459 15.5607
      vertex 47.8463 -11.6303 15.5607
    endloop
  endfacet
  facet normal 0.975663 0 0.219276
    outer loop
      vertex 47.8463 -13.9459 15.5607
      vertex 47.7602 -11.6376 15.9438
      vertex 47.7602 -13.953 15.9438
    endloop
  endfacet
  facet normal 0.219276 -0 0.975663
    outer loop
      vertex 41.5607 -11.5943 21.8463
      vertex 41.9438 -9.50152 21.7602
      vertex 41.5607 -9.32512 21.8463
    endloop
  endfacet
  facet normal 0.219276 0 0.975663
    outer loop
      vertex 41.9438 -9.50152 21.7602
      vertex 41.5607 -11.5943 21.8463
      vertex 41.9438 -11.7708 21.7602
    endloop
  endfacet
  facet normal 0.724089 -0 0.689706
    outer loop
      vertex 45.6568 -13.3361 19.6568
      vertex 45.9276 -11.1029 19.3725
      vertex 45.6568 -11.0053 19.6568
    endloop
  endfacet
  facet normal 0.724089 0 0.689706
    outer loop
      vertex 45.9276 -11.1029 19.3725
      vertex 45.6568 -13.3361 19.6568
      vertex 45.9276 -13.4339 19.3725
    endloop
  endfacet
  facet normal -0.9142 0 0.405264
    outer loop
      vertex -47.391 -11.592 17.0615
      vertex -47.2319 -13.8692 17.4204
      vertex -47.2319 -11.5544 17.4204
    endloop
  endfacet
  facet normal -0.9142 0 0.405264
    outer loop
      vertex -47.2319 -13.8692 17.4204
      vertex -47.391 -11.592 17.0615
      vertex -47.391 -13.9069 17.0615
    endloop
  endfacet
  facet normal -0.963787 0 0.266673
    outer loop
      vertex -47.7164 -11.6359 16.1022
      vertex -47.6555 -13.9489 16.3223
      vertex -47.6555 -11.6336 16.3223
    endloop
  endfacet
  facet normal -0.963831 0 0.266514
    outer loop
      vertex -47.7602 -13.953 15.9438
      vertex -47.7164 -11.6359 16.1022
      vertex -47.7602 -11.6376 15.9438
    endloop
  endfacet
  facet normal -0.963806 -6.79656e-06 0.266606
    outer loop
      vertex -47.7164 -11.6359 16.1022
      vertex -47.7602 -13.953 15.9438
      vertex -47.6555 -13.9489 16.3223
    endloop
  endfacet
  facet normal -0.949495 0 0.313782
    outer loop
      vertex -47.6555 -11.6336 16.3223
      vertex -47.5323 -13.9335 16.6951
      vertex -47.5323 -11.6184 16.6951
    endloop
  endfacet
  facet normal -0.949495 0 0.313782
    outer loop
      vertex -47.5323 -13.9335 16.6951
      vertex -47.6555 -11.6336 16.3223
      vertex -47.6555 -13.9489 16.3223
    endloop
  endfacet
  facet normal 0.122499 -0 0.992469
    outer loop
      vertex 40.7841 -11.2254 21.9615
      vertex 41.1738 -9.14322 21.9134
      vertex 40.7841 -8.95624 21.9615
    endloop
  endfacet
  facet normal 0.122499 0 0.992469
    outer loop
      vertex 41.1738 -9.14322 21.9134
      vertex 40.7841 -11.2254 21.9615
      vertex 41.1738 -11.4124 21.9134
    endloop
  endfacet
  facet normal 0.933024 -0 0.359815
    outer loop
      vertex 47.391 -13.9069 17.0615
      vertex 47.5323 -11.6184 16.6951
      vertex 47.391 -11.592 17.0615
    endloop
  endfacet
  facet normal 0.933024 0 0.359815
    outer loop
      vertex 47.5323 -11.6184 16.6951
      vertex 47.391 -13.9069 17.0615
      vertex 47.5323 -13.9335 16.6951
    endloop
  endfacet
  facet normal -0.653116 0 0.757258
    outer loop
      vertex -45.3725 -10.8974 19.9276
      vertex -45.0751 -13.1098 20.1841
      vertex -45.0751 -10.7793 20.1841
    endloop
  endfacet
  facet normal -0.653116 0 0.757258
    outer loop
      vertex -45.0751 -13.1098 20.1841
      vertex -45.3725 -10.8974 19.9276
      vertex -45.3725 -13.228 19.9276
    endloop
  endfacet
  facet normal -0.817758 0 0.575563
    outer loop
      vertex -46.6517 -11.3755 18.4445
      vertex -46.4257 -13.6087 18.7656
      vertex -46.4257 -11.2944 18.7656
    endloop
  endfacet
  facet normal -0.817758 0 0.575563
    outer loop
      vertex -46.4257 -13.6087 18.7656
      vertex -46.6517 -11.3755 18.4445
      vertex -46.6517 -13.6899 18.4445
    endloop
  endfacet
  facet normal 0.575563 -0 0.817758
    outer loop
      vertex 44.4445 -12.844 20.6517
      vertex 44.7656 -10.6668 20.4257
      vertex 44.4445 -10.5484 20.6517
    endloop
  endfacet
  facet normal 0.575563 0 0.817758
    outer loop
      vertex 44.7656 -10.6668 20.4257
      vertex 44.4445 -12.844 20.6517
      vertex 44.7656 -12.9817 20.4257
    endloop
  endfacet
  facet normal 0.615748 -9.40434e-05 0.787943
    outer loop
      vertex 44.7656 -12.9817 20.4257
      vertex 45.0751 -10.7793 20.1841
      vertex 45.0275 -10.7596 20.2213
    endloop
  endfacet
  facet normal 0.615253 -0 0.78833
    outer loop
      vertex 44.7656 -12.9817 20.4257
      vertex 45.0275 -10.7596 20.2213
      vertex 44.7656 -10.6668 20.4257
    endloop
  endfacet
  facet normal 0.615333 0 0.788268
    outer loop
      vertex 45.0751 -10.7793 20.1841
      vertex 44.7656 -12.9817 20.4257
      vertex 45.0751 -13.1098 20.1841
    endloop
  endfacet
  facet normal 0.9142 -0 0.405264
    outer loop
      vertex 47.2319 -13.8692 17.4204
      vertex 47.391 -11.592 17.0615
      vertex 47.2319 -11.5544 17.4204
    endloop
  endfacet
  facet normal 0.9142 0 0.405264
    outer loop
      vertex 47.391 -11.592 17.0615
      vertex 47.2319 -13.8692 17.4204
      vertex 47.391 -13.9069 17.0615
    endloop
  endfacet
  facet normal 0.817758 -0 0.575563
    outer loop
      vertex 46.4257 -13.6087 18.7656
      vertex 46.6517 -11.3755 18.4445
      vertex 46.4257 -11.2944 18.7656
    endloop
  endfacet
  facet normal 0.817758 0 0.575563
    outer loop
      vertex 46.6517 -11.3755 18.4445
      vertex 46.4257 -13.6087 18.7656
      vertex 46.6517 -13.6899 18.4445
    endloop
  endfacet
  facet normal -0.975663 0 0.219276
    outer loop
      vertex -47.8463 -13.9459 15.5607
      vertex -47.7602 -11.6376 15.9438
      vertex -47.8463 -11.6303 15.5607
    endloop
  endfacet
  facet normal -0.975663 0 0.219276
    outer loop
      vertex -47.7602 -11.6376 15.9438
      vertex -47.8463 -13.9459 15.5607
      vertex -47.7602 -13.953 15.9438
    endloop
  endfacet
  facet normal -0.844792 0 0.535094
    outer loop
      vertex -46.8618 -11.446 18.1128
      vertex -46.6517 -13.6899 18.4445
      vertex -46.6517 -11.3755 18.4445
    endloop
  endfacet
  facet normal -0.844792 0 0.535094
    outer loop
      vertex -46.6517 -13.6899 18.4445
      vertex -46.8618 -11.446 18.1128
      vertex -46.8618 -13.7605 18.1128
    endloop
  endfacet
  facet normal -0.535094 0 0.844792
    outer loop
      vertex -44.4445 -10.5484 20.6517
      vertex -44.1128 -12.6972 20.8618
      vertex -44.1128 -10.4216 20.8618
    endloop
  endfacet
  facet normal -0.535094 0 0.844792
    outer loop
      vertex -44.1128 -12.6972 20.8618
      vertex -44.4445 -10.5484 20.6517
      vertex -44.4445 -12.844 20.6517
    endloop
  endfacet
  facet normal -0.933024 0 0.359815
    outer loop
      vertex -47.5323 -11.6184 16.6951
      vertex -47.391 -13.9069 17.0615
      vertex -47.391 -11.592 17.0615
    endloop
  endfacet
  facet normal -0.933024 0 0.359815
    outer loop
      vertex -47.391 -13.9069 17.0615
      vertex -47.5323 -11.6184 16.6951
      vertex -47.5323 -13.9335 16.6951
    endloop
  endfacet
  facet normal -0.997305 0 -0.0733712
    outer loop
      vertex -35.7527 -7.72779 14.1104
      vertex -35.7608 -6.66592 14.2205
      vertex -35.7527 -6.64778 14.1104
    endloop
  endfacet
  facet normal -0.997305 -0 -0.0733712
    outer loop
      vertex -35.7608 -6.66592 14.2205
      vertex -35.7527 -7.72779 14.1104
      vertex -35.7608 -7.74591 14.2205
    endloop
  endfacet
  facet normal -0.999701 0 -0.0244492
    outer loop
      vertex -35.75 -7.71172 14
      vertex -35.7527 -6.64778 14.1104
      vertex -35.75 -6.63169 14
    endloop
  endfacet
  facet normal -0.999701 -0 -0.0244492
    outer loop
      vertex -35.7527 -6.64778 14.1104
      vertex -35.75 -7.71172 14
      vertex -35.7527 -7.72779 14.1104
    endloop
  endfacet
  facet normal -0.450109 -0 -0.892973
    outer loop
      vertex -37.038 -7.44313 16.034
      vertex -36.9394 -8.49431 15.9843
      vertex -37.038 -8.54493 16.034
    endloop
  endfacet
  facet normal -0.450109 0 -0.892973
    outer loop
      vertex -36.9394 -8.49431 15.9843
      vertex -37.038 -7.44313 16.034
      vertex -36.9394 -7.3925 15.9843
    endloop
  endfacet
  facet normal -0.963648 0 0.267177
    outer loop
      vertex -35.8469 -6.59725 13.3469
      vertex -35.8174 -7.67005 13.4533
      vertex -35.8174 -6.59552 13.4533
    endloop
  endfacet
  facet normal -0.963648 0 0.267177
    outer loop
      vertex -35.8174 -7.67005 13.4533
      vertex -35.8469 -6.59725 13.3469
      vertex -35.8469 -7.6718 13.3469
    endloop
  endfacet
  facet normal -0.614818 -0 -0.788669
    outer loop
      vertex -36.6597 -7.24389 15.8072
      vertex -36.5726 -8.29772 15.7393
      vertex -36.6597 -8.34574 15.8072
    endloop
  endfacet
  facet normal -0.614818 0 -0.788669
    outer loop
      vertex -36.5726 -8.29772 15.7393
      vertex -36.6597 -7.24389 15.8072
      vertex -36.5726 -7.19585 15.7393
    endloop
  endfacet
  facet normal 0.535117 0 0.844778
    outer loop
      vertex -39.25 -7.95511 12.1292
      vertex -39.1567 -9.0051 12.0701
      vertex -39.1567 -7.9083 12.0701
    endloop
  endfacet
  facet normal 0.535117 0 0.844778
    outer loop
      vertex -39.1567 -9.0051 12.0701
      vertex -39.25 -7.95511 12.1292
      vertex -39.25 -9.0519 12.1292
    endloop
  endfacet
  facet normal 0.997305 0 -0.0733712
    outer loop
      vertex -40.2392 -8.60994 14.2205
      vertex -40.2473 -9.70043 14.1104
      vertex -40.2473 -8.59822 14.1104
    endloop
  endfacet
  facet normal 0.997305 0 -0.0733712
    outer loop
      vertex -40.2473 -9.70043 14.1104
      vertex -40.2392 -8.60994 14.2205
      vertex -40.2392 -9.71212 14.2205
    endloop
  endfacet
  facet normal 0.949674 0 0.313239
    outer loop
      vertex -40.1531 -8.46784 13.3469
      vertex -40.1185 -9.53945 13.242
      vertex -40.1185 -8.44281 13.242
    endloop
  endfacet
  facet normal 0.949674 0 0.313239
    outer loop
      vertex -40.1185 -9.53945 13.242
      vertex -40.1531 -8.46784 13.3469
      vertex -40.1531 -9.56447 13.3469
    endloop
  endfacet
  facet normal -0.81757 0 -0.57583
    outer loop
      vertex -36.1292 -8.03323 15.25
      vertex -36.1928 -6.98511 15.3403
      vertex -36.1292 -6.94828 15.25
    endloop
  endfacet
  facet normal -0.81757 -0 -0.57583
    outer loop
      vertex -36.1928 -6.98511 15.3403
      vertex -36.1292 -8.03323 15.25
      vertex -36.1928 -8.07396 15.3403
    endloop
  endfacet
  facet normal -0.756823 0 -0.65362
    outer loop
      vertex -36.2607 -8.11616 15.4274
      vertex -36.3329 -7.0624 15.511
      vertex -36.2607 -7.02319 15.4274
    endloop
  endfacet
  facet normal -0.756823 -0 -0.65362
    outer loop
      vertex -36.3329 -7.0624 15.511
      vertex -36.2607 -8.11616 15.4274
      vertex -36.3329 -8.15975 15.511
    endloop
  endfacet
  facet normal 0.132164 0 -0.991228
    outer loop
      vertex -38.3301 -9.14431 16.2256
      vertex -38.3316 -8.04314 16.2254
      vertex -38.3301 -8.04255 16.2256
    endloop
  endfacet
  facet normal 0.170119 0 -0.985424
    outer loop
      vertex -38.439 -8.08815 16.2068
      vertex -38.3301 -9.14431 16.2256
      vertex -38.439 -9.18992 16.2068
    endloop
  endfacet
  facet normal 0.170622 5.3458e-05 -0.985336
    outer loop
      vertex -38.3301 -9.14431 16.2256
      vertex -38.439 -8.08815 16.2068
      vertex -38.3316 -8.04314 16.2254
    endloop
  endfacet
  facet normal -0.949674 0 -0.313239
    outer loop
      vertex -35.8469 -7.83796 14.6531
      vertex -35.8815 -6.7857 14.758
      vertex -35.8469 -6.75805 14.6531
    endloop
  endfacet
  facet normal -0.949674 -0 -0.313239
    outer loop
      vertex -35.8815 -6.7857 14.758
      vertex -35.8469 -7.83796 14.6531
      vertex -35.8815 -7.86559 14.758
    endloop
  endfacet
  facet normal -0.724247 0 -0.689541
    outer loop
      vertex -36.3329 -8.15975 15.511
      vertex -36.4084 -7.10235 15.5903
      vertex -36.3329 -7.0624 15.511
    endloop
  endfacet
  facet normal -0.757924 -0.00519594 -0.652322
    outer loop
      vertex -36.4084 -7.10235 15.5903
      vertex -36.3329 -8.15975 15.511
      vertex -36.409 -7.10271 15.591
    endloop
  endfacet
  facet normal -0.724547 -0 -0.689225
    outer loop
      vertex -36.409 -7.10271 15.591
      vertex -36.3329 -8.15975 15.511
      vertex -36.409 -8.20461 15.591
    endloop
  endfacet
  facet normal 0.65362 0 -0.756823
    outer loop
      vertex -39.511 -8.48832 15.6671
      vertex -39.4274 -9.56315 15.7393
      vertex -39.511 -9.5902 15.6671
    endloop
  endfacet
  facet normal 0.65362 0 -0.756823
    outer loop
      vertex -39.4274 -9.56315 15.7393
      vertex -39.511 -8.48832 15.6671
      vertex -39.4274 -8.46129 15.7393
    endloop
  endfacet
  facet normal -0.932784 0 -0.360435
    outer loop
      vertex -35.8815 -7.86559 14.758
      vertex -35.9213 -6.81507 14.861
      vertex -35.8815 -6.7857 14.758
    endloop
  endfacet
  facet normal -0.932784 -0 -0.360435
    outer loop
      vertex -35.9213 -6.81507 14.861
      vertex -35.8815 -7.86559 14.758
      vertex -35.9213 -7.89494 14.861
    endloop
  endfacet
  facet normal 0.992389 0 -0.123143
    outer loop
      vertex -40.2256 -8.61919 14.3301
      vertex -40.2392 -9.71212 14.2205
      vertex -40.2392 -8.60994 14.2205
    endloop
  endfacet
  facet normal 0.992389 0 -0.123143
    outer loop
      vertex -40.2392 -9.71212 14.2205
      vertex -40.2256 -8.61919 14.3301
      vertex -40.2256 -9.72134 14.3301
    endloop
  endfacet
  facet normal 0.81757 0 0.57583
    outer loop
      vertex -39.8708 -8.28759 12.75
      vertex -39.8072 -9.34779 12.6597
      vertex -39.8072 -8.25107 12.6597
    endloop
  endfacet
  facet normal 0.81757 0 0.57583
    outer loop
      vertex -39.8072 -9.34779 12.6597
      vertex -39.8708 -8.28759 12.75
      vertex -39.8708 -9.3843 12.75
    endloop
  endfacet
  facet normal 0.0733712 0 -0.997305
    outer loop
      vertex -38.2205 -7.99584 16.2392
      vertex -38.1104 -9.04991 16.2473
      vertex -38.2205 -9.0976 16.2392
    endloop
  endfacet
  facet normal 0.0733712 0 -0.997305
    outer loop
      vertex -38.1104 -9.04991 16.2473
      vertex -38.2205 -7.99584 16.2392
      vertex -38.1104 -7.94815 16.2473
    endloop
  endfacet
  facet normal -0.360435 -0 -0.932784
    outer loop
      vertex -37.242 -7.5453 16.1185
      vertex -37.139 -8.5959 16.0787
      vertex -37.242 -8.64709 16.1185
    endloop
  endfacet
  facet normal -0.360435 0 -0.932784
    outer loop
      vertex -37.139 -8.5959 16.0787
      vertex -37.242 -7.5453 16.1185
      vertex -37.139 -7.4941 16.0787
    endloop
  endfacet
  facet normal -0.992389 0 -0.123143
    outer loop
      vertex -35.7608 -7.74591 14.2205
      vertex -35.7744 -6.68606 14.3301
      vertex -35.7608 -6.66592 14.2205
    endloop
  endfacet
  facet normal -0.992389 -0 -0.123143
    outer loop
      vertex -35.7744 -6.68606 14.3301
      vertex -35.7608 -7.74591 14.2205
      vertex -35.7744 -7.76603 14.3301
    endloop
  endfacet
  facet normal 0.313239 0 -0.949674
    outer loop
      vertex -38.758 -8.2173 16.1185
      vertex -38.6531 -9.27741 16.1531
      vertex -38.758 -9.31909 16.1185
    endloop
  endfacet
  facet normal 0.313239 0 -0.949674
    outer loop
      vertex -38.6531 -9.27741 16.1531
      vertex -38.758 -8.2173 16.1185
      vertex -38.6531 -8.17564 16.1531
    endloop
  endfacet
  facet normal 0.756823 0 -0.65362
    outer loop
      vertex -39.6671 -9.63773 15.511
      vertex -39.7393 -8.55617 15.4274
      vertex -39.6671 -8.53582 15.511
    endloop
  endfacet
  facet normal 0.756823 0 -0.65362
    outer loop
      vertex -39.7393 -8.55617 15.4274
      vertex -39.6671 -9.63773 15.511
      vertex -39.7393 -9.6581 15.4274
    endloop
  endfacet
  facet normal -0.0733712 -0 -0.997305
    outer loop
      vertex -37.8896 -7.85028 16.2473
      vertex -37.7795 -8.90209 16.2392
      vertex -37.8896 -8.95203 16.2473
    endloop
  endfacet
  facet normal -0.0733712 0 -0.997305
    outer loop
      vertex -37.7795 -8.90209 16.2392
      vertex -37.8896 -7.85028 16.2473
      vertex -37.7795 -7.80033 16.2392
    endloop
  endfacet
  facet normal -0.450109 0 0.892973
    outer loop
      vertex -37.038 -6.95952 11.966
      vertex -36.9394 -8.01718 12.0157
      vertex -36.9394 -6.92038 12.0157
    endloop
  endfacet
  facet normal -0.450109 0 0.892973
    outer loop
      vertex -36.9394 -8.01718 12.0157
      vertex -37.038 -6.95952 11.966
      vertex -37.038 -8.05633 11.966
    endloop
  endfacet
  facet normal -0.313239 0 0.949674
    outer loop
      vertex -37.3469 -7.08542 11.8469
      vertex -37.242 -8.13897 11.8815
      vertex -37.242 -7.04214 11.8815
    endloop
  endfacet
  facet normal -0.313239 0 0.949674
    outer loop
      vertex -37.242 -8.13897 11.8815
      vertex -37.3469 -7.08542 11.8469
      vertex -37.3469 -8.18226 11.8469
    endloop
  endfacet
  facet normal -0.689225 0 0.724547
    outer loop
      vertex -36.489 -6.7532 12.3329
      vertex -36.409 -7.81836 12.409
      vertex -36.409 -6.72924 12.409
    endloop
  endfacet
  facet normal -0.689225 0 0.724547
    outer loop
      vertex -36.409 -7.81836 12.409
      vertex -36.489 -6.7532 12.3329
      vertex -36.489 -7.84679 12.3329
    endloop
  endfacet
  facet normal 0.949674 0 -0.313239
    outer loop
      vertex -40.1185 -9.73324 14.758
      vertex -40.1531 -8.63195 14.6531
      vertex -40.1185 -8.63118 14.758
    endloop
  endfacet
  facet normal 0.949674 0 -0.313239
    outer loop
      vertex -40.1531 -8.63195 14.6531
      vertex -40.1185 -9.73324 14.758
      vertex -40.1531 -9.73404 14.6531
    endloop
  endfacet
  facet normal 0.57583 0 -0.81757
    outer loop
      vertex -39.3403 -8.43214 15.8072
      vertex -39.25 -9.5028 15.8708
      vertex -39.3403 -9.53399 15.8072
    endloop
  endfacet
  facet normal 0.57583 0 -0.81757
    outer loop
      vertex -39.25 -9.5028 15.8708
      vertex -39.3403 -8.43214 15.8072
      vertex -39.25 -8.40096 15.8708
    endloop
  endfacet
  facet normal -0.360435 0 0.932784
    outer loop
      vertex -37.242 -7.04214 11.8815
      vertex -37.139 -8.09696 11.9213
      vertex -37.139 -7.00014 11.9213
    endloop
  endfacet
  facet normal -0.360435 0 0.932784
    outer loop
      vertex -37.139 -8.09696 11.9213
      vertex -37.242 -7.04214 11.8815
      vertex -37.242 -8.13897 11.8815
    endloop
  endfacet
  facet normal 0.689225 0 -0.724547
    outer loop
      vertex -39.591 -8.51319 15.591
      vertex -39.511 -9.5902 15.6671
      vertex -39.591 -9.61508 15.591
    endloop
  endfacet
  facet normal 0.689225 0 -0.724547
    outer loop
      vertex -39.511 -9.5902 15.6671
      vertex -39.591 -8.51319 15.591
      vertex -39.511 -8.48832 15.6671
    endloop
  endfacet
  facet normal -0.870242 0 -0.492624
    outer loop
      vertex -36.0157 -7.95851 15.0606
      vertex -36.0701 -6.91278 15.1567
      vertex -36.0157 -6.87869 15.0606
    endloop
  endfacet
  facet normal -0.870435 -4.13622e-05 -0.492283
    outer loop
      vertex -36.0459 -7.97744 15.114
      vertex -36.0701 -6.91278 15.1567
      vertex -36.0157 -7.95851 15.0606
    endloop
  endfacet
  facet normal -0.869993 -0 -0.493064
    outer loop
      vertex -36.0701 -6.91278 15.1567
      vertex -36.0459 -7.97744 15.114
      vertex -36.0701 -7.99409 15.1567
    endloop
  endfacet
  facet normal 0.170119 0 0.985424
    outer loop
      vertex -38.439 -7.56456 11.7932
      vertex -38.3301 -8.61143 11.7744
      vertex -38.3301 -7.51459 11.7744
    endloop
  endfacet
  facet normal 0.170119 0 0.985424
    outer loop
      vertex -38.3301 -8.61143 11.7744
      vertex -38.439 -7.56456 11.7932
      vertex -38.439 -8.6614 11.7932
    endloop
  endfacet
  facet normal -0.992365 0 0.123334
    outer loop
      vertex -35.7744 -7.6762 13.6699
      vertex -35.7679 -6.60074 13.7222
      vertex -35.7744 -6.5985 13.6699
    endloop
  endfacet
  facet normal -0.99241 1.79594e-05 0.12297
    outer loop
      vertex -35.7679 -6.60074 13.7222
      vertex -35.7744 -7.6762 13.6699
      vertex -35.7608 -6.60582 13.7795
    endloop
  endfacet
  facet normal -0.992389 0 0.123143
    outer loop
      vertex -35.7608 -6.60582 13.7795
      vertex -35.7744 -7.6762 13.6699
      vertex -35.7608 -7.6859 13.7795
    endloop
  endfacet
  facet normal -0.65362 -0 -0.756823
    outer loop
      vertex -36.5726 -7.19585 15.7393
      vertex -36.489 -8.25064 15.6671
      vertex -36.5726 -8.29772 15.7393
    endloop
  endfacet
  facet normal -0.65362 0 -0.756823
    outer loop
      vertex -36.489 -8.25064 15.6671
      vertex -36.5726 -7.19585 15.7393
      vertex -36.489 -7.14876 15.6671
    endloop
  endfacet
  facet normal -0.963648 0 -0.267177
    outer loop
      vertex -35.8174 -7.81211 14.5467
      vertex -35.8469 -6.75805 14.6531
      vertex -35.8174 -6.73219 14.5467
    endloop
  endfacet
  facet normal -0.963648 -0 -0.267177
    outer loop
      vertex -35.8469 -6.75805 14.6531
      vertex -35.8174 -7.81211 14.5467
      vertex -35.8469 -7.83796 14.6531
    endloop
  endfacet
  facet normal -0.914445 0 -0.40471
    outer loop
      vertex -35.9213 -7.89494 14.861
      vertex -35.966 -6.84609 14.962
      vertex -35.9213 -6.81507 14.861
    endloop
  endfacet
  facet normal -0.914445 -0 -0.40471
    outer loop
      vertex -35.966 -6.84609 14.962
      vertex -35.9213 -7.89494 14.861
      vertex -35.966 -7.92593 14.962
    endloop
  endfacet
  facet normal -0.997305 0 0.0733712
    outer loop
      vertex -35.7608 -7.6859 13.7795
      vertex -35.7527 -6.61769 13.8896
      vertex -35.7608 -6.60582 13.7795
    endloop
  endfacet
  facet normal -0.997305 0 0.0733712
    outer loop
      vertex -35.7527 -6.61769 13.8896
      vertex -35.7608 -7.6859 13.7795
      vertex -35.7527 -7.69775 13.8896
    endloop
  endfacet
  facet normal -0.535117 0 0.844778
    outer loop
      vertex -36.8433 -6.88281 12.0701
      vertex -36.75 -7.9437 12.1292
      vertex -36.75 -6.84691 12.1292
    endloop
  endfacet
  facet normal -0.535117 0 0.844778
    outer loop
      vertex -36.75 -7.9437 12.1292
      vertex -36.8433 -6.88281 12.0701
      vertex -36.8433 -7.97961 12.0701
    endloop
  endfacet
  facet normal 0.0245827 0 0.999698
    outer loop
      vertex -38.1098 -7.41491 11.7527
      vertex -38 -8.46284 11.75
      vertex -38 -7.366 11.75
    endloop
  endfacet
  facet normal 0.00110722 -0.00246049 0.999996
    outer loop
      vertex -38.1104 -7.41518 11.7527
      vertex -38 -8.46284 11.75
      vertex -38.1098 -7.41491 11.7527
    endloop
  endfacet
  facet normal 0.0244492 0 0.999701
    outer loop
      vertex -38 -8.46284 11.75
      vertex -38.1104 -7.41518 11.7527
      vertex -38.1104 -8.51203 11.7527
    endloop
  endfacet
  facet normal -0.0733712 0 0.997305
    outer loop
      vertex -37.8896 -7.31731 11.7527
      vertex -37.7795 -8.36608 11.7608
      vertex -37.7795 -7.26924 11.7608
    endloop
  endfacet
  facet normal -0.0733712 0 0.997305
    outer loop
      vertex -37.7795 -8.36608 11.7608
      vertex -37.8896 -7.31731 11.7527
      vertex -37.8896 -8.41415 11.7527
    endloop
  endfacet
  facet normal -0.844778 0 -0.535117
    outer loop
      vertex -36.0701 -7.99409 15.1567
      vertex -36.1292 -6.94828 15.25
      vertex -36.0701 -6.91278 15.1567
    endloop
  endfacet
  facet normal -0.844778 -0 -0.535117
    outer loop
      vertex -36.1292 -6.94828 15.25
      vertex -36.0701 -7.99409 15.1567
      vertex -36.1292 -8.03323 15.25
    endloop
  endfacet
  facet normal -0.0244492 0 0.999701
    outer loop
      vertex -38 -7.366 11.75
      vertex -37.8896 -8.41415 11.7527
      vertex -37.8896 -7.31731 11.7527
    endloop
  endfacet
  facet normal -0.0244492 0 0.999701
    outer loop
      vertex -37.8896 -8.41415 11.7527
      vertex -38 -7.366 11.75
      vertex -38 -8.46284 11.75
    endloop
  endfacet
  facet normal 0.844778 0 0.535117
    outer loop
      vertex -39.9299 -8.3224 12.8433
      vertex -39.8708 -9.3843 12.75
      vertex -39.8708 -8.28759 12.75
    endloop
  endfacet
  facet normal 0.844778 0 0.535117
    outer loop
      vertex -39.8708 -9.3843 12.75
      vertex -39.9299 -8.3224 12.8433
      vertex -39.9299 -9.41909 12.8433
    endloop
  endfacet
  facet normal -0.267177 -0 -0.963648
    outer loop
      vertex -37.4533 -7.64788 16.1826
      vertex -37.3469 -8.69838 16.1531
      vertex -37.4533 -8.74965 16.1826
    endloop
  endfacet
  facet normal -0.267177 0 -0.963648
    outer loop
      vertex -37.3469 -8.69838 16.1531
      vertex -37.4533 -7.64788 16.1826
      vertex -37.3469 -7.5966 16.1531
    endloop
  endfacet
  facet normal 0.535117 0 -0.844778
    outer loop
      vertex -39.25 -8.40096 15.8708
      vertex -39.1567 -9.46965 15.9299
      vertex -39.25 -9.5028 15.8708
    endloop
  endfacet
  facet normal 0.535117 0 -0.844778
    outer loop
      vertex -39.1567 -9.46965 15.9299
      vertex -39.25 -8.40096 15.8708
      vertex -39.1567 -8.36782 15.9299
    endloop
  endfacet
  facet normal -0.57583 -0 -0.81757
    outer loop
      vertex -36.75 -7.29276 15.8708
      vertex -36.6597 -8.34574 15.8072
      vertex -36.75 -8.3946 15.8708
    endloop
  endfacet
  facet normal -0.57583 0 -0.81757
    outer loop
      vertex -36.6597 -8.34574 15.8072
      vertex -36.75 -7.29276 15.8708
      vertex -36.6597 -7.24389 15.8072
    endloop
  endfacet
  facet normal -0.724547 0 0.689225
    outer loop
      vertex -36.409 -6.72924 12.409
      vertex -36.3329 -7.79198 12.489
      vertex -36.3329 -6.7071 12.489
    endloop
  endfacet
  facet normal -0.724547 0 0.689225
    outer loop
      vertex -36.3329 -7.79198 12.489
      vertex -36.409 -6.72924 12.409
      vertex -36.409 -7.81836 12.409
    endloop
  endfacet
  facet normal 0.844778 0 -0.535117
    outer loop
      vertex -39.8708 -9.69178 15.25
      vertex -39.9299 -8.60303 15.1567
      vertex -39.8708 -8.58981 15.25
    endloop
  endfacet
  facet normal 0.844778 0 -0.535117
    outer loop
      vertex -39.9299 -8.60303 15.1567
      vertex -39.8708 -9.69178 15.25
      vertex -39.9299 -9.70501 15.1567
    endloop
  endfacet
  facet normal 0.492624 0 0.870242
    outer loop
      vertex -39.1567 -7.9083 12.0701
      vertex -39.0606 -8.95749 12.0157
      vertex -39.0606 -7.86068 12.0157
    endloop
  endfacet
  facet normal 0.492624 0 0.870242
    outer loop
      vertex -39.0606 -8.95749 12.0157
      vertex -39.1567 -7.9083 12.0701
      vertex -39.1567 -9.0051 12.0701
    endloop
  endfacet
  facet normal -0.57583 0 0.81757
    outer loop
      vertex -36.75 -6.84691 12.1292
      vertex -36.6597 -7.90954 12.1928
      vertex -36.6597 -6.81275 12.1928
    endloop
  endfacet
  facet normal -0.57583 0 0.81757
    outer loop
      vertex -36.6597 -7.90954 12.1928
      vertex -36.75 -6.84691 12.1292
      vertex -36.75 -7.9437 12.1292
    endloop
  endfacet
  facet normal 0.975673 0 -0.219232
    outer loop
      vertex -40.1826 -8.63021 14.5467
      vertex -40.2068 -9.72808 14.439
      vertex -40.2068 -8.62595 14.439
    endloop
  endfacet
  facet normal 0.975673 0 -0.219232
    outer loop
      vertex -40.2068 -9.72808 14.439
      vertex -40.1826 -8.63021 14.5467
      vertex -40.1826 -9.73232 14.5467
    endloop
  endfacet
  facet normal -0.756823 0 0.65362
    outer loop
      vertex -36.3329 -6.7071 12.489
      vertex -36.2607 -7.76771 12.5726
      vertex -36.2607 -6.68684 12.5726
    endloop
  endfacet
  facet normal -0.756823 0 0.65362
    outer loop
      vertex -36.2607 -7.76771 12.5726
      vertex -36.3329 -6.7071 12.489
      vertex -36.3329 -7.79198 12.489
    endloop
  endfacet
  facet normal -0.492624 -0 -0.870242
    outer loop
      vertex -36.9394 -7.3925 15.9843
      vertex -36.8433 -8.44416 15.9299
      vertex -36.9394 -8.49431 15.9843
    endloop
  endfacet
  facet normal -0.492624 0 -0.870242
    outer loop
      vertex -36.8433 -8.44416 15.9299
      vertex -36.9394 -7.3925 15.9843
      vertex -36.8433 -7.34233 15.9299
    endloop
  endfacet
  facet normal 0.870242 0 0.492624
    outer loop
      vertex -39.9843 -8.3554 12.9394
      vertex -39.9299 -9.41909 12.8433
      vertex -39.9299 -8.3224 12.8433
    endloop
  endfacet
  facet normal 0.870242 0 0.492624
    outer loop
      vertex -39.9299 -9.41909 12.8433
      vertex -39.9843 -8.3554 12.9394
      vertex -39.9843 -9.45208 12.9394
    endloop
  endfacet
  facet normal -0.97552 0 -0.219909
    outer loop
      vertex -35.7932 -7.78812 14.439
      vertex -35.8143 -6.72905 14.5326
      vertex -35.7932 -6.70817 14.439
    endloop
  endfacet
  facet normal -0.976651 -0.000471431 -0.21483
    outer loop
      vertex -35.7932 -7.78812 14.439
      vertex -35.8174 -6.73219 14.5467
      vertex -35.8143 -6.72905 14.5326
    endloop
  endfacet
  facet normal -0.975673 -0 -0.219232
    outer loop
      vertex -35.8174 -6.73219 14.5467
      vertex -35.7932 -7.78812 14.439
      vertex -35.8174 -7.81211 14.5467
    endloop
  endfacet
  facet normal -0.40471 0 0.914445
    outer loop
      vertex -37.139 -7.00014 11.9213
      vertex -37.038 -8.05633 11.966
      vertex -37.038 -6.95952 11.966
    endloop
  endfacet
  facet normal -0.40471 0 0.914445
    outer loop
      vertex -37.038 -8.05633 11.966
      vertex -37.139 -7.00014 11.9213
      vertex -37.139 -8.09696 11.9213
    endloop
  endfacet
  facet normal 0.788669 0 -0.614818
    outer loop
      vertex -39.7393 -9.6581 15.4274
      vertex -39.8072 -8.57418 15.3403
      vertex -39.7393 -8.55617 15.4274
    endloop
  endfacet
  facet normal 0.788669 0 -0.614818
    outer loop
      vertex -39.8072 -8.57418 15.3403
      vertex -39.7393 -9.6581 15.4274
      vertex -39.8072 -9.67613 15.3403
    endloop
  endfacet
  facet normal 0.963648 0 0.267177
    outer loop
      vertex -40.1826 -8.49073 13.4533
      vertex -40.1531 -9.56447 13.3469
      vertex -40.1531 -8.46784 13.3469
    endloop
  endfacet
  facet normal 0.963648 0 0.267177
    outer loop
      vertex -40.1531 -9.56447 13.3469
      vertex -40.1826 -8.49073 13.4533
      vertex -40.1826 -9.58734 13.4533
    endloop
  endfacet
  facet normal -0.892973 0 -0.450109
    outer loop
      vertex -35.966 -7.92593 14.962
      vertex -36.0157 -6.87869 15.0606
      vertex -35.966 -6.84609 14.962
    endloop
  endfacet
  facet normal -0.892973 -0 -0.450109
    outer loop
      vertex -36.0157 -6.87869 15.0606
      vertex -35.966 -7.92593 14.962
      vertex -36.0157 -7.95851 15.0606
    endloop
  endfacet
  facet normal -0.170119 -0 -0.985424
    outer loop
      vertex -37.6699 -7.74986 16.2256
      vertex -37.561 -8.80077 16.2068
      vertex -37.6699 -8.85162 16.2256
    endloop
  endfacet
  facet normal -0.170119 0 -0.985424
    outer loop
      vertex -37.561 -8.80077 16.2068
      vertex -37.6699 -7.74986 16.2256
      vertex -37.561 -7.699 16.2068
    endloop
  endfacet
  facet normal 0.360435 0 -0.932784
    outer loop
      vertex -38.861 -8.25745 16.0787
      vertex -38.758 -9.31909 16.1185
      vertex -38.861 -9.35924 16.0787
    endloop
  endfacet
  facet normal 0.360435 0 -0.932784
    outer loop
      vertex -38.758 -9.31909 16.1185
      vertex -38.861 -8.25745 16.0787
      vertex -38.758 -8.2173 16.1185
    endloop
  endfacet
  facet normal -0.123143 0 0.992389
    outer loop
      vertex -37.7795 -7.26924 11.7608
      vertex -37.6699 -8.31874 11.7744
      vertex -37.6699 -7.2219 11.7744
    endloop
  endfacet
  facet normal -0.123143 0 0.992389
    outer loop
      vertex -37.6699 -8.31874 11.7744
      vertex -37.7795 -7.26924 11.7608
      vertex -37.7795 -8.36608 11.7608
    endloop
  endfacet
  facet normal 0.999701 0 0.0244492
    outer loop
      vertex -40.25 -8.58407 14
      vertex -40.2473 -9.66977 13.8896
      vertex -40.2473 -8.56752 13.8896
    endloop
  endfacet
  facet normal 0.999701 0 0.0244492
    outer loop
      vertex -40.2473 -9.66977 13.8896
      vertex -40.25 -8.58407 14
      vertex -40.25 -9.6863 14
    endloop
  endfacet
  facet normal -0.40471 -0 -0.914445
    outer loop
      vertex -37.139 -7.4941 16.0787
      vertex -37.038 -8.54493 16.034
      vertex -37.139 -8.5959 16.0787
    endloop
  endfacet
  facet normal -0.40471 0 -0.914445
    outer loop
      vertex -37.038 -8.54493 16.034
      vertex -37.139 -7.4941 16.0787
      vertex -37.038 -7.44313 16.034
    endloop
  endfacet
  facet normal -0.999701 0 0.0244492
    outer loop
      vertex -35.7527 -7.69775 13.8896
      vertex -35.75 -6.63169 14
      vertex -35.7527 -6.61769 13.8896
    endloop
  endfacet
  facet normal -0.999701 0 0.0244492
    outer loop
      vertex -35.75 -6.63169 14
      vertex -35.7527 -7.69775 13.8896
      vertex -35.75 -7.71172 14
    endloop
  endfacet
  facet normal 0.914445 0 -0.40471
    outer loop
      vertex -40.034 -9.72411 14.962
      vertex -40.0787 -8.62788 14.861
      vertex -40.034 -8.62209 14.962
    endloop
  endfacet
  facet normal 0.914445 0 -0.40471
    outer loop
      vertex -40.0787 -8.62788 14.861
      vertex -40.034 -9.72411 14.962
      vertex -40.0787 -9.72993 14.861
    endloop
  endfacet
  facet normal -0.0244492 -0 -0.999701
    outer loop
      vertex -38 -7.89959 16.25
      vertex -37.8896 -8.95203 16.2473
      vertex -38 -9.00135 16.25
    endloop
  endfacet
  facet normal -0.0244492 0 -0.999701
    outer loop
      vertex -37.8896 -8.95203 16.2473
      vertex -38 -7.89959 16.25
      vertex -37.8896 -7.85028 16.2473
    endloop
  endfacet
  facet normal -0.985424 0 -0.170119
    outer loop
      vertex -35.7744 -7.76603 14.3301
      vertex -35.7932 -6.70817 14.439
      vertex -35.7744 -6.68606 14.3301
    endloop
  endfacet
  facet normal -0.985424 -0 -0.170119
    outer loop
      vertex -35.7932 -6.70817 14.439
      vertex -35.7744 -7.76603 14.3301
      vertex -35.7932 -7.78812 14.439
    endloop
  endfacet
  facet normal -0.123143 -0 -0.992389
    outer loop
      vertex -37.7795 -7.80033 16.2392
      vertex -37.6699 -8.85162 16.2256
      vertex -37.7795 -8.90209 16.2392
    endloop
  endfacet
  facet normal -0.123143 0 -0.992389
    outer loop
      vertex -37.6699 -8.85162 16.2256
      vertex -37.7795 -7.80033 16.2392
      vertex -37.6699 -7.74986 16.2256
    endloop
  endfacet
  facet normal -0.653203 0 0.757183
    outer loop
      vertex -36.5458 -6.77068 12.2839
      vertex -36.489 -7.84679 12.3329
      vertex -36.489 -6.7532 12.3329
    endloop
  endfacet
  facet normal -0.654476 -0.000117296 0.756082
    outer loop
      vertex -36.5726 -6.78043 12.2607
      vertex -36.489 -7.84679 12.3329
      vertex -36.5458 -6.77068 12.2839
    endloop
  endfacet
  facet normal -0.65362 0 0.756823
    outer loop
      vertex -36.489 -7.84679 12.3329
      vertex -36.5726 -6.78043 12.2607
      vertex -36.5726 -7.87721 12.2607
    endloop
  endfacet
  facet normal 0.724547 0 0.689225
    outer loop
      vertex -39.6671 -8.17322 12.489
      vertex -39.591 -9.22883 12.409
      vertex -39.591 -8.13208 12.409
    endloop
  endfacet
  facet normal 0.724547 0 0.689225
    outer loop
      vertex -39.591 -9.22883 12.409
      vertex -39.6671 -8.17322 12.489
      vertex -39.6671 -9.26996 12.489
    endloop
  endfacet
  facet normal 0.997305 0 0.0733712
    outer loop
      vertex -40.2473 -8.56752 13.8896
      vertex -40.2392 -9.65088 13.7795
      vertex -40.2392 -8.5486 13.7795
    endloop
  endfacet
  facet normal 0.997305 0 0.0733712
    outer loop
      vertex -40.2392 -9.65088 13.7795
      vertex -40.2473 -8.56752 13.8896
      vertex -40.2473 -9.66977 13.8896
    endloop
  endfacet
  facet normal 0.614818 0 0.788669
    outer loop
      vertex -39.4274 -8.04587 12.2607
      vertex -39.3403 -9.09779 12.1928
      vertex -39.3403 -8.001 12.1928
    endloop
  endfacet
  facet normal 0.614818 0 0.788669
    outer loop
      vertex -39.3403 -9.09779 12.1928
      vertex -39.4274 -8.04587 12.2607
      vertex -39.4274 -9.14264 12.2607
    endloop
  endfacet
  facet normal 0.999701 0 -0.0244492
    outer loop
      vertex -40.2473 -8.59822 14.1104
      vertex -40.25 -9.6863 14
      vertex -40.25 -8.58407 14
    endloop
  endfacet
  facet normal 0.999701 0 -0.0244492
    outer loop
      vertex -40.25 -9.6863 14
      vertex -40.2473 -8.59822 14.1104
      vertex -40.2473 -9.70043 14.1104
    endloop
  endfacet
  facet normal -0.535117 -0 -0.844778
    outer loop
      vertex -36.8433 -7.34233 15.9299
      vertex -36.75 -8.3946 15.8708
      vertex -36.8433 -8.44416 15.9299
    endloop
  endfacet
  facet normal -0.535117 0 -0.844778
    outer loop
      vertex -36.75 -8.3946 15.8708
      vertex -36.8433 -7.34233 15.9299
      vertex -36.75 -7.29276 15.8708
    endloop
  endfacet
  facet normal -0.689225 -0 -0.724547
    outer loop
      vertex -36.489 -7.14876 15.6671
      vertex -36.409 -8.20461 15.591
      vertex -36.489 -8.25064 15.6671
    endloop
  endfacet
  facet normal -0.689225 0 -0.724547
    outer loop
      vertex -36.409 -8.20461 15.591
      vertex -36.489 -7.14876 15.6671
      vertex -36.409 -7.10271 15.591
    endloop
  endfacet
  facet normal 0.689225 0 0.724547
    outer loop
      vertex -39.591 -8.13208 12.409
      vertex -39.511 -9.18636 12.3329
      vertex -39.511 -8.08959 12.3329
    endloop
  endfacet
  facet normal 0.689225 0 0.724547
    outer loop
      vertex -39.511 -9.18636 12.3329
      vertex -39.591 -8.13208 12.409
      vertex -39.591 -9.22883 12.409
    endloop
  endfacet
  facet normal -0.949674 0 0.313239
    outer loop
      vertex -35.8815 -6.60113 13.242
      vertex -35.8469 -7.6718 13.3469
      vertex -35.8469 -6.59725 13.3469
    endloop
  endfacet
  facet normal -0.949674 0 0.313239
    outer loop
      vertex -35.8469 -7.6718 13.3469
      vertex -35.8815 -6.60113 13.242
      vertex -35.8815 -7.67569 13.242
    endloop
  endfacet
  facet normal 0.267177 0 0.963648
    outer loop
      vertex -38.6531 -7.66446 11.8469
      vertex -38.5467 -8.7114 11.8174
      vertex -38.5467 -7.61456 11.8174
    endloop
  endfacet
  facet normal 0.267177 0 0.963648
    outer loop
      vertex -38.5467 -8.7114 11.8174
      vertex -38.6531 -7.66446 11.8469
      vertex -38.6531 -8.76129 11.8469
    endloop
  endfacet
  facet normal -0.985416 0 0.170162
    outer loop
      vertex -35.7865 -7.67136 13.5998
      vertex -35.7932 -6.59593 13.561
      vertex -35.7932 -7.67045 13.561
    endloop
  endfacet
  facet normal -0.985424 -1.60006e-06 0.170119
    outer loop
      vertex -35.7932 -6.59593 13.561
      vertex -35.7865 -7.67136 13.5998
      vertex -35.7744 -6.5985 13.6699
    endloop
  endfacet
  facet normal -0.985428 0 0.170095
    outer loop
      vertex -35.7744 -6.5985 13.6699
      vertex -35.7865 -7.67136 13.5998
      vertex -35.7744 -7.6762 13.6699
    endloop
  endfacet
  facet normal 0.65362 0 0.756823
    outer loop
      vertex -39.511 -8.08959 12.3329
      vertex -39.4274 -9.14264 12.2607
      vertex -39.4274 -8.04587 12.2607
    endloop
  endfacet
  facet normal 0.65362 0 0.756823
    outer loop
      vertex -39.4274 -9.14264 12.2607
      vertex -39.511 -8.08959 12.3329
      vertex -39.511 -9.18636 12.3329
    endloop
  endfacet
  facet normal 0.932784 0 -0.360435
    outer loop
      vertex -40.0787 -9.72993 14.861
      vertex -40.1185 -8.63118 14.758
      vertex -40.0787 -8.62788 14.861
    endloop
  endfacet
  facet normal 0.932784 0 -0.360435
    outer loop
      vertex -40.1185 -8.63118 14.758
      vertex -40.0787 -9.72993 14.861
      vertex -40.1185 -9.73324 14.758
    endloop
  endfacet
  facet normal 0.614818 0 -0.788669
    outer loop
      vertex -39.4274 -8.46129 15.7393
      vertex -39.3403 -9.53399 15.8072
      vertex -39.4274 -9.56315 15.7393
    endloop
  endfacet
  facet normal 0.614818 0 -0.788669
    outer loop
      vertex -39.3403 -9.53399 15.8072
      vertex -39.4274 -8.46129 15.7393
      vertex -39.3403 -8.43214 15.8072
    endloop
  endfacet
  facet normal 0.932784 0 0.360435
    outer loop
      vertex -40.1185 -8.44281 13.242
      vertex -40.0787 -9.51233 13.139
      vertex -40.0787 -8.41568 13.139
    endloop
  endfacet
  facet normal 0.932784 0 0.360435
    outer loop
      vertex -40.0787 -9.51233 13.139
      vertex -40.1185 -8.44281 13.242
      vertex -40.1185 -9.53945 13.242
    endloop
  endfacet
  facet normal -0.492624 0 0.870242
    outer loop
      vertex -36.9394 -6.92038 12.0157
      vertex -36.8433 -7.97961 12.0701
      vertex -36.8433 -6.88281 12.0701
    endloop
  endfacet
  facet normal -0.492624 0 0.870242
    outer loop
      vertex -36.8433 -7.97961 12.0701
      vertex -36.9394 -6.92038 12.0157
      vertex -36.9394 -8.01718 12.0157
    endloop
  endfacet
  facet normal -0.614818 0 0.788669
    outer loop
      vertex -36.6597 -6.81275 12.1928
      vertex -36.5726 -7.87721 12.2607
      vertex -36.5726 -6.78043 12.2607
    endloop
  endfacet
  facet normal -0.614818 0 0.788669
    outer loop
      vertex -36.5726 -7.87721 12.2607
      vertex -36.6597 -6.81275 12.1928
      vertex -36.6597 -7.90954 12.1928
    endloop
  endfacet
  facet normal 0.123143 0 -0.992389
    outer loop
      vertex -38.3301 -8.04255 16.2256
      vertex -38.2205 -9.0976 16.2392
      vertex -38.3301 -9.14431 16.2256
    endloop
  endfacet
  facet normal 0.123143 0 -0.992389
    outer loop
      vertex -38.2205 -9.0976 16.2392
      vertex -38.3301 -8.04255 16.2256
      vertex -38.2205 -7.99584 16.2392
    endloop
  endfacet
  facet normal 0.57583 0 0.81757
    outer loop
      vertex -39.3403 -8.001 12.1928
      vertex -39.25 -9.0519 12.1292
      vertex -39.25 -7.95511 12.1292
    endloop
  endfacet
  facet normal 0.57583 0 0.81757
    outer loop
      vertex -39.25 -9.0519 12.1292
      vertex -39.3403 -8.001 12.1928
      vertex -39.3403 -9.09779 12.1928
    endloop
  endfacet
  facet normal -0.788669 0 0.614818
    outer loop
      vertex -36.2607 -6.68684 12.5726
      vertex -36.1928 -7.74562 12.6597
      vertex -36.1928 -6.66851 12.6597
    endloop
  endfacet
  facet normal -0.788669 0 0.614818
    outer loop
      vertex -36.1928 -7.74562 12.6597
      vertex -36.2607 -6.68684 12.5726
      vertex -36.2607 -7.76771 12.5726
    endloop
  endfacet
  facet normal 0.450109 0 -0.892973
    outer loop
      vertex -39.0606 -8.3328 15.9843
      vertex -38.962 -9.39778 16.034
      vertex -39.0606 -9.43461 15.9843
    endloop
  endfacet
  facet normal 0.450109 0 -0.892973
    outer loop
      vertex -38.962 -9.39778 16.034
      vertex -39.0606 -8.3328 15.9843
      vertex -38.962 -8.29598 16.034
    endloop
  endfacet
  facet normal 0.40471 0 0.914445
    outer loop
      vertex -38.962 -7.81237 11.966
      vertex -38.861 -8.8603 11.9213
      vertex -38.861 -7.76348 11.9213
    endloop
  endfacet
  facet normal 0.40471 0 0.914445
    outer loop
      vertex -38.861 -8.8603 11.9213
      vertex -38.962 -7.81237 11.966
      vertex -38.962 -8.90918 11.966
    endloop
  endfacet
  facet normal 0.0251834 7.70053e-05 -0.999683
    outer loop
      vertex -38.1104 -7.94815 16.2473
      vertex -38 -9.00135 16.25
      vertex -38.0555 -9.02574 16.2486
    endloop
  endfacet
  facet normal 0.0236728 0 -0.99972
    outer loop
      vertex -38.1104 -7.94815 16.2473
      vertex -38.0555 -9.02574 16.2486
      vertex -38.1104 -9.04991 16.2473
    endloop
  endfacet
  facet normal 0.0244492 0 -0.999701
    outer loop
      vertex -38 -9.00135 16.25
      vertex -38.1104 -7.94815 16.2473
      vertex -38 -7.89959 16.25
    endloop
  endfacet
  facet normal 0.756823 0 0.65362
    outer loop
      vertex -39.7393 -8.21291 12.5726
      vertex -39.6671 -9.26996 12.489
      vertex -39.6671 -8.17322 12.489
    endloop
  endfacet
  facet normal 0.756823 0 0.65362
    outer loop
      vertex -39.6671 -9.26996 12.489
      vertex -39.7393 -8.21291 12.5726
      vertex -39.7393 -9.30965 12.5726
    endloop
  endfacet
  facet normal 0.123143 0 0.992389
    outer loop
      vertex -38.3301 -7.51459 11.7744
      vertex -38.2205 -8.5616 11.7608
      vertex -38.2205 -7.46475 11.7608
    endloop
  endfacet
  facet normal 0.123143 0 0.992389
    outer loop
      vertex -38.2205 -8.5616 11.7608
      vertex -38.3301 -7.51459 11.7744
      vertex -38.3301 -8.61143 11.7744
    endloop
  endfacet
  facet normal 0.99241 1.75984e-05 0.122972
    outer loop
      vertex -40.2256 -9.62966 13.6699
      vertex -40.2321 -8.53752 13.7222
      vertex -40.2392 -8.5486 13.7795
    endloop
  endfacet
  facet normal 0.992365 0 0.123334
    outer loop
      vertex -40.2321 -8.53752 13.7222
      vertex -40.2256 -9.62966 13.6699
      vertex -40.2256 -8.52982 13.6699
    endloop
  endfacet
  facet normal 0.992389 0 0.123143
    outer loop
      vertex -40.2256 -9.62966 13.6699
      vertex -40.2392 -8.5486 13.7795
      vertex -40.2392 -9.65088 13.7795
    endloop
  endfacet
  facet normal 0.492624 0 -0.870242
    outer loop
      vertex -39.1567 -8.36782 15.9299
      vertex -39.0606 -9.43461 15.9843
      vertex -39.1567 -9.46965 15.9299
    endloop
  endfacet
  facet normal 0.492624 0 -0.870242
    outer loop
      vertex -39.0606 -9.43461 15.9843
      vertex -39.1567 -8.36782 15.9299
      vertex -39.0606 -8.3328 15.9843
    endloop
  endfacet
  facet normal -0.975673 0 0.219232
    outer loop
      vertex -35.8174 -7.67005 13.4533
      vertex -35.7932 -6.59593 13.561
      vertex -35.8174 -6.59552 13.4533
    endloop
  endfacet
  facet normal -0.975673 0 0.219232
    outer loop
      vertex -35.7932 -6.59593 13.561
      vertex -35.8174 -7.67005 13.4533
      vertex -35.7932 -7.67045 13.561
    endloop
  endfacet
  facet normal 0.313239 0 0.949674
    outer loop
      vertex -38.758 -7.71414 11.8815
      vertex -38.6531 -8.76129 11.8469
      vertex -38.6531 -7.66446 11.8469
    endloop
  endfacet
  facet normal 0.313239 0 0.949674
    outer loop
      vertex -38.6531 -8.76129 11.8469
      vertex -38.758 -7.71414 11.8815
      vertex -38.758 -8.81097 11.8815
    endloop
  endfacet
  facet normal 0.0733712 0 0.997305
    outer loop
      vertex -38.2205 -7.46475 11.7608
      vertex -38.1104 -8.51203 11.7527
      vertex -38.1104 -7.41518 11.7527
    endloop
  endfacet
  facet normal 0.0733712 0 0.997305
    outer loop
      vertex -38.1104 -8.51203 11.7527
      vertex -38.2205 -7.46475 11.7608
      vertex -38.2205 -8.5616 11.7608
    endloop
  endfacet
  facet normal 0.975673 0 0.219232
    outer loop
      vertex -40.2068 -8.5114 13.561
      vertex -40.1826 -9.58734 13.4533
      vertex -40.1826 -8.49073 13.4533
    endloop
  endfacet
  facet normal 0.975673 0 0.219232
    outer loop
      vertex -40.1826 -9.58734 13.4533
      vertex -40.2068 -8.5114 13.561
      vertex -40.2068 -9.608 13.561
    endloop
  endfacet
  facet normal -0.870242 0 0.492624
    outer loop
      vertex -36.0701 -6.6378 12.8433
      vertex -36.0157 -7.7001 12.9394
      vertex -36.0157 -6.6255 12.9394
    endloop
  endfacet
  facet normal -0.870242 0 0.492624
    outer loop
      vertex -36.0157 -7.7001 12.9394
      vertex -36.0701 -6.6378 12.8433
      vertex -36.0701 -7.71242 12.8433
    endloop
  endfacet
  facet normal -0.891163 0 0.453683
    outer loop
      vertex -35.9688 -6.61583 13.0325
      vertex -35.966 -7.68986 13.038
      vertex -35.966 -6.61527 13.038
    endloop
  endfacet
  facet normal -0.893079 -2.437e-05 0.4499
    outer loop
      vertex -36.0157 -6.6255 12.9394
      vertex -35.966 -7.68986 13.038
      vertex -35.9688 -6.61583 13.0325
    endloop
  endfacet
  facet normal -0.892973 0 0.450109
    outer loop
      vertex -35.966 -7.68986 13.038
      vertex -36.0157 -6.6255 12.9394
      vertex -36.0157 -7.7001 12.9394
    endloop
  endfacet
  facet normal -0.267177 0 0.963648
    outer loop
      vertex -37.4533 -7.12988 11.8174
      vertex -37.3469 -8.18226 11.8469
      vertex -37.3469 -7.08542 11.8469
    endloop
  endfacet
  facet normal -0.267177 0 0.963648
    outer loop
      vertex -37.3469 -8.18226 11.8469
      vertex -37.4533 -7.12988 11.8174
      vertex -37.4533 -8.22672 11.8174
    endloop
  endfacet
  facet normal 0.985424 0 0.170119
    outer loop
      vertex -40.2256 -8.52982 13.6699
      vertex -40.2068 -9.608 13.561
      vertex -40.2068 -8.5114 13.561
    endloop
  endfacet
  facet normal 0.985416 -4.40056e-06 0.170161
    outer loop
      vertex -40.2256 -8.52982 13.6699
      vertex -40.2135 -9.61455 13.5998
      vertex -40.2068 -9.608 13.561
    endloop
  endfacet
  facet normal 0.985428 0 0.170095
    outer loop
      vertex -40.2135 -9.61455 13.5998
      vertex -40.2256 -8.52982 13.6699
      vertex -40.2256 -9.62966 13.6699
    endloop
  endfacet
  facet normal 0.724547 0 -0.689225
    outer loop
      vertex -39.591 -9.61508 15.591
      vertex -39.6671 -8.53582 15.511
      vertex -39.591 -8.51319 15.591
    endloop
  endfacet
  facet normal 0.724547 0 -0.689225
    outer loop
      vertex -39.6671 -8.53582 15.511
      vertex -39.591 -9.61508 15.591
      vertex -39.6671 -9.63773 15.511
    endloop
  endfacet
  facet normal 0.81757 0 -0.57583
    outer loop
      vertex -39.8072 -9.67613 15.3403
      vertex -39.8708 -8.58981 15.25
      vertex -39.8072 -8.57418 15.3403
    endloop
  endfacet
  facet normal 0.81757 0 -0.57583
    outer loop
      vertex -39.8708 -8.58981 15.25
      vertex -39.8072 -9.67613 15.3403
      vertex -39.8708 -9.69178 15.25
    endloop
  endfacet
  facet normal 0.892973 0 0.450109
    outer loop
      vertex -40.034 -8.38652 13.038
      vertex -39.9843 -9.45208 12.9394
      vertex -39.9843 -8.3554 12.9394
    endloop
  endfacet
  facet normal 0.892973 0 0.450109
    outer loop
      vertex -39.9843 -9.45208 12.9394
      vertex -40.034 -8.38652 13.038
      vertex -40.034 -9.48318 13.038
    endloop
  endfacet
  facet normal -0.844778 0 0.535117
    outer loop
      vertex -36.1292 -6.65215 12.75
      vertex -36.0701 -7.71242 12.8433
      vertex -36.0701 -6.6378 12.8433
    endloop
  endfacet
  facet normal -0.844778 0 0.535117
    outer loop
      vertex -36.0701 -7.71242 12.8433
      vertex -36.1292 -6.65215 12.75
      vertex -36.1292 -7.72678 12.75
    endloop
  endfacet
  facet normal -0.313239 -0 -0.949674
    outer loop
      vertex -37.3469 -7.5966 16.1531
      vertex -37.242 -8.64709 16.1185
      vertex -37.3469 -8.69838 16.1531
    endloop
  endfacet
  facet normal -0.313239 0 -0.949674
    outer loop
      vertex -37.242 -8.64709 16.1185
      vertex -37.3469 -7.5966 16.1531
      vertex -37.242 -7.5453 16.1185
    endloop
  endfacet
  facet normal 0.219232 0 -0.975673
    outer loop
      vertex -38.5467 -8.13255 16.1826
      vertex -38.439 -9.18992 16.2068
      vertex -38.5467 -9.23432 16.1826
    endloop
  endfacet
  facet normal 0.219232 0 -0.975673
    outer loop
      vertex -38.439 -9.18992 16.2068
      vertex -38.5467 -8.13255 16.1826
      vertex -38.439 -8.08815 16.2068
    endloop
  endfacet
  facet normal 0.985424 0 -0.170119
    outer loop
      vertex -40.2068 -8.62595 14.439
      vertex -40.2256 -9.72134 14.3301
      vertex -40.2256 -8.61919 14.3301
    endloop
  endfacet
  facet normal 0.985424 0 -0.170119
    outer loop
      vertex -40.2256 -9.72134 14.3301
      vertex -40.2068 -8.62595 14.439
      vertex -40.2068 -9.72808 14.439
    endloop
  endfacet
  facet normal -0.914445 0 0.40471
    outer loop
      vertex -35.966 -6.61527 13.038
      vertex -35.9213 -7.68171 13.139
      vertex -35.9213 -6.60714 13.139
    endloop
  endfacet
  facet normal -0.914445 0 0.40471
    outer loop
      vertex -35.9213 -7.68171 13.139
      vertex -35.966 -6.61527 13.038
      vertex -35.966 -7.68986 13.038
    endloop
  endfacet
  facet normal -0.932784 0 0.360435
    outer loop
      vertex -35.9213 -6.60714 13.139
      vertex -35.8815 -7.67569 13.242
      vertex -35.8815 -6.60113 13.242
    endloop
  endfacet
  facet normal -0.932784 0 0.360435
    outer loop
      vertex -35.8815 -7.67569 13.242
      vertex -35.9213 -6.60714 13.139
      vertex -35.9213 -7.68171 13.139
    endloop
  endfacet
  facet normal -0.81757 0 0.57583
    outer loop
      vertex -36.1928 -6.66851 12.6597
      vertex -36.1292 -7.72678 12.75
      vertex -36.1292 -6.65215 12.75
    endloop
  endfacet
  facet normal -0.817484 1.55602e-05 0.575952
    outer loop
      vertex -36.1928 -6.66851 12.6597
      vertex -36.1478 -7.73156 12.7236
      vertex -36.1292 -7.72678 12.75
    endloop
  endfacet
  facet normal -0.817606 0 0.575779
    outer loop
      vertex -36.1478 -7.73156 12.7236
      vertex -36.1928 -6.66851 12.6597
      vertex -36.1928 -7.74562 12.6597
    endloop
  endfacet
  facet normal 0.267177 0 -0.963648
    outer loop
      vertex -38.6531 -8.17564 16.1531
      vertex -38.5467 -9.23432 16.1826
      vertex -38.6531 -9.27741 16.1531
    endloop
  endfacet
  facet normal 0.267177 0 -0.963648
    outer loop
      vertex -38.5467 -9.23432 16.1826
      vertex -38.6531 -8.17564 16.1531
      vertex -38.5467 -8.13255 16.1826
    endloop
  endfacet
  facet normal -0.219232 -0 -0.975673
    outer loop
      vertex -37.561 -7.699 16.2068
      vertex -37.4533 -8.74965 16.1826
      vertex -37.561 -8.80077 16.2068
    endloop
  endfacet
  facet normal -0.219232 0 -0.975673
    outer loop
      vertex -37.4533 -8.74965 16.1826
      vertex -37.561 -7.699 16.2068
      vertex -37.4533 -7.64788 16.1826
    endloop
  endfacet
  facet normal -0.788669 0 -0.614818
    outer loop
      vertex -36.1928 -8.07396 15.3403
      vertex -36.2607 -7.02319 15.4274
      vertex -36.1928 -6.98511 15.3403
    endloop
  endfacet
  facet normal -0.788669 -0 -0.614818
    outer loop
      vertex -36.2607 -7.02319 15.4274
      vertex -36.1928 -8.07396 15.3403
      vertex -36.2607 -8.11616 15.4274
    endloop
  endfacet
  facet normal 0.450109 0 0.892973
    outer loop
      vertex -39.0606 -7.86068 12.0157
      vertex -38.962 -8.90918 11.966
      vertex -38.962 -7.81237 11.966
    endloop
  endfacet
  facet normal 0.450109 0 0.892973
    outer loop
      vertex -38.962 -8.90918 11.966
      vertex -39.0606 -7.86068 12.0157
      vertex -39.0606 -8.95749 12.0157
    endloop
  endfacet
  facet normal 0.892973 0 -0.450109
    outer loop
      vertex -39.9843 -9.7158 15.0606
      vertex -40.034 -8.62209 14.962
      vertex -39.9843 -8.61379 15.0606
    endloop
  endfacet
  facet normal 0.892973 0 -0.450109
    outer loop
      vertex -40.034 -8.62209 14.962
      vertex -39.9843 -9.7158 15.0606
      vertex -40.034 -9.72411 14.962
    endloop
  endfacet
  facet normal 0.360435 0 0.932784
    outer loop
      vertex -38.861 -7.76348 11.9213
      vertex -38.758 -8.81097 11.8815
      vertex -38.758 -7.71414 11.8815
    endloop
  endfacet
  facet normal 0.360435 0 0.932784
    outer loop
      vertex -38.758 -8.81097 11.8815
      vertex -38.861 -7.76348 11.9213
      vertex -38.861 -8.8603 11.9213
    endloop
  endfacet
  facet normal -0.219232 0 0.975673
    outer loop
      vertex -37.561 -7.17541 11.7932
      vertex -37.4533 -8.22672 11.8174
      vertex -37.4533 -7.12988 11.8174
    endloop
  endfacet
  facet normal -0.219232 0 0.975673
    outer loop
      vertex -37.4533 -8.22672 11.8174
      vertex -37.561 -7.17541 11.7932
      vertex -37.561 -8.27225 11.7932
    endloop
  endfacet
  facet normal 0.963648 0 -0.267177
    outer loop
      vertex -40.1531 -8.63195 14.6531
      vertex -40.1826 -9.73232 14.5467
      vertex -40.1826 -8.63021 14.5467
    endloop
  endfacet
  facet normal 0.963648 0 -0.267177
    outer loop
      vertex -40.1826 -9.73232 14.5467
      vertex -40.1531 -8.63195 14.6531
      vertex -40.1531 -9.73404 14.6531
    endloop
  endfacet
  facet normal -0.170119 0 0.985424
    outer loop
      vertex -37.6699 -7.2219 11.7744
      vertex -37.561 -8.27225 11.7932
      vertex -37.561 -7.17541 11.7932
    endloop
  endfacet
  facet normal -0.168946 0.00012526 0.985625
    outer loop
      vertex -37.561 -8.27225 11.7932
      vertex -37.6699 -7.2219 11.7744
      vertex -37.6001 -8.28892 11.7865
    endloop
  endfacet
  facet normal -0.170805 0 0.985305
    outer loop
      vertex -37.6001 -8.28892 11.7865
      vertex -37.6699 -7.2219 11.7744
      vertex -37.6699 -8.31874 11.7744
    endloop
  endfacet
  facet normal 0.219232 0 0.975673
    outer loop
      vertex -38.5467 -7.61456 11.8174
      vertex -38.439 -8.6614 11.7932
      vertex -38.439 -7.56456 11.7932
    endloop
  endfacet
  facet normal 0.219232 0 0.975673
    outer loop
      vertex -38.439 -8.6614 11.7932
      vertex -38.5467 -7.61456 11.8174
      vertex -38.5467 -8.7114 11.8174
    endloop
  endfacet
  facet normal 0.914445 0 0.40471
    outer loop
      vertex -40.0787 -8.41568 13.139
      vertex -40.034 -9.48318 13.038
      vertex -40.034 -8.38652 13.038
    endloop
  endfacet
  facet normal 0.914445 0 0.40471
    outer loop
      vertex -40.034 -9.48318 13.038
      vertex -40.0787 -8.41568 13.139
      vertex -40.0787 -9.51233 13.139
    endloop
  endfacet
  facet normal 0.40471 0 -0.914445
    outer loop
      vertex -38.962 -8.29598 16.034
      vertex -38.861 -9.35924 16.0787
      vertex -38.962 -9.39778 16.034
    endloop
  endfacet
  facet normal 0.40471 0 -0.914445
    outer loop
      vertex -38.861 -9.35924 16.0787
      vertex -38.962 -8.29598 16.034
      vertex -38.861 -8.25745 16.0787
    endloop
  endfacet
  facet normal 0.870242 0 -0.492624
    outer loop
      vertex -39.9299 -9.70501 15.1567
      vertex -39.9843 -8.61379 15.0606
      vertex -39.9299 -8.60303 15.1567
    endloop
  endfacet
  facet normal 0.870242 0 -0.492624
    outer loop
      vertex -39.9843 -8.61379 15.0606
      vertex -39.9299 -9.70501 15.1567
      vertex -39.9843 -9.7158 15.0606
    endloop
  endfacet
  facet normal 0.788669 0 0.614818
    outer loop
      vertex -39.8072 -8.25107 12.6597
      vertex -39.7393 -9.30965 12.5726
      vertex -39.7393 -8.21291 12.5726
    endloop
  endfacet
  facet normal 0.788669 0 0.614818
    outer loop
      vertex -39.7393 -9.30965 12.5726
      vertex -39.8072 -8.25107 12.6597
      vertex -39.8072 -9.34779 12.6597
    endloop
  endfacet
  facet normal -0.997291 0 -0.0735514
    outer loop
      vertex 2.24729 -0.735194 14.1104
      vertex 2.23917 0.258949 14.2205
      vertex 2.24729 0.272755 14.1104
    endloop
  endfacet
  facet normal -0.997291 -0 -0.0735514
    outer loop
      vertex 2.23917 0.258949 14.2205
      vertex 2.24729 -0.735194 14.1104
      vertex 2.23917 -0.748978 14.2205
    endloop
  endfacet
  facet normal -0.999699 0 -0.0245397
    outer loop
      vertex 2.25 -0.721242 14
      vertex 2.24729 0.272755 14.1104
      vertex 2.25 0.286727 14
    endloop
  endfacet
  facet normal -0.999699 -0 -0.0245397
    outer loop
      vertex 2.24729 0.272755 14.1104
      vertex 2.25 -0.721242 14
      vertex 2.24729 -0.735194 14.1104
    endloop
  endfacet
  facet normal 0.575872 0 -0.81754
    outer loop
      vertex -1.34032 -0.928379 15.8072
      vertex -1.25003 0.0733761 15.8708
      vertex -1.25003 -0.934237 15.8708
    endloop
  endfacet
  facet normal 0.575872 0 -0.81754
    outer loop
      vertex -1.25003 0.0733761 15.8708
      vertex -1.34032 -0.928379 15.8072
      vertex -1.34032 0.0792459 15.8072
    endloop
  endfacet
  facet normal -0.78845 0 0.615099
    outer loop
      vertex 1.73927 -0.571291 12.5726
      vertex 1.80722 0.422634 12.6597
      vertex 1.73927 0.431653 12.5726
    endloop
  endfacet
  facet normal -0.78845 0 0.615099
    outer loop
      vertex 1.80722 0.422634 12.6597
      vertex 1.73927 -0.571291 12.5726
      vertex 1.80722 -0.580299 12.6597
    endloop
  endfacet
  facet normal -0.84486 0 -0.534987
    outer loop
      vertex 1.92989 -0.860258 15.1567
      vertex 1.87081 0.137077 15.25
      vertex 1.92989 0.147491 15.1567
    endloop
  endfacet
  facet normal -0.84486 -0 -0.534987
    outer loop
      vertex 1.87081 0.137077 15.25
      vertex 1.92989 -0.860258 15.1567
      vertex 1.87081 -0.870654 15.25
    endloop
  endfacet
  facet normal 0.0733473 0 0.997306
    outer loop
      vertex -0.220538 0.537478 11.7608
      vertex -0.110402 -0.462181 11.7527
      vertex -0.110402 0.540867 11.7527
    endloop
  endfacet
  facet normal 0.0733473 0 0.997306
    outer loop
      vertex -0.110402 -0.462181 11.7527
      vertex -0.220538 0.537478 11.7608
      vertex -0.220538 -0.46557 11.7608
    endloop
  endfacet
  facet normal 0.614994 0 -0.788532
    outer loop
      vertex -1.42738 -0.921889 15.7393
      vertex -1.34032 0.0792459 15.8072
      vertex -1.34032 -0.928379 15.8072
    endloop
  endfacet
  facet normal 0.614994 0 -0.788532
    outer loop
      vertex -1.34032 0.0792459 15.8072
      vertex -1.42738 -0.921889 15.7393
      vertex -1.42738 0.0857486 15.7393
    endloop
  endfacet
  facet normal -0.404837 -0 -0.914389
    outer loop
      vertex 0.861037 0.056485 16.0787
      vertex 0.961999 -0.947884 16.034
      vertex 0.861037 -0.951088 16.0787
    endloop
  endfacet
  facet normal -0.404837 0 -0.914389
    outer loop
      vertex 0.961999 -0.947884 16.034
      vertex 0.861037 0.056485 16.0787
      vertex 0.961999 0.0596976 16.034
    endloop
  endfacet
  facet normal -0.44996 0 0.893049
    outer loop
      vertex 0.961999 -0.50107 11.966
      vertex 1.06064 0.495337 12.0157
      vertex 0.961999 0.501951 11.966
    endloop
  endfacet
  facet normal -0.44996 0 0.893049
    outer loop
      vertex 1.06064 0.495337 12.0157
      vertex 0.961999 -0.50107 11.966
      vertex 1.06064 -0.507678 12.0157
    endloop
  endfacet
  facet normal 0.360326 0 0.932827
    outer loop
      vertex -0.861037 0.508208 11.9213
      vertex -0.758001 -0.488939 11.8815
      vertex -0.758001 0.514093 11.8815
    endloop
  endfacet
  facet normal 0.360326 0 0.932827
    outer loop
      vertex -0.758001 -0.488939 11.8815
      vertex -0.861037 0.508208 11.9213
      vertex -0.861037 -0.494819 11.9213
    endloop
  endfacet
  facet normal -0.997291 0 0.0735514
    outer loop
      vertex 2.23917 -0.692973 13.7795
      vertex 2.24729 0.300833 13.8896
      vertex 2.23917 0.315038 13.7795
    endloop
  endfacet
  facet normal -0.997291 0 0.0735514
    outer loop
      vertex 2.24729 0.300833 13.8896
      vertex 2.23917 -0.692973 13.7795
      vertex 2.24729 -0.707157 13.8896
    endloop
  endfacet
  facet normal -0.94954 0 -0.313647
    outer loop
      vertex 2.15312 -0.801795 14.6531
      vertex 2.11847 0.193566 14.758
      vertex 2.15312 0.20605 14.6531
    endloop
  endfacet
  facet normal -0.94954 -0 -0.313647
    outer loop
      vertex 2.11847 0.193566 14.758
      vertex 2.15312 -0.801795 14.6531
      vertex 2.11847 -0.814259 14.758
    endloop
  endfacet
  facet normal -0.0733473 0 -0.997306
    outer loop
      vertex 0.110402 -0.954064 16.2473
      vertex 0.220538 0.0518066 16.2392
      vertex 0.220538 -0.955736 16.2392
    endloop
  endfacet
  facet normal -0.0733473 0 -0.997306
    outer loop
      vertex 0.220538 0.0518066 16.2392
      vertex 0.110402 -0.954064 16.2473
      vertex 0.110402 0.0534771 16.2473
    endloop
  endfacet
  facet normal -0.0733473 0 0.997306
    outer loop
      vertex 0.110402 -0.462181 11.7527
      vertex 0.220538 0.537478 11.7608
      vertex 0.110402 0.540867 11.7527
    endloop
  endfacet
  facet normal -0.0733473 0 0.997306
    outer loop
      vertex 0.220538 0.537478 11.7608
      vertex 0.110402 -0.462181 11.7527
      vertex 0.220538 -0.46557 11.7608
    endloop
  endfacet
  facet normal -0.893119 0 0.44982
    outer loop
      vertex 1.98432 -0.608226 12.9394
      vertex 2.03398 0.385124 13.038
      vertex 1.98432 0.394672 12.9394
    endloop
  endfacet
  facet normal -0.893119 0 0.44982
    outer loop
      vertex 2.03398 0.385124 13.038
      vertex 1.98432 -0.608226 12.9394
      vertex 2.03398 -0.617761 13.038
    endloop
  endfacet
  facet normal -0.313344 0 0.94964
    outer loop
      vertex 0.65314 -0.483444 11.8469
      vertex 0.758001 0.514093 11.8815
      vertex 0.65314 0.519592 11.8469
    endloop
  endfacet
  facet normal -0.313344 0 0.94964
    outer loop
      vertex 0.758001 0.514093 11.8815
      vertex 0.65314 -0.483444 11.8469
      vertex 0.758001 -0.488939 11.8815
    endloop
  endfacet
  facet normal 0.932967 0 0.359962
    outer loop
      vertex -2.11847 0.365826 13.242
      vertex -2.07873 -0.627372 13.139
      vertex -2.07873 0.375501 13.139
    endloop
  endfacet
  facet normal 0.932967 0 0.359962
    outer loop
      vertex -2.07873 -0.627372 13.139
      vertex -2.11847 0.365826 13.242
      vertex -2.11847 -0.637034 13.242
    endloop
  endfacet
  facet normal -0.817612 0 -0.575769
    outer loop
      vertex 1.87081 -0.870654 15.25
      vertex 1.80722 0.127156 15.3403
      vertex 1.87081 0.137077 15.25
    endloop
  endfacet
  facet normal -0.817612 -0 -0.575769
    outer loop
      vertex 1.80722 0.127156 15.3403
      vertex 1.87081 -0.870654 15.25
      vertex 1.80722 -0.880558 15.3403
    endloop
  endfacet
  facet normal -0.870126 0 -0.49283
    outer loop
      vertex 1.98432 -0.849393 15.0606
      vertex 1.92989 0.147491 15.1567
      vertex 1.98432 0.158374 15.0606
    endloop
  endfacet
  facet normal -0.870126 -0 -0.49283
    outer loop
      vertex 1.92989 0.147491 15.1567
      vertex 1.98432 -0.849393 15.0606
      vertex 1.92989 -0.860258 15.1567
    endloop
  endfacet
  facet normal -0.653486 -0 -0.756939
    outer loop
      vertex 1.42738 0.0857486 15.7393
      vertex 1.51101 -0.914783 15.6671
      vertex 1.42738 -0.921889 15.7393
    endloop
  endfacet
  facet normal -0.653486 0 -0.756939
    outer loop
      vertex 1.51101 -0.914783 15.6671
      vertex 1.42738 0.0857486 15.7393
      vertex 1.51101 0.0928685 15.6671
    endloop
  endfacet
  facet normal -0.313344 -0 -0.94964
    outer loop
      vertex 0.65314 0.0521293 16.1531
      vertex 0.758001 -0.953605 16.1185
      vertex 0.65314 -0.95543 16.1531
    endloop
  endfacet
  facet normal -0.313344 0 -0.94964
    outer loop
      vertex 0.758001 -0.953605 16.1185
      vertex 0.65314 0.0521293 16.1531
      vertex 0.758001 0.0539602 16.1185
    endloop
  endfacet
  facet normal 0.975673 0 -0.219232
    outer loop
      vertex -2.18257 0.218861 14.5467
      vertex -2.20677 -0.775916 14.439
      vertex -2.20677 0.23197 14.439
    endloop
  endfacet
  facet normal 0.975673 0 -0.219232
    outer loop
      vertex -2.20677 -0.775916 14.439
      vertex -2.18257 0.218861 14.5467
      vertex -2.18257 -0.789004 14.5467
    endloop
  endfacet
  facet normal -0.219129 0 0.975696
    outer loop
      vertex 0.438952 -0.473663 11.7932
      vertex 0.546705 0.524692 11.8174
      vertex 0.438952 0.52938 11.7932
    endloop
  endfacet
  facet normal -0.219129 0 0.975696
    outer loop
      vertex 0.546705 0.524692 11.8174
      vertex 0.438952 -0.473663 11.7932
      vertex 0.546705 -0.478348 11.8174
    endloop
  endfacet
  facet normal -0.963764 0 0.266756
    outer loop
      vertex 2.15312 -0.646725 13.3469
      vertex 2.18257 0.346412 13.4533
      vertex 2.15312 0.356122 13.3469
    endloop
  endfacet
  facet normal -0.963764 0 0.266756
    outer loop
      vertex 2.18257 0.346412 13.4533
      vertex 2.15312 -0.646725 13.3469
      vertex 2.18257 -0.656421 13.4533
    endloop
  endfacet
  facet normal -0.992477 0 -0.12243
    outer loop
      vertex 2.23917 -0.748978 14.2205
      vertex 2.22565 0.245343 14.3301
      vertex 2.23917 0.258949 14.2205
    endloop
  endfacet
  facet normal -0.992477 -0 -0.12243
    outer loop
      vertex 2.22565 0.245343 14.3301
      vertex 2.23917 -0.748978 14.2205
      vertex 2.22565 -0.762564 14.3301
    endloop
  endfacet
  facet normal 0.992477 0 -0.12243
    outer loop
      vertex -2.22565 0.245343 14.3301
      vertex -2.23917 -0.748978 14.2205
      vertex -2.23917 0.258949 14.2205
    endloop
  endfacet
  facet normal 0.992477 0 -0.12243
    outer loop
      vertex -2.23917 -0.748978 14.2205
      vertex -2.22565 0.245343 14.3301
      vertex -2.22565 -0.762564 14.3301
    endloop
  endfacet
  facet normal -0.84486 0 0.534987
    outer loop
      vertex 1.87081 -0.589472 12.75
      vertex 1.92989 0.404122 12.8433
      vertex 1.87081 0.41345 12.75
    endloop
  endfacet
  facet normal -0.84486 0 0.534987
    outer loop
      vertex 1.92989 0.404122 12.8433
      vertex 1.87081 -0.589472 12.75
      vertex 1.92989 -0.598789 12.8433
    endloop
  endfacet
  facet normal -0.219129 0 -0.975696
    outer loop
      vertex 0.438952 -0.956984 16.2068
      vertex 0.546705 0.0509966 16.1826
      vertex 0.546705 -0.956557 16.1826
    endloop
  endfacet
  facet normal -0.219129 0 -0.975696
    outer loop
      vertex 0.546705 0.0509966 16.1826
      vertex 0.438952 -0.956984 16.2068
      vertex 0.438952 0.0505648 16.2068
    endloop
  endfacet
  facet normal -0.724321 0 0.689463
    outer loop
      vertex 1.59099 -0.553858 12.409
      vertex 1.66714 0.440485 12.489
      vertex 1.59099 0.449107 12.409
    endloop
  endfacet
  facet normal -0.724321 0 0.689463
    outer loop
      vertex 1.66714 0.440485 12.489
      vertex 1.59099 -0.553858 12.409
      vertex 1.66714 -0.562471 12.489
    endloop
  endfacet
  facet normal 0.724321 0 0.689463
    outer loop
      vertex -1.66714 0.440485 12.489
      vertex -1.59099 -0.553858 12.409
      vertex -1.59099 0.449107 12.409
    endloop
  endfacet
  facet normal 0.724321 0 0.689463
    outer loop
      vertex -1.59099 -0.553858 12.409
      vertex -1.66714 0.440485 12.489
      vertex -1.66714 -0.562471 12.489
    endloop
  endfacet
  facet normal 0.84486 0 -0.534987
    outer loop
      vertex -1.87081 0.137077 15.25
      vertex -1.92989 -0.860258 15.1567
      vertex -1.92989 0.147491 15.1567
    endloop
  endfacet
  facet normal 0.84486 0 -0.534987
    outer loop
      vertex -1.92989 -0.860258 15.1567
      vertex -1.87081 0.137077 15.25
      vertex -1.87081 -0.870654 15.25
    endloop
  endfacet
  facet normal -0.985302 0 0.170822
    outer loop
      vertex 2.20677 -0.6661 13.561
      vertex 2.22565 0.327069 13.6699
      vertex 2.20677 0.33672 13.561
    endloop
  endfacet
  facet normal -0.985288 -8.939e-06 0.170901
    outer loop
      vertex 2.2135 -0.669534 13.5998
      vertex 2.22565 0.327069 13.6699
      vertex 2.20677 -0.6661 13.561
    endloop
  endfacet
  facet normal -0.98531 0 0.170778
    outer loop
      vertex 2.22565 0.327069 13.6699
      vertex 2.2135 -0.669534 13.5998
      vertex 2.22565 -0.678725 13.6699
    endloop
  endfacet
  facet normal -0.44996 -0 -0.893049
    outer loop
      vertex 0.961999 0.0596976 16.034
      vertex 1.06064 -0.944001 15.9843
      vertex 0.961999 -0.947884 16.034
    endloop
  endfacet
  facet normal -0.44996 0 -0.893049
    outer loop
      vertex 1.06064 -0.944001 15.9843
      vertex 0.961999 0.0596976 16.034
      vertex 1.06064 0.0635901 15.9843
    endloop
  endfacet
  facet normal -0.893119 0 -0.44982
    outer loop
      vertex 2.03398 -0.838087 14.962
      vertex 1.98432 0.158374 15.0606
      vertex 2.03398 0.169699 14.962
    endloop
  endfacet
  facet normal -0.893119 -0 -0.44982
    outer loop
      vertex 1.98432 0.158374 15.0606
      vertex 2.03398 -0.838087 14.962
      vertex 1.98432 -0.849393 15.0606
    endloop
  endfacet
  facet normal 0.123138 0 0.99239
    outer loop
      vertex -0.330143 0.533646 11.7744
      vertex -0.220538 -0.46557 11.7608
      vertex -0.220538 0.537478 11.7608
    endloop
  endfacet
  facet normal 0.123138 0 0.99239
    outer loop
      vertex -0.220538 -0.46557 11.7608
      vertex -0.330143 0.533646 11.7744
      vertex -0.330143 -0.4694 11.7744
    endloop
  endfacet
  facet normal 0.219129 0 -0.975696
    outer loop
      vertex -0.546705 -0.956557 16.1826
      vertex -0.438952 0.0505648 16.2068
      vertex -0.438952 -0.956984 16.2068
    endloop
  endfacet
  facet normal 0.219129 0 -0.975696
    outer loop
      vertex -0.438952 0.0505648 16.2068
      vertex -0.546705 -0.956557 16.1826
      vertex -0.546705 0.0509966 16.1826
    endloop
  endfacet
  facet normal -0.985302 0 -0.170822
    outer loop
      vertex 2.22565 -0.762564 14.3301
      vertex 2.20677 0.23197 14.439
      vertex 2.22565 0.245343 14.3301
    endloop
  endfacet
  facet normal -0.985302 -0 -0.170822
    outer loop
      vertex 2.20677 0.23197 14.439
      vertex 2.22565 -0.762564 14.3301
      vertex 2.20677 -0.775916 14.439
    endloop
  endfacet
  facet normal 0.170257 0 0.9854
    outer loop
      vertex -0.438952 0.52938 11.7932
      vertex -0.330143 -0.4694 11.7744
      vertex -0.330143 0.533646 11.7744
    endloop
  endfacet
  facet normal 0.170257 0 0.9854
    outer loop
      vertex -0.330143 -0.4694 11.7744
      vertex -0.438952 0.52938 11.7932
      vertex -0.438952 -0.473663 11.7932
    endloop
  endfacet
  facet normal 0.985302 0 -0.170822
    outer loop
      vertex -2.20677 0.23197 14.439
      vertex -2.22565 -0.762564 14.3301
      vertex -2.22565 0.245343 14.3301
    endloop
  endfacet
  facet normal 0.985302 0 -0.170822
    outer loop
      vertex -2.22565 -0.762564 14.3301
      vertex -2.20677 0.23197 14.439
      vertex -2.20677 -0.775916 14.439
    endloop
  endfacet
  facet normal 0.992495 1.58087e-05 0.122288
    outer loop
      vertex -2.22565 -0.678725 13.6699
      vertex -2.23211 0.322488 13.7222
      vertex -2.23917 0.315038 13.7795
    endloop
  endfacet
  facet normal 0.992458 0 0.122587
    outer loop
      vertex -2.23211 0.322488 13.7222
      vertex -2.22565 -0.678725 13.6699
      vertex -2.22565 0.327069 13.6699
    endloop
  endfacet
  facet normal 0.992477 0 0.12243
    outer loop
      vertex -2.22565 -0.678725 13.6699
      vertex -2.23917 0.315038 13.7795
      vertex -2.23917 -0.692973 13.7795
    endloop
  endfacet
  facet normal 0.0244488 0 -0.999701
    outer loop
      vertex -0.110402 0.0534771 16.2473
      vertex 0 -0.951698 16.25
      vertex -0.110402 -0.954064 16.2473
    endloop
  endfacet
  facet normal 0.0244488 0 -0.999701
    outer loop
      vertex 0 -0.951698 16.25
      vertex -0.110402 0.0534771 16.2473
      vertex 0 0.0558427 16.25
    endloop
  endfacet
  facet normal -0.975673 0 0.219232
    outer loop
      vertex 2.18257 -0.656421 13.4533
      vertex 2.20677 0.33672 13.561
      vertex 2.18257 0.346412 13.4533
    endloop
  endfacet
  facet normal -0.975673 0 0.219232
    outer loop
      vertex 2.20677 0.33672 13.561
      vertex 2.18257 -0.656421 13.4533
      vertex 2.20677 -0.6661 13.561
    endloop
  endfacet
  facet normal 0.914278 0 0.405088
    outer loop
      vertex -2.07873 0.375501 13.139
      vertex -2.03398 -0.617761 13.038
      vertex -2.03398 0.385124 13.038
    endloop
  endfacet
  facet normal 0.914278 0 0.405088
    outer loop
      vertex -2.03398 -0.617761 13.038
      vertex -2.07873 0.375501 13.139
      vertex -2.07873 -0.627372 13.139
    endloop
  endfacet
  facet normal -0.267095 0 0.96367
    outer loop
      vertex 0.546705 -0.478348 11.8174
      vertex 0.65314 0.519592 11.8469
      vertex 0.546705 0.524692 11.8174
    endloop
  endfacet
  facet normal -0.267095 0 0.96367
    outer loop
      vertex 0.65314 0.519592 11.8469
      vertex 0.546705 -0.478348 11.8174
      vertex 0.65314 -0.483444 11.8469
    endloop
  endfacet
  facet normal -0.932967 0 -0.359962
    outer loop
      vertex 2.11847 -0.814259 14.758
      vertex 2.07873 0.181439 14.861
      vertex 2.11847 0.193566 14.758
    endloop
  endfacet
  facet normal -0.932967 -0 -0.359962
    outer loop
      vertex 2.07873 0.181439 14.861
      vertex 2.11847 -0.814259 14.758
      vertex 2.07873 -0.826366 14.861
    endloop
  endfacet
  facet normal 0.313344 0 0.94964
    outer loop
      vertex -0.758001 0.514093 11.8815
      vertex -0.65314 -0.483444 11.8469
      vertex -0.65314 0.519592 11.8469
    endloop
  endfacet
  facet normal 0.313344 0 0.94964
    outer loop
      vertex -0.65314 -0.483444 11.8469
      vertex -0.758001 0.514093 11.8815
      vertex -0.758001 -0.488939 11.8815
    endloop
  endfacet
  facet normal -0.0244488 0 0.999701
    outer loop
      vertex 0 -0.459242 11.75
      vertex 0.110402 0.540867 11.7527
      vertex 0 0.543806 11.75
    endloop
  endfacet
  facet normal -0.0244488 0 0.999701
    outer loop
      vertex 0.110402 0.540867 11.7527
      vertex 0 -0.459242 11.75
      vertex 0.110402 -0.462181 11.7527
    endloop
  endfacet
  facet normal 0.360326 0 -0.932827
    outer loop
      vertex -0.861037 -0.951088 16.0787
      vertex -0.758001 0.0539602 16.1185
      vertex -0.758001 -0.953605 16.1185
    endloop
  endfacet
  facet normal 0.360326 0 -0.932827
    outer loop
      vertex -0.758001 0.0539602 16.1185
      vertex -0.861037 -0.951088 16.0787
      vertex -0.861037 0.056485 16.0787
    endloop
  endfacet
  facet normal 0.170257 0 -0.9854
    outer loop
      vertex -0.438952 -0.956984 16.2068
      vertex -0.330143 0.050835 16.2256
      vertex -0.330143 -0.95671 16.2256
    endloop
  endfacet
  facet normal 0.170257 0 -0.9854
    outer loop
      vertex -0.330143 0.050835 16.2256
      vertex -0.438952 -0.956984 16.2068
      vertex -0.438952 0.0505648 16.2068
    endloop
  endfacet
  facet normal 0.689316 0 0.724461
    outer loop
      vertex -1.59099 0.449107 12.409
      vertex -1.51101 -0.545475 12.3329
      vertex -1.51101 0.4575 12.3329
    endloop
  endfacet
  facet normal 0.689316 0 0.724461
    outer loop
      vertex -1.51101 -0.545475 12.3329
      vertex -1.59099 0.449107 12.409
      vertex -1.59099 -0.553858 12.409
    endloop
  endfacet
  facet normal -0.267095 -0 -0.96367
    outer loop
      vertex 0.546705 0.0509966 16.1826
      vertex 0.65314 -0.95543 16.1531
      vertex 0.546705 -0.956557 16.1826
    endloop
  endfacet
  facet normal -0.267095 0 -0.96367
    outer loop
      vertex 0.65314 -0.95543 16.1531
      vertex 0.546705 0.0509966 16.1826
      vertex 0.65314 0.0521293 16.1531
    endloop
  endfacet
  facet normal -0.757137 0 0.653257
    outer loop
      vertex 1.66714 -0.562471 12.489
      vertex 1.73927 0.431653 12.5726
      vertex 1.66714 0.440485 12.489
    endloop
  endfacet
  facet normal -0.757137 0 0.653257
    outer loop
      vertex 1.73927 0.431653 12.5726
      vertex 1.66714 -0.562471 12.489
      vertex 1.73927 -0.571291 12.5726
    endloop
  endfacet
  facet normal -0.575872 -0 -0.81754
    outer loop
      vertex 1.25003 0.0733761 15.8708
      vertex 1.34032 -0.928379 15.8072
      vertex 1.25003 -0.934237 15.8708
    endloop
  endfacet
  facet normal -0.575872 0 -0.81754
    outer loop
      vertex 1.34032 -0.928379 15.8072
      vertex 1.25003 0.0733761 15.8708
      vertex 1.34032 0.0792459 15.8072
    endloop
  endfacet
  facet normal 0.689316 0 -0.724461
    outer loop
      vertex -1.59099 -0.907078 15.591
      vertex -1.51101 0.0928685 15.6671
      vertex -1.51101 -0.914783 15.6671
    endloop
  endfacet
  facet normal 0.689316 0 -0.724461
    outer loop
      vertex -1.51101 0.0928685 15.6671
      vertex -1.59099 -0.907078 15.591
      vertex -1.59099 0.100589 15.591
    endloop
  endfacet
  facet normal -0.689316 -0 -0.724461
    outer loop
      vertex 1.51101 0.0928685 15.6671
      vertex 1.59099 -0.907078 15.591
      vertex 1.51101 -0.914783 15.6671
    endloop
  endfacet
  facet normal -0.689316 0 -0.724461
    outer loop
      vertex 1.59099 -0.907078 15.591
      vertex 1.51101 0.0928685 15.6671
      vertex 1.59099 0.100589 15.591
    endloop
  endfacet
  facet normal -0.123138 0 -0.99239
    outer loop
      vertex 0.220538 -0.955736 16.2392
      vertex 0.330143 0.050835 16.2256
      vertex 0.330143 -0.95671 16.2256
    endloop
  endfacet
  facet normal -0.123138 0 -0.99239
    outer loop
      vertex 0.330143 0.050835 16.2256
      vertex 0.220538 -0.955736 16.2392
      vertex 0.220538 0.0518066 16.2392
    endloop
  endfacet
  facet normal -0.577287 0.000192086 0.816541
    outer loop
      vertex 1.25003 -0.521898 12.1292
      vertex 1.34032 0.473518 12.1928
      vertex 1.32363 0.47492 12.181
    endloop
  endfacet
  facet normal -0.575548 0 0.817768
    outer loop
      vertex 1.25003 -0.521898 12.1292
      vertex 1.32363 0.47492 12.181
      vertex 1.25003 0.481103 12.1292
    endloop
  endfacet
  facet normal -0.575872 0 0.81754
    outer loop
      vertex 1.34032 0.473518 12.1928
      vertex 1.25003 -0.521898 12.1292
      vertex 1.34032 -0.529475 12.1928
    endloop
  endfacet
  facet normal -0.94954 0 0.313647
    outer loop
      vertex 2.11847 -0.637034 13.242
      vertex 2.15312 0.356122 13.3469
      vertex 2.11847 0.365826 13.242
    endloop
  endfacet
  facet normal -0.94954 0 0.313647
    outer loop
      vertex 2.15312 0.356122 13.3469
      vertex 2.11847 -0.637034 13.242
      vertex 2.15312 -0.646725 13.3469
    endloop
  endfacet
  facet normal -0.360326 -0 -0.932827
    outer loop
      vertex 0.758001 0.0539602 16.1185
      vertex 0.861037 -0.951088 16.0787
      vertex 0.758001 -0.953605 16.1185
    endloop
  endfacet
  facet normal -0.360326 0 -0.932827
    outer loop
      vertex 0.861037 -0.951088 16.0787
      vertex 0.758001 0.0539602 16.1185
      vertex 0.861037 0.056485 16.0787
    endloop
  endfacet
  facet normal 0.653486 0 -0.756939
    outer loop
      vertex -1.51101 -0.914783 15.6671
      vertex -1.42738 0.0857486 15.7393
      vertex -1.42738 -0.921889 15.7393
    endloop
  endfacet
  facet normal 0.653486 0 -0.756939
    outer loop
      vertex -1.42738 0.0857486 15.7393
      vertex -1.51101 -0.914783 15.6671
      vertex -1.51101 0.0928685 15.6671
    endloop
  endfacet
  facet normal -0.689316 0 0.724461
    outer loop
      vertex 1.51101 -0.545475 12.3329
      vertex 1.59099 0.449107 12.409
      vertex 1.51101 0.4575 12.3329
    endloop
  endfacet
  facet normal -0.689316 0 0.724461
    outer loop
      vertex 1.59099 0.449107 12.409
      vertex 1.51101 -0.545475 12.3329
      vertex 1.59099 -0.553858 12.409
    endloop
  endfacet
  facet normal -0.963764 0 -0.266756
    outer loop
      vertex 2.18257 -0.789004 14.5467
      vertex 2.15312 0.20605 14.6531
      vertex 2.18257 0.218861 14.5467
    endloop
  endfacet
  facet normal -0.963764 -0 -0.266756
    outer loop
      vertex 2.15312 0.20605 14.6531
      vertex 2.18257 -0.789004 14.5467
      vertex 2.15312 -0.801795 14.6531
    endloop
  endfacet
  facet normal -0.492663 -0 -0.87022
    outer loop
      vertex 1.06064 0.0635901 15.9843
      vertex 1.15673 -0.939448 15.9299
      vertex 1.06064 -0.944001 15.9843
    endloop
  endfacet
  facet normal -0.492663 0 -0.87022
    outer loop
      vertex 1.15673 -0.939448 15.9299
      vertex 1.06064 0.0635901 15.9843
      vertex 1.15673 0.0681533 15.9299
    endloop
  endfacet
  facet normal 0.492663 0 -0.87022
    outer loop
      vertex -1.15673 -0.939448 15.9299
      vertex -1.06064 0.0635901 15.9843
      vertex -1.06064 -0.944001 15.9843
    endloop
  endfacet
  facet normal 0.492663 0 -0.87022
    outer loop
      vertex -1.06064 0.0635901 15.9843
      vertex -1.15673 -0.939448 15.9299
      vertex -1.15673 0.0681533 15.9299
    endloop
  endfacet
  facet normal 0.932967 0 -0.359962
    outer loop
      vertex -2.07873 0.181439 14.861
      vertex -2.11847 -0.814259 14.758
      vertex -2.11847 0.193566 14.758
    endloop
  endfacet
  facet normal 0.932967 0 -0.359962
    outer loop
      vertex -2.11847 -0.814259 14.758
      vertex -2.07873 0.181439 14.861
      vertex -2.07873 -0.826366 14.861
    endloop
  endfacet
  facet normal 0.78845 0 0.615099
    outer loop
      vertex -1.80722 0.422634 12.6597
      vertex -1.73927 -0.571291 12.5726
      vertex -1.73927 0.431653 12.5726
    endloop
  endfacet
  facet normal 0.78845 0 0.615099
    outer loop
      vertex -1.73927 -0.571291 12.5726
      vertex -1.80722 0.422634 12.6597
      vertex -1.80722 -0.580299 12.6597
    endloop
  endfacet
  facet normal -0.653486 0 0.756939
    outer loop
      vertex 1.42738 -0.53734 12.2607
      vertex 1.51101 0.4575 12.3329
      vertex 1.42738 0.465644 12.2607
    endloop
  endfacet
  facet normal -0.653486 0 0.756939
    outer loop
      vertex 1.51101 0.4575 12.3329
      vertex 1.42738 -0.53734 12.2607
      vertex 1.51101 -0.545475 12.3329
    endloop
  endfacet
  facet normal 0.78845 0 -0.615099
    outer loop
      vertex -1.73927 0.117753 15.4274
      vertex -1.80722 -0.880558 15.3403
      vertex -1.80722 0.127156 15.3403
    endloop
  endfacet
  facet normal 0.78845 0 -0.615099
    outer loop
      vertex -1.80722 -0.880558 15.3403
      vertex -1.73927 0.117753 15.4274
      vertex -1.73927 -0.889944 15.4274
    endloop
  endfacet
  facet normal -0.123138 0 0.99239
    outer loop
      vertex 0.220538 -0.46557 11.7608
      vertex 0.330143 0.533646 11.7744
      vertex 0.220538 0.537478 11.7608
    endloop
  endfacet
  facet normal -0.123138 0 0.99239
    outer loop
      vertex 0.330143 0.533646 11.7744
      vertex 0.220538 -0.46557 11.7608
      vertex 0.330143 -0.4694 11.7744
    endloop
  endfacet
  facet normal -0.360326 0 0.932827
    outer loop
      vertex 0.758001 -0.488939 11.8815
      vertex 0.861037 0.508208 11.9213
      vertex 0.758001 0.514093 11.8815
    endloop
  endfacet
  facet normal -0.360326 0 0.932827
    outer loop
      vertex 0.861037 0.508208 11.9213
      vertex 0.758001 -0.488939 11.8815
      vertex 0.861037 -0.494819 11.9213
    endloop
  endfacet
  facet normal 0.757137 0 -0.653257
    outer loop
      vertex -1.66714 0.10889 15.511
      vertex -1.73927 -0.889944 15.4274
      vertex -1.73927 0.117753 15.4274
    endloop
  endfacet
  facet normal 0.757137 0 -0.653257
    outer loop
      vertex -1.73927 -0.889944 15.4274
      vertex -1.66714 0.10889 15.511
      vertex -1.66714 -0.898791 15.511
    endloop
  endfacet
  facet normal -0.992458 0 0.122587
    outer loop
      vertex 2.22565 -0.678725 13.6699
      vertex 2.23211 0.322488 13.7222
      vertex 2.22565 0.327069 13.6699
    endloop
  endfacet
  facet normal -0.992495 1.58087e-05 0.122288
    outer loop
      vertex 2.23211 0.322488 13.7222
      vertex 2.22565 -0.678725 13.6699
      vertex 2.23917 0.315038 13.7795
    endloop
  endfacet
  facet normal -0.992477 0 0.12243
    outer loop
      vertex 2.23917 0.315038 13.7795
      vertex 2.22565 -0.678725 13.6699
      vertex 2.23917 -0.692973 13.7795
    endloop
  endfacet
  facet normal 0.404837 0 -0.914389
    outer loop
      vertex -0.961999 -0.947884 16.034
      vertex -0.861037 0.056485 16.0787
      vertex -0.861037 -0.951088 16.0787
    endloop
  endfacet
  facet normal 0.404837 0 -0.914389
    outer loop
      vertex -0.861037 0.056485 16.0787
      vertex -0.961999 -0.947884 16.034
      vertex -0.961999 0.0596976 16.034
    endloop
  endfacet
  facet normal -0.914278 0 -0.405088
    outer loop
      vertex 2.07873 -0.826366 14.861
      vertex 2.03398 0.169699 14.962
      vertex 2.07873 0.181439 14.861
    endloop
  endfacet
  facet normal -0.914278 -0 -0.405088
    outer loop
      vertex 2.03398 0.169699 14.962
      vertex 2.07873 -0.826366 14.861
      vertex 2.03398 -0.838087 14.962
    endloop
  endfacet
  facet normal 0.997291 0 0.0735514
    outer loop
      vertex -2.24729 0.300833 13.8896
      vertex -2.23917 -0.692973 13.7795
      vertex -2.23917 0.315038 13.7795
    endloop
  endfacet
  facet normal 0.997291 0 0.0735514
    outer loop
      vertex -2.23917 -0.692973 13.7795
      vertex -2.24729 0.300833 13.8896
      vertex -2.24729 -0.707157 13.8896
    endloop
  endfacet
  facet normal -0.975673 0 -0.219232
    outer loop
      vertex 2.20677 -0.775916 14.439
      vertex 2.18257 0.218861 14.5467
      vertex 2.20677 0.23197 14.439
    endloop
  endfacet
  facet normal -0.975673 -0 -0.219232
    outer loop
      vertex 2.18257 0.218861 14.5467
      vertex 2.20677 -0.775916 14.439
      vertex 2.18257 -0.789004 14.5467
    endloop
  endfacet
  facet normal 0.817612 0 0.575769
    outer loop
      vertex -1.87081 0.41345 12.75
      vertex -1.80722 -0.580299 12.6597
      vertex -1.80722 0.422634 12.6597
    endloop
  endfacet
  facet normal 0.817612 0 0.575769
    outer loop
      vertex -1.80722 -0.580299 12.6597
      vertex -1.87081 0.41345 12.75
      vertex -1.87081 -0.589472 12.75
    endloop
  endfacet
  facet normal -0.724114 0 -0.689681
    outer loop
      vertex 1.66714 -0.898791 15.511
      vertex 1.59323 0.100832 15.5886
      vertex 1.66714 0.10889 15.511
    endloop
  endfacet
  facet normal -0.731 -0.00107627 -0.682376
    outer loop
      vertex 1.59323 0.100832 15.5886
      vertex 1.66714 -0.898791 15.511
      vertex 1.59099 0.100589 15.591
    endloop
  endfacet
  facet normal -0.724321 -0 -0.689463
    outer loop
      vertex 1.59099 0.100589 15.591
      vertex 1.66714 -0.898791 15.511
      vertex 1.59099 -0.907078 15.591
    endloop
  endfacet
  facet normal -0.999699 0 0.0245397
    outer loop
      vertex 2.24729 -0.707157 13.8896
      vertex 2.25 0.286727 14
      vertex 2.24729 0.300833 13.8896
    endloop
  endfacet
  facet normal -0.999699 0 0.0245397
    outer loop
      vertex 2.25 0.286727 14
      vertex 2.24729 -0.707157 13.8896
      vertex 2.25 -0.721242 14
    endloop
  endfacet
  facet normal -0.535117 -0 -0.844778
    outer loop
      vertex 1.15673 0.0681533 15.9299
      vertex 1.25003 -0.934237 15.8708
      vertex 1.15673 -0.939448 15.9299
    endloop
  endfacet
  facet normal -0.535117 0 -0.844778
    outer loop
      vertex 1.25003 -0.934237 15.8708
      vertex 1.15673 0.0681533 15.9299
      vertex 1.25003 0.0733761 15.8708
    endloop
  endfacet
  facet normal -0.170257 0 0.9854
    outer loop
      vertex 0.330143 -0.4694 11.7744
      vertex 0.438952 0.52938 11.7932
      vertex 0.330143 0.533646 11.7744
    endloop
  endfacet
  facet normal -0.170257 0 0.9854
    outer loop
      vertex 0.438952 0.52938 11.7932
      vertex 0.330143 -0.4694 11.7744
      vertex 0.438952 -0.473663 11.7932
    endloop
  endfacet
  facet normal -0.614994 0 0.788532
    outer loop
      vertex 1.34032 -0.529475 12.1928
      vertex 1.42738 0.465644 12.2607
      vertex 1.34032 0.473518 12.1928
    endloop
  endfacet
  facet normal -0.614994 0 0.788532
    outer loop
      vertex 1.42738 0.465644 12.2607
      vertex 1.34032 -0.529475 12.1928
      vertex 1.42738 -0.53734 12.2607
    endloop
  endfacet
  facet normal -0.404837 0 0.914389
    outer loop
      vertex 0.861037 -0.494819 11.9213
      vertex 0.961999 0.501951 11.966
      vertex 0.861037 0.508208 11.9213
    endloop
  endfacet
  facet normal -0.404837 0 0.914389
    outer loop
      vertex 0.961999 0.501951 11.966
      vertex 0.861037 -0.494819 11.9213
      vertex 0.961999 -0.50107 11.966
    endloop
  endfacet
  facet normal 0.0733473 0 -0.997306
    outer loop
      vertex -0.220538 0.0518066 16.2392
      vertex -0.110402 -0.954064 16.2473
      vertex -0.220538 -0.955736 16.2392
    endloop
  endfacet
  facet normal 0.0733473 0 -0.997306
    outer loop
      vertex -0.110402 -0.954064 16.2473
      vertex -0.220538 0.0518066 16.2392
      vertex -0.110402 0.0534771 16.2473
    endloop
  endfacet
  facet normal 0.123138 0 -0.99239
    outer loop
      vertex -0.330143 0.050835 16.2256
      vertex -0.220538 -0.955736 16.2392
      vertex -0.330143 -0.95671 16.2256
    endloop
  endfacet
  facet normal 0.123138 0 -0.99239
    outer loop
      vertex -0.220538 -0.955736 16.2392
      vertex -0.330143 0.050835 16.2256
      vertex -0.220538 0.0518066 16.2392
    endloop
  endfacet
  facet normal -0.78845 0 -0.615099
    outer loop
      vertex 1.80722 -0.880558 15.3403
      vertex 1.73927 0.117753 15.4274
      vertex 1.80722 0.127156 15.3403
    endloop
  endfacet
  facet normal -0.78845 -0 -0.615099
    outer loop
      vertex 1.73927 0.117753 15.4274
      vertex 1.80722 -0.880558 15.3403
      vertex 1.73927 -0.889944 15.4274
    endloop
  endfacet
  facet normal 0.963764 0 0.266756
    outer loop
      vertex -2.18257 0.346412 13.4533
      vertex -2.15312 -0.646725 13.3469
      vertex -2.15312 0.356122 13.3469
    endloop
  endfacet
  facet normal 0.963764 0 0.266756
    outer loop
      vertex -2.15312 -0.646725 13.3469
      vertex -2.18257 0.346412 13.4533
      vertex -2.18257 -0.656421 13.4533
    endloop
  endfacet
  facet normal -0.614994 -0 -0.788532
    outer loop
      vertex 1.34032 0.0792459 15.8072
      vertex 1.42738 -0.921889 15.7393
      vertex 1.34032 -0.928379 15.8072
    endloop
  endfacet
  facet normal -0.614994 0 -0.788532
    outer loop
      vertex 1.42738 -0.921889 15.7393
      vertex 1.34032 0.0792459 15.8072
      vertex 1.42738 0.0857486 15.7393
    endloop
  endfacet
  facet normal 0.44996 0 0.893049
    outer loop
      vertex -1.06064 0.495337 12.0157
      vertex -0.961999 -0.50107 11.966
      vertex -0.961999 0.501951 11.966
    endloop
  endfacet
  facet normal 0.44996 0 0.893049
    outer loop
      vertex -0.961999 -0.50107 11.966
      vertex -1.06064 0.495337 12.0157
      vertex -1.06064 -0.507678 12.0157
    endloop
  endfacet
  facet normal 0.219129 0 0.975696
    outer loop
      vertex -0.546705 0.524692 11.8174
      vertex -0.438952 -0.473663 11.7932
      vertex -0.438952 0.52938 11.7932
    endloop
  endfacet
  facet normal 0.219129 0 0.975696
    outer loop
      vertex -0.438952 -0.473663 11.7932
      vertex -0.546705 0.524692 11.8174
      vertex -0.546705 -0.478348 11.8174
    endloop
  endfacet
  facet normal 0.757137 0 0.653257
    outer loop
      vertex -1.73927 0.431653 12.5726
      vertex -1.66714 -0.562471 12.489
      vertex -1.66714 0.440485 12.489
    endloop
  endfacet
  facet normal 0.757137 0 0.653257
    outer loop
      vertex -1.66714 -0.562471 12.489
      vertex -1.73927 0.431653 12.5726
      vertex -1.73927 -0.571291 12.5726
    endloop
  endfacet
  facet normal 0.817612 0 -0.575769
    outer loop
      vertex -1.80722 0.127156 15.3403
      vertex -1.87081 -0.870654 15.25
      vertex -1.87081 0.137077 15.25
    endloop
  endfacet
  facet normal 0.817612 0 -0.575769
    outer loop
      vertex -1.87081 -0.870654 15.25
      vertex -1.80722 0.127156 15.3403
      vertex -1.80722 -0.880558 15.3403
    endloop
  endfacet
  facet normal 0.267095 0 0.96367
    outer loop
      vertex -0.65314 0.519592 11.8469
      vertex -0.546705 -0.478348 11.8174
      vertex -0.546705 0.524692 11.8174
    endloop
  endfacet
  facet normal 0.267095 0 0.96367
    outer loop
      vertex -0.546705 -0.478348 11.8174
      vertex -0.65314 0.519592 11.8469
      vertex -0.65314 -0.483444 11.8469
    endloop
  endfacet
  facet normal 0.731 -0.00107627 -0.682376
    outer loop
      vertex -1.66714 -0.898791 15.511
      vertex -1.59323 0.100832 15.5886
      vertex -1.59099 0.100589 15.591
    endloop
  endfacet
  facet normal 0.724114 0 -0.689681
    outer loop
      vertex -1.59323 0.100832 15.5886
      vertex -1.66714 -0.898791 15.511
      vertex -1.66714 0.10889 15.511
    endloop
  endfacet
  facet normal 0.724321 0 -0.689463
    outer loop
      vertex -1.66714 -0.898791 15.511
      vertex -1.59099 0.100589 15.591
      vertex -1.59099 -0.907078 15.591
    endloop
  endfacet
  facet normal -0.492663 0 0.87022
    outer loop
      vertex 1.06064 -0.507678 12.0157
      vertex 1.15673 0.488382 12.0701
      vertex 1.06064 0.495337 12.0157
    endloop
  endfacet
  facet normal -0.492663 0 0.87022
    outer loop
      vertex 1.15673 0.488382 12.0701
      vertex 1.06064 -0.507678 12.0157
      vertex 1.15673 -0.514626 12.0701
    endloop
  endfacet
  facet normal 0.84486 0 0.534987
    outer loop
      vertex -1.92989 0.404122 12.8433
      vertex -1.87081 -0.589472 12.75
      vertex -1.87081 0.41345 12.75
    endloop
  endfacet
  facet normal 0.84486 0 0.534987
    outer loop
      vertex -1.87081 -0.589472 12.75
      vertex -1.92989 0.404122 12.8433
      vertex -1.92989 -0.598789 12.8433
    endloop
  endfacet
  facet normal -0.817612 0 0.575769
    outer loop
      vertex 1.80722 -0.580299 12.6597
      vertex 1.87081 0.41345 12.75
      vertex 1.80722 0.422634 12.6597
    endloop
  endfacet
  facet normal -0.817612 0 0.575769
    outer loop
      vertex 1.87081 0.41345 12.75
      vertex 1.80722 -0.580299 12.6597
      vertex 1.87081 -0.589472 12.75
    endloop
  endfacet
  facet normal 0.870126 0 -0.49283
    outer loop
      vertex -1.92989 0.147491 15.1567
      vertex -1.98432 -0.849393 15.0606
      vertex -1.98432 0.158374 15.0606
    endloop
  endfacet
  facet normal 0.870126 0 -0.49283
    outer loop
      vertex -1.98432 -0.849393 15.0606
      vertex -1.92989 0.147491 15.1567
      vertex -1.92989 -0.860258 15.1567
    endloop
  endfacet
  facet normal 0.94954 0 -0.313647
    outer loop
      vertex -2.11847 0.193566 14.758
      vertex -2.15312 -0.801795 14.6531
      vertex -2.15312 0.20605 14.6531
    endloop
  endfacet
  facet normal 0.94954 0 -0.313647
    outer loop
      vertex -2.15312 -0.801795 14.6531
      vertex -2.11847 0.193566 14.758
      vertex -2.11847 -0.814259 14.758
    endloop
  endfacet
  facet normal 0.404837 0 0.914389
    outer loop
      vertex -0.961999 0.501951 11.966
      vertex -0.861037 -0.494819 11.9213
      vertex -0.861037 0.508208 11.9213
    endloop
  endfacet
  facet normal 0.404837 0 0.914389
    outer loop
      vertex -0.861037 -0.494819 11.9213
      vertex -0.961999 0.501951 11.966
      vertex -0.961999 -0.50107 11.966
    endloop
  endfacet
  facet normal 0.975673 0 0.219232
    outer loop
      vertex -2.20677 0.33672 13.561
      vertex -2.18257 -0.656421 13.4533
      vertex -2.18257 0.346412 13.4533
    endloop
  endfacet
  facet normal 0.975673 0 0.219232
    outer loop
      vertex -2.18257 -0.656421 13.4533
      vertex -2.20677 0.33672 13.561
      vertex -2.20677 -0.6661 13.561
    endloop
  endfacet
  facet normal 0.985302 0 0.170822
    outer loop
      vertex -2.22565 0.327069 13.6699
      vertex -2.20677 -0.6661 13.561
      vertex -2.20677 0.33672 13.561
    endloop
  endfacet
  facet normal 0.985288 -8.939e-06 0.170901
    outer loop
      vertex -2.22565 0.327069 13.6699
      vertex -2.2135 -0.669534 13.5998
      vertex -2.20677 -0.6661 13.561
    endloop
  endfacet
  facet normal 0.98531 0 0.170778
    outer loop
      vertex -2.2135 -0.669534 13.5998
      vertex -2.22565 0.327069 13.6699
      vertex -2.22565 -0.678725 13.6699
    endloop
  endfacet
  facet normal -0.870126 0 0.49283
    outer loop
      vertex 1.92989 -0.598789 12.8433
      vertex 1.98432 0.394672 12.9394
      vertex 1.92989 0.404122 12.8433
    endloop
  endfacet
  facet normal -0.870126 0 0.49283
    outer loop
      vertex 1.98432 0.394672 12.9394
      vertex 1.92989 -0.598789 12.8433
      vertex 1.98432 -0.608226 12.9394
    endloop
  endfacet
  facet normal 0.0244488 0 0.999701
    outer loop
      vertex -0.110402 0.540867 11.7527
      vertex 0 -0.459242 11.75
      vertex 0 0.543806 11.75
    endloop
  endfacet
  facet normal 0.0244488 0 0.999701
    outer loop
      vertex 0 -0.459242 11.75
      vertex -0.110402 0.540867 11.7527
      vertex -0.110402 -0.462181 11.7527
    endloop
  endfacet
  facet normal -0.757137 0 -0.653257
    outer loop
      vertex 1.73927 -0.889944 15.4274
      vertex 1.66714 0.10889 15.511
      vertex 1.73927 0.117753 15.4274
    endloop
  endfacet
  facet normal -0.757137 -0 -0.653257
    outer loop
      vertex 1.66714 0.10889 15.511
      vertex 1.73927 -0.889944 15.4274
      vertex 1.66714 -0.898791 15.511
    endloop
  endfacet
  facet normal 0.492663 0 0.87022
    outer loop
      vertex -1.15673 0.488382 12.0701
      vertex -1.06064 -0.507678 12.0157
      vertex -1.06064 0.495337 12.0157
    endloop
  endfacet
  facet normal 0.492663 0 0.87022
    outer loop
      vertex -1.06064 -0.507678 12.0157
      vertex -1.15673 0.488382 12.0701
      vertex -1.15673 -0.514626 12.0701
    endloop
  endfacet
  facet normal -0.535117 0 0.844778
    outer loop
      vertex 1.15673 -0.514626 12.0701
      vertex 1.25003 0.481103 12.1292
      vertex 1.15673 0.488382 12.0701
    endloop
  endfacet
  facet normal -0.535117 0 0.844778
    outer loop
      vertex 1.25003 0.481103 12.1292
      vertex 1.15673 -0.514626 12.0701
      vertex 1.25003 -0.521898 12.1292
    endloop
  endfacet
  facet normal 0.893119 0 -0.44982
    outer loop
      vertex -1.98432 0.158374 15.0606
      vertex -2.03398 -0.838087 14.962
      vertex -2.03398 0.169699 14.962
    endloop
  endfacet
  facet normal 0.893119 0 -0.44982
    outer loop
      vertex -2.03398 -0.838087 14.962
      vertex -1.98432 0.158374 15.0606
      vertex -1.98432 -0.849393 15.0606
    endloop
  endfacet
  facet normal 0.963764 0 -0.266756
    outer loop
      vertex -2.15312 0.20605 14.6531
      vertex -2.18257 -0.789004 14.5467
      vertex -2.18257 0.218861 14.5467
    endloop
  endfacet
  facet normal 0.963764 0 -0.266756
    outer loop
      vertex -2.18257 -0.789004 14.5467
      vertex -2.15312 0.20605 14.6531
      vertex -2.15312 -0.801795 14.6531
    endloop
  endfacet
  facet normal 0.999699 0 0.0245397
    outer loop
      vertex -2.25 0.286727 14
      vertex -2.24729 -0.707157 13.8896
      vertex -2.24729 0.300833 13.8896
    endloop
  endfacet
  facet normal 0.999699 0 0.0245397
    outer loop
      vertex -2.24729 -0.707157 13.8896
      vertex -2.25 0.286727 14
      vertex -2.25 -0.721242 14
    endloop
  endfacet
  facet normal 0.267095 0 -0.96367
    outer loop
      vertex -0.65314 -0.95543 16.1531
      vertex -0.546705 0.0509966 16.1826
      vertex -0.546705 -0.956557 16.1826
    endloop
  endfacet
  facet normal 0.267095 0 -0.96367
    outer loop
      vertex -0.546705 0.0509966 16.1826
      vertex -0.65314 -0.95543 16.1531
      vertex -0.65314 0.0521293 16.1531
    endloop
  endfacet
  facet normal 0.999699 0 -0.0245397
    outer loop
      vertex -2.24729 0.272755 14.1104
      vertex -2.25 -0.721242 14
      vertex -2.25 0.286727 14
    endloop
  endfacet
  facet normal 0.999699 0 -0.0245397
    outer loop
      vertex -2.25 -0.721242 14
      vertex -2.24729 0.272755 14.1104
      vertex -2.24729 -0.735194 14.1104
    endloop
  endfacet
  facet normal -0.0244488 0 -0.999701
    outer loop
      vertex 0 -0.951698 16.25
      vertex 0.110402 0.0534771 16.2473
      vertex 0.110402 -0.954064 16.2473
    endloop
  endfacet
  facet normal -0.0244488 0 -0.999701
    outer loop
      vertex 0.110402 0.0534771 16.2473
      vertex 0 -0.951698 16.25
      vertex 0 0.0558427 16.25
    endloop
  endfacet
  facet normal 0.535117 0 -0.844778
    outer loop
      vertex -1.25003 -0.934237 15.8708
      vertex -1.15673 0.0681533 15.9299
      vertex -1.15673 -0.939448 15.9299
    endloop
  endfacet
  facet normal 0.535117 0 -0.844778
    outer loop
      vertex -1.15673 0.0681533 15.9299
      vertex -1.25003 -0.934237 15.8708
      vertex -1.25003 0.0733761 15.8708
    endloop
  endfacet
  facet normal 0.997291 0 -0.0735514
    outer loop
      vertex -2.23917 0.258949 14.2205
      vertex -2.24729 -0.735194 14.1104
      vertex -2.24729 0.272755 14.1104
    endloop
  endfacet
  facet normal 0.997291 0 -0.0735514
    outer loop
      vertex -2.24729 -0.735194 14.1104
      vertex -2.23917 0.258949 14.2205
      vertex -2.23917 -0.748978 14.2205
    endloop
  endfacet
  facet normal 0.313344 0 -0.94964
    outer loop
      vertex -0.758001 -0.953605 16.1185
      vertex -0.65314 0.0521293 16.1531
      vertex -0.65314 -0.95543 16.1531
    endloop
  endfacet
  facet normal 0.313344 0 -0.94964
    outer loop
      vertex -0.65314 0.0521293 16.1531
      vertex -0.758001 -0.953605 16.1185
      vertex -0.758001 0.0539602 16.1185
    endloop
  endfacet
  facet normal -0.170257 0 -0.9854
    outer loop
      vertex 0.330143 -0.95671 16.2256
      vertex 0.438952 0.0505648 16.2068
      vertex 0.438952 -0.956984 16.2068
    endloop
  endfacet
  facet normal -0.170257 0 -0.9854
    outer loop
      vertex 0.438952 0.0505648 16.2068
      vertex 0.330143 -0.95671 16.2256
      vertex 0.330143 0.050835 16.2256
    endloop
  endfacet
  facet normal 0.614994 0 0.788532
    outer loop
      vertex -1.42738 0.465644 12.2607
      vertex -1.34032 -0.529475 12.1928
      vertex -1.34032 0.473518 12.1928
    endloop
  endfacet
  facet normal 0.614994 0 0.788532
    outer loop
      vertex -1.34032 -0.529475 12.1928
      vertex -1.42738 0.465644 12.2607
      vertex -1.42738 -0.53734 12.2607
    endloop
  endfacet
  facet normal 0.653486 0 0.756939
    outer loop
      vertex -1.51101 0.4575 12.3329
      vertex -1.42738 -0.53734 12.2607
      vertex -1.42738 0.465644 12.2607
    endloop
  endfacet
  facet normal 0.653486 0 0.756939
    outer loop
      vertex -1.42738 -0.53734 12.2607
      vertex -1.51101 0.4575 12.3329
      vertex -1.51101 -0.545475 12.3329
    endloop
  endfacet
  facet normal -0.932967 0 0.359962
    outer loop
      vertex 2.07873 -0.627372 13.139
      vertex 2.11847 0.365826 13.242
      vertex 2.07873 0.375501 13.139
    endloop
  endfacet
  facet normal -0.932967 0 0.359962
    outer loop
      vertex 2.11847 0.365826 13.242
      vertex 2.07873 -0.627372 13.139
      vertex 2.11847 -0.637034 13.242
    endloop
  endfacet
  facet normal 0.94954 0 0.313647
    outer loop
      vertex -2.15312 0.356122 13.3469
      vertex -2.11847 -0.637034 13.242
      vertex -2.11847 0.365826 13.242
    endloop
  endfacet
  facet normal 0.94954 0 0.313647
    outer loop
      vertex -2.11847 -0.637034 13.242
      vertex -2.15312 0.356122 13.3469
      vertex -2.15312 -0.646725 13.3469
    endloop
  endfacet
  facet normal -0.914278 0 0.405088
    outer loop
      vertex 2.03398 -0.617761 13.038
      vertex 2.07873 0.375501 13.139
      vertex 2.03398 0.385124 13.038
    endloop
  endfacet
  facet normal -0.914278 0 0.405088
    outer loop
      vertex 2.07873 0.375501 13.139
      vertex 2.03398 -0.617761 13.038
      vertex 2.07873 -0.627372 13.139
    endloop
  endfacet
  facet normal 0.914278 0 -0.405088
    outer loop
      vertex -2.03398 0.169699 14.962
      vertex -2.07873 -0.826366 14.861
      vertex -2.07873 0.181439 14.861
    endloop
  endfacet
  facet normal 0.914278 0 -0.405088
    outer loop
      vertex -2.07873 -0.826366 14.861
      vertex -2.03398 0.169699 14.962
      vertex -2.03398 -0.838087 14.962
    endloop
  endfacet
  facet normal 0.44996 0 -0.893049
    outer loop
      vertex -1.06064 -0.944001 15.9843
      vertex -0.961999 0.0596976 16.034
      vertex -0.961999 -0.947884 16.034
    endloop
  endfacet
  facet normal 0.44996 0 -0.893049
    outer loop
      vertex -0.961999 0.0596976 16.034
      vertex -1.06064 -0.944001 15.9843
      vertex -1.06064 0.0635901 15.9843
    endloop
  endfacet
  facet normal 0.575548 0 0.817768
    outer loop
      vertex -1.32363 0.47492 12.181
      vertex -1.25003 -0.521898 12.1292
      vertex -1.25003 0.481103 12.1292
    endloop
  endfacet
  facet normal 0.577287 0.000192086 0.816541
    outer loop
      vertex -1.34032 0.473518 12.1928
      vertex -1.25003 -0.521898 12.1292
      vertex -1.32363 0.47492 12.181
    endloop
  endfacet
  facet normal 0.575872 0 0.81754
    outer loop
      vertex -1.25003 -0.521898 12.1292
      vertex -1.34032 0.473518 12.1928
      vertex -1.34032 -0.529475 12.1928
    endloop
  endfacet
  facet normal 0.535117 0 0.844778
    outer loop
      vertex -1.25003 0.481103 12.1292
      vertex -1.15673 -0.514626 12.0701
      vertex -1.15673 0.488382 12.0701
    endloop
  endfacet
  facet normal 0.535117 0 0.844778
    outer loop
      vertex -1.15673 -0.514626 12.0701
      vertex -1.25003 0.481103 12.1292
      vertex -1.25003 -0.521898 12.1292
    endloop
  endfacet
  facet normal 0.893119 0 0.44982
    outer loop
      vertex -2.03398 0.385124 13.038
      vertex -1.98432 -0.608226 12.9394
      vertex -1.98432 0.394672 12.9394
    endloop
  endfacet
  facet normal 0.893119 0 0.44982
    outer loop
      vertex -1.98432 -0.608226 12.9394
      vertex -2.03398 0.385124 13.038
      vertex -2.03398 -0.617761 13.038
    endloop
  endfacet
  facet normal 0.870126 0 0.49283
    outer loop
      vertex -1.98432 0.394672 12.9394
      vertex -1.92989 -0.598789 12.8433
      vertex -1.92989 0.404122 12.8433
    endloop
  endfacet
  facet normal 0.870126 0 0.49283
    outer loop
      vertex -1.92989 -0.598789 12.8433
      vertex -1.98432 0.394672 12.9394
      vertex -1.98432 -0.608226 12.9394
    endloop
  endfacet
  facet normal -0.997305 0 -0.0733712
    outer loop
      vertex 40.2473 -9.70043 14.1104
      vertex 40.2392 -8.60994 14.2205
      vertex 40.2473 -8.59822 14.1104
    endloop
  endfacet
  facet normal -0.997305 -0 -0.0733712
    outer loop
      vertex 40.2392 -8.60994 14.2205
      vertex 40.2473 -9.70043 14.1104
      vertex 40.2392 -9.71212 14.2205
    endloop
  endfacet
  facet normal -0.999701 0 -0.0244492
    outer loop
      vertex 40.25 -9.6863 14
      vertex 40.2473 -8.59822 14.1104
      vertex 40.25 -8.58407 14
    endloop
  endfacet
  facet normal -0.999701 -0 -0.0244492
    outer loop
      vertex 40.2473 -8.59822 14.1104
      vertex 40.25 -9.6863 14
      vertex 40.2473 -9.70043 14.1104
    endloop
  endfacet
  facet normal 0.57583 0 -0.81757
    outer loop
      vertex 36.6597 -8.34574 15.8072
      vertex 36.75 -7.29276 15.8708
      vertex 36.75 -8.3946 15.8708
    endloop
  endfacet
  facet normal 0.57583 0 -0.81757
    outer loop
      vertex 36.75 -7.29276 15.8708
      vertex 36.6597 -8.34574 15.8072
      vertex 36.6597 -7.24389 15.8072
    endloop
  endfacet
  facet normal -0.788669 0 0.614818
    outer loop
      vertex 39.7393 -9.30965 12.5726
      vertex 39.8072 -8.25107 12.6597
      vertex 39.7393 -8.21291 12.5726
    endloop
  endfacet
  facet normal -0.788669 0 0.614818
    outer loop
      vertex 39.8072 -8.25107 12.6597
      vertex 39.7393 -9.30965 12.5726
      vertex 39.8072 -9.34779 12.6597
    endloop
  endfacet
  facet normal -0.844778 0 -0.535117
    outer loop
      vertex 39.9299 -8.60303 15.1567
      vertex 39.8708 -9.69178 15.25
      vertex 39.8708 -8.58981 15.25
    endloop
  endfacet
  facet normal -0.844778 0 -0.535117
    outer loop
      vertex 39.8708 -9.69178 15.25
      vertex 39.9299 -8.60303 15.1567
      vertex 39.9299 -9.70501 15.1567
    endloop
  endfacet
  facet normal 0.0733712 -0 0.997305
    outer loop
      vertex 37.7795 -8.36608 11.7608
      vertex 37.8896 -7.31731 11.7527
      vertex 37.7795 -7.26924 11.7608
    endloop
  endfacet
  facet normal 0.0733712 0 0.997305
    outer loop
      vertex 37.8896 -7.31731 11.7527
      vertex 37.7795 -8.36608 11.7608
      vertex 37.8896 -8.41415 11.7527
    endloop
  endfacet
  facet normal 0.614818 0 -0.788669
    outer loop
      vertex 36.5726 -8.29772 15.7393
      vertex 36.6597 -7.24389 15.8072
      vertex 36.6597 -8.34574 15.8072
    endloop
  endfacet
  facet normal 0.614818 0 -0.788669
    outer loop
      vertex 36.6597 -7.24389 15.8072
      vertex 36.5726 -8.29772 15.7393
      vertex 36.5726 -7.19585 15.7393
    endloop
  endfacet
  facet normal -0.40471 0 -0.914445
    outer loop
      vertex 38.861 -9.35924 16.0787
      vertex 38.962 -8.29598 16.034
      vertex 38.962 -9.39778 16.034
    endloop
  endfacet
  facet normal -0.40471 0 -0.914445
    outer loop
      vertex 38.962 -8.29598 16.034
      vertex 38.861 -9.35924 16.0787
      vertex 38.861 -8.25745 16.0787
    endloop
  endfacet
  facet normal -0.450109 0 0.892973
    outer loop
      vertex 38.962 -8.90918 11.966
      vertex 39.0606 -7.86068 12.0157
      vertex 38.962 -7.81237 11.966
    endloop
  endfacet
  facet normal -0.450109 0 0.892973
    outer loop
      vertex 39.0606 -7.86068 12.0157
      vertex 38.962 -8.90918 11.966
      vertex 39.0606 -8.95749 12.0157
    endloop
  endfacet
  facet normal 0.360435 -0 0.932784
    outer loop
      vertex 37.139 -8.09696 11.9213
      vertex 37.242 -7.04214 11.8815
      vertex 37.139 -7.00014 11.9213
    endloop
  endfacet
  facet normal 0.360435 0 0.932784
    outer loop
      vertex 37.242 -7.04214 11.8815
      vertex 37.139 -8.09696 11.9213
      vertex 37.242 -8.13897 11.8815
    endloop
  endfacet
  facet normal -0.997305 0 0.0733712
    outer loop
      vertex 40.2392 -9.65088 13.7795
      vertex 40.2473 -8.56752 13.8896
      vertex 40.2392 -8.5486 13.7795
    endloop
  endfacet
  facet normal -0.997305 0 0.0733712
    outer loop
      vertex 40.2473 -8.56752 13.8896
      vertex 40.2392 -9.65088 13.7795
      vertex 40.2473 -9.66977 13.8896
    endloop
  endfacet
  facet normal -0.949674 0 -0.313239
    outer loop
      vertex 40.1531 -8.63195 14.6531
      vertex 40.1185 -9.73324 14.758
      vertex 40.1185 -8.63118 14.758
    endloop
  endfacet
  facet normal -0.949674 0 -0.313239
    outer loop
      vertex 40.1185 -9.73324 14.758
      vertex 40.1531 -8.63195 14.6531
      vertex 40.1531 -9.73404 14.6531
    endloop
  endfacet
  facet normal -0.0733712 0 -0.997305
    outer loop
      vertex 38.1104 -9.04991 16.2473
      vertex 38.2205 -7.99584 16.2392
      vertex 38.2205 -9.0976 16.2392
    endloop
  endfacet
  facet normal -0.0733712 0 -0.997305
    outer loop
      vertex 38.2205 -7.99584 16.2392
      vertex 38.1104 -9.04991 16.2473
      vertex 38.1104 -7.94815 16.2473
    endloop
  endfacet
  facet normal -0.0733712 0 0.997305
    outer loop
      vertex 38.1104 -8.51203 11.7527
      vertex 38.2205 -7.46475 11.7608
      vertex 38.1104 -7.41518 11.7527
    endloop
  endfacet
  facet normal -0.0733712 0 0.997305
    outer loop
      vertex 38.2205 -7.46475 11.7608
      vertex 38.1104 -8.51203 11.7527
      vertex 38.2205 -8.5616 11.7608
    endloop
  endfacet
  facet normal -0.892973 0 0.450109
    outer loop
      vertex 39.9843 -9.45208 12.9394
      vertex 40.034 -8.38652 13.038
      vertex 39.9843 -8.3554 12.9394
    endloop
  endfacet
  facet normal -0.892973 0 0.450109
    outer loop
      vertex 40.034 -8.38652 13.038
      vertex 39.9843 -9.45208 12.9394
      vertex 40.034 -9.48318 13.038
    endloop
  endfacet
  facet normal -0.313239 0 0.949674
    outer loop
      vertex 38.6531 -8.76129 11.8469
      vertex 38.758 -7.71414 11.8815
      vertex 38.6531 -7.66446 11.8469
    endloop
  endfacet
  facet normal -0.313239 0 0.949674
    outer loop
      vertex 38.758 -7.71414 11.8815
      vertex 38.6531 -8.76129 11.8469
      vertex 38.758 -8.81097 11.8815
    endloop
  endfacet
  facet normal 0.932784 -0 0.360435
    outer loop
      vertex 35.8815 -7.67569 13.242
      vertex 35.9213 -6.60714 13.139
      vertex 35.8815 -6.60113 13.242
    endloop
  endfacet
  facet normal 0.932784 0 0.360435
    outer loop
      vertex 35.9213 -6.60714 13.139
      vertex 35.8815 -7.67569 13.242
      vertex 35.9213 -7.68171 13.139
    endloop
  endfacet
  facet normal -0.870242 0 -0.492624
    outer loop
      vertex 39.9843 -8.61379 15.0606
      vertex 39.9299 -9.70501 15.1567
      vertex 39.9299 -8.60303 15.1567
    endloop
  endfacet
  facet normal -0.870242 0 -0.492624
    outer loop
      vertex 39.9299 -9.70501 15.1567
      vertex 39.9843 -8.61379 15.0606
      vertex 39.9843 -9.7158 15.0606
    endloop
  endfacet
  facet normal -0.65362 0 -0.756823
    outer loop
      vertex 39.4274 -9.56315 15.7393
      vertex 39.511 -8.48832 15.6671
      vertex 39.511 -9.5902 15.6671
    endloop
  endfacet
  facet normal -0.65362 0 -0.756823
    outer loop
      vertex 39.511 -8.48832 15.6671
      vertex 39.4274 -9.56315 15.7393
      vertex 39.4274 -8.46129 15.7393
    endloop
  endfacet
  facet normal -0.313239 0 -0.949674
    outer loop
      vertex 38.6531 -9.27741 16.1531
      vertex 38.758 -8.2173 16.1185
      vertex 38.758 -9.31909 16.1185
    endloop
  endfacet
  facet normal -0.313239 0 -0.949674
    outer loop
      vertex 38.758 -8.2173 16.1185
      vertex 38.6531 -9.27741 16.1531
      vertex 38.6531 -8.17564 16.1531
    endloop
  endfacet
  facet normal 0.97552 0 -0.219909
    outer loop
      vertex 35.8143 -6.72905 14.5326
      vertex 35.7932 -7.78812 14.439
      vertex 35.7932 -6.70817 14.439
    endloop
  endfacet
  facet normal 0.976651 -0.000471431 -0.21483
    outer loop
      vertex 35.8174 -6.73219 14.5467
      vertex 35.7932 -7.78812 14.439
      vertex 35.8143 -6.72905 14.5326
    endloop
  endfacet
  facet normal 0.975673 0 -0.219232
    outer loop
      vertex 35.7932 -7.78812 14.439
      vertex 35.8174 -6.73219 14.5467
      vertex 35.8174 -7.81211 14.5467
    endloop
  endfacet
  facet normal -0.219232 0 0.975673
    outer loop
      vertex 38.439 -8.6614 11.7932
      vertex 38.5467 -7.61456 11.8174
      vertex 38.439 -7.56456 11.7932
    endloop
  endfacet
  facet normal -0.219232 0 0.975673
    outer loop
      vertex 38.5467 -7.61456 11.8174
      vertex 38.439 -8.6614 11.7932
      vertex 38.5467 -8.7114 11.8174
    endloop
  endfacet
  facet normal -0.963648 0 0.267177
    outer loop
      vertex 40.1531 -9.56447 13.3469
      vertex 40.1826 -8.49073 13.4533
      vertex 40.1531 -8.46784 13.3469
    endloop
  endfacet
  facet normal -0.963648 0 0.267177
    outer loop
      vertex 40.1826 -8.49073 13.4533
      vertex 40.1531 -9.56447 13.3469
      vertex 40.1826 -9.58734 13.4533
    endloop
  endfacet
  facet normal -0.992389 0 -0.123143
    outer loop
      vertex 40.2392 -9.71212 14.2205
      vertex 40.2256 -8.61919 14.3301
      vertex 40.2392 -8.60994 14.2205
    endloop
  endfacet
  facet normal -0.992389 -0 -0.123143
    outer loop
      vertex 40.2256 -8.61919 14.3301
      vertex 40.2392 -9.71212 14.2205
      vertex 40.2256 -9.72134 14.3301
    endloop
  endfacet
  facet normal 0.992389 0 -0.123143
    outer loop
      vertex 35.7744 -6.68606 14.3301
      vertex 35.7608 -7.74591 14.2205
      vertex 35.7608 -6.66592 14.2205
    endloop
  endfacet
  facet normal 0.992389 0 -0.123143
    outer loop
      vertex 35.7608 -7.74591 14.2205
      vertex 35.7744 -6.68606 14.3301
      vertex 35.7744 -7.76603 14.3301
    endloop
  endfacet
  facet normal -0.844778 0 0.535117
    outer loop
      vertex 39.8708 -9.3843 12.75
      vertex 39.9299 -8.3224 12.8433
      vertex 39.8708 -8.28759 12.75
    endloop
  endfacet
  facet normal -0.844778 0 0.535117
    outer loop
      vertex 39.9299 -8.3224 12.8433
      vertex 39.8708 -9.3843 12.75
      vertex 39.9299 -9.41909 12.8433
    endloop
  endfacet
  facet normal -0.219232 0 -0.975673
    outer loop
      vertex 38.439 -9.18992 16.2068
      vertex 38.5467 -8.13255 16.1826
      vertex 38.5467 -9.23432 16.1826
    endloop
  endfacet
  facet normal -0.219232 0 -0.975673
    outer loop
      vertex 38.5467 -8.13255 16.1826
      vertex 38.439 -9.18992 16.2068
      vertex 38.439 -8.08815 16.2068
    endloop
  endfacet
  facet normal -0.724547 0 0.689225
    outer loop
      vertex 39.591 -9.22883 12.409
      vertex 39.6671 -8.17322 12.489
      vertex 39.591 -8.13208 12.409
    endloop
  endfacet
  facet normal -0.724547 0 0.689225
    outer loop
      vertex 39.6671 -8.17322 12.489
      vertex 39.591 -9.22883 12.409
      vertex 39.6671 -9.26996 12.489
    endloop
  endfacet
  facet normal 0.724547 -0 0.689225
    outer loop
      vertex 36.3329 -7.79198 12.489
      vertex 36.409 -6.72924 12.409
      vertex 36.3329 -6.7071 12.489
    endloop
  endfacet
  facet normal 0.724547 0 0.689225
    outer loop
      vertex 36.409 -6.72924 12.409
      vertex 36.3329 -7.79198 12.489
      vertex 36.409 -7.81836 12.409
    endloop
  endfacet
  facet normal 0.844778 0 -0.535117
    outer loop
      vertex 36.1292 -6.94828 15.25
      vertex 36.0701 -7.99409 15.1567
      vertex 36.0701 -6.91278 15.1567
    endloop
  endfacet
  facet normal 0.844778 0 -0.535117
    outer loop
      vertex 36.0701 -7.99409 15.1567
      vertex 36.1292 -6.94828 15.25
      vertex 36.1292 -8.03323 15.25
    endloop
  endfacet
  facet normal -0.985424 0 0.170119
    outer loop
      vertex 40.2068 -9.608 13.561
      vertex 40.2256 -8.52982 13.6699
      vertex 40.2068 -8.5114 13.561
    endloop
  endfacet
  facet normal -0.985416 -4.40056e-06 0.170161
    outer loop
      vertex 40.2135 -9.61455 13.5998
      vertex 40.2256 -8.52982 13.6699
      vertex 40.2068 -9.608 13.561
    endloop
  endfacet
  facet normal -0.985428 0 0.170095
    outer loop
      vertex 40.2256 -8.52982 13.6699
      vertex 40.2135 -9.61455 13.5998
      vertex 40.2256 -9.62966 13.6699
    endloop
  endfacet
  facet normal -0.450109 0 -0.892973
    outer loop
      vertex 38.962 -9.39778 16.034
      vertex 39.0606 -8.3328 15.9843
      vertex 39.0606 -9.43461 15.9843
    endloop
  endfacet
  facet normal -0.450109 0 -0.892973
    outer loop
      vertex 39.0606 -8.3328 15.9843
      vertex 38.962 -9.39778 16.034
      vertex 38.962 -8.29598 16.034
    endloop
  endfacet
  facet normal -0.892973 0 -0.450109
    outer loop
      vertex 40.034 -8.62209 14.962
      vertex 39.9843 -9.7158 15.0606
      vertex 39.9843 -8.61379 15.0606
    endloop
  endfacet
  facet normal -0.892973 0 -0.450109
    outer loop
      vertex 39.9843 -9.7158 15.0606
      vertex 40.034 -8.62209 14.962
      vertex 40.034 -9.72411 14.962
    endloop
  endfacet
  facet normal 0.123143 -0 0.992389
    outer loop
      vertex 37.6699 -8.31874 11.7744
      vertex 37.7795 -7.26924 11.7608
      vertex 37.6699 -7.2219 11.7744
    endloop
  endfacet
  facet normal 0.123143 0 0.992389
    outer loop
      vertex 37.7795 -7.26924 11.7608
      vertex 37.6699 -8.31874 11.7744
      vertex 37.7795 -8.36608 11.7608
    endloop
  endfacet
  facet normal 0.219232 0 -0.975673
    outer loop
      vertex 37.4533 -8.74965 16.1826
      vertex 37.561 -7.699 16.2068
      vertex 37.561 -8.80077 16.2068
    endloop
  endfacet
  facet normal 0.219232 0 -0.975673
    outer loop
      vertex 37.561 -7.699 16.2068
      vertex 37.4533 -8.74965 16.1826
      vertex 37.4533 -7.64788 16.1826
    endloop
  endfacet
  facet normal -0.985424 0 -0.170119
    outer loop
      vertex 40.2256 -9.72134 14.3301
      vertex 40.2068 -8.62595 14.439
      vertex 40.2256 -8.61919 14.3301
    endloop
  endfacet
  facet normal -0.985424 -0 -0.170119
    outer loop
      vertex 40.2068 -8.62595 14.439
      vertex 40.2256 -9.72134 14.3301
      vertex 40.2068 -9.72808 14.439
    endloop
  endfacet
  facet normal 0.170805 0 0.985305
    outer loop
      vertex 37.6699 -7.2219 11.7744
      vertex 37.6001 -8.28892 11.7865
      vertex 37.6699 -8.31874 11.7744
    endloop
  endfacet
  facet normal 0.170119 -0 0.985424
    outer loop
      vertex 37.561 -8.27225 11.7932
      vertex 37.6699 -7.2219 11.7744
      vertex 37.561 -7.17541 11.7932
    endloop
  endfacet
  facet normal 0.168946 0.00012526 0.985625
    outer loop
      vertex 37.6699 -7.2219 11.7744
      vertex 37.561 -8.27225 11.7932
      vertex 37.6001 -8.28892 11.7865
    endloop
  endfacet
  facet normal 0.985424 0 -0.170119
    outer loop
      vertex 35.7932 -6.70817 14.439
      vertex 35.7744 -7.76603 14.3301
      vertex 35.7744 -6.68606 14.3301
    endloop
  endfacet
  facet normal 0.985424 0 -0.170119
    outer loop
      vertex 35.7744 -7.76603 14.3301
      vertex 35.7932 -6.70817 14.439
      vertex 35.7932 -7.78812 14.439
    endloop
  endfacet
  facet normal 0.99241 1.79594e-05 0.12297
    outer loop
      vertex 35.7744 -7.6762 13.6699
      vertex 35.7679 -6.60074 13.7222
      vertex 35.7608 -6.60582 13.7795
    endloop
  endfacet
  facet normal 0.992365 0 0.123334
    outer loop
      vertex 35.7679 -6.60074 13.7222
      vertex 35.7744 -7.6762 13.6699
      vertex 35.7744 -6.5985 13.6699
    endloop
  endfacet
  facet normal 0.992389 0 0.123143
    outer loop
      vertex 35.7744 -7.6762 13.6699
      vertex 35.7608 -6.60582 13.7795
      vertex 35.7608 -7.6859 13.7795
    endloop
  endfacet
  facet normal 0.0244492 0 -0.999701
    outer loop
      vertex 37.8896 -8.95203 16.2473
      vertex 38 -7.89959 16.25
      vertex 38 -9.00135 16.25
    endloop
  endfacet
  facet normal 0.0244492 0 -0.999701
    outer loop
      vertex 38 -7.89959 16.25
      vertex 37.8896 -8.95203 16.2473
      vertex 37.8896 -7.85028 16.2473
    endloop
  endfacet
  facet normal -0.975673 0 0.219232
    outer loop
      vertex 40.1826 -9.58734 13.4533
      vertex 40.2068 -8.5114 13.561
      vertex 40.1826 -8.49073 13.4533
    endloop
  endfacet
  facet normal -0.975673 0 0.219232
    outer loop
      vertex 40.2068 -8.5114 13.561
      vertex 40.1826 -9.58734 13.4533
      vertex 40.2068 -9.608 13.561
    endloop
  endfacet
  facet normal 0.914445 -0 0.40471
    outer loop
      vertex 35.9213 -7.68171 13.139
      vertex 35.966 -6.61527 13.038
      vertex 35.9213 -6.60714 13.139
    endloop
  endfacet
  facet normal 0.914445 0 0.40471
    outer loop
      vertex 35.966 -6.61527 13.038
      vertex 35.9213 -7.68171 13.139
      vertex 35.966 -7.68986 13.038
    endloop
  endfacet
  facet normal -0.267177 0 0.963648
    outer loop
      vertex 38.5467 -8.7114 11.8174
      vertex 38.6531 -7.66446 11.8469
      vertex 38.5467 -7.61456 11.8174
    endloop
  endfacet
  facet normal -0.267177 0 0.963648
    outer loop
      vertex 38.6531 -7.66446 11.8469
      vertex 38.5467 -8.7114 11.8174
      vertex 38.6531 -8.76129 11.8469
    endloop
  endfacet
  facet normal -0.932784 0 -0.360435
    outer loop
      vertex 40.1185 -8.63118 14.758
      vertex 40.0787 -9.72993 14.861
      vertex 40.0787 -8.62788 14.861
    endloop
  endfacet
  facet normal -0.932784 0 -0.360435
    outer loop
      vertex 40.0787 -9.72993 14.861
      vertex 40.1185 -8.63118 14.758
      vertex 40.1185 -9.73324 14.758
    endloop
  endfacet
  facet normal 0.313239 -0 0.949674
    outer loop
      vertex 37.242 -8.13897 11.8815
      vertex 37.3469 -7.08542 11.8469
      vertex 37.242 -7.04214 11.8815
    endloop
  endfacet
  facet normal 0.313239 0 0.949674
    outer loop
      vertex 37.3469 -7.08542 11.8469
      vertex 37.242 -8.13897 11.8815
      vertex 37.3469 -8.18226 11.8469
    endloop
  endfacet
  facet normal -0.00110722 -0.00246049 0.999996
    outer loop
      vertex 38 -8.46284 11.75
      vertex 38.1104 -7.41518 11.7527
      vertex 38.1098 -7.41491 11.7527
    endloop
  endfacet
  facet normal -0.0245827 0 0.999698
    outer loop
      vertex 38 -8.46284 11.75
      vertex 38.1098 -7.41491 11.7527
      vertex 38 -7.366 11.75
    endloop
  endfacet
  facet normal -0.0244492 0 0.999701
    outer loop
      vertex 38.1104 -7.41518 11.7527
      vertex 38 -8.46284 11.75
      vertex 38.1104 -8.51203 11.7527
    endloop
  endfacet
  facet normal 0.360435 0 -0.932784
    outer loop
      vertex 37.139 -8.5959 16.0787
      vertex 37.242 -7.5453 16.1185
      vertex 37.242 -8.64709 16.1185
    endloop
  endfacet
  facet normal 0.360435 0 -0.932784
    outer loop
      vertex 37.242 -7.5453 16.1185
      vertex 37.139 -8.5959 16.0787
      vertex 37.139 -7.4941 16.0787
    endloop
  endfacet
  facet normal 0.170119 0 -0.985424
    outer loop
      vertex 37.561 -8.80077 16.2068
      vertex 37.6699 -7.74986 16.2256
      vertex 37.6699 -8.85162 16.2256
    endloop
  endfacet
  facet normal 0.170119 0 -0.985424
    outer loop
      vertex 37.6699 -7.74986 16.2256
      vertex 37.561 -8.80077 16.2068
      vertex 37.561 -7.699 16.2068
    endloop
  endfacet
  facet normal 0.689225 -0 0.724547
    outer loop
      vertex 36.409 -7.81836 12.409
      vertex 36.489 -6.7532 12.3329
      vertex 36.409 -6.72924 12.409
    endloop
  endfacet
  facet normal 0.689225 0 0.724547
    outer loop
      vertex 36.489 -6.7532 12.3329
      vertex 36.409 -7.81836 12.409
      vertex 36.489 -7.84679 12.3329
    endloop
  endfacet
  facet normal -0.267177 0 -0.963648
    outer loop
      vertex 38.5467 -9.23432 16.1826
      vertex 38.6531 -8.17564 16.1531
      vertex 38.6531 -9.27741 16.1531
    endloop
  endfacet
  facet normal -0.267177 0 -0.963648
    outer loop
      vertex 38.6531 -8.17564 16.1531
      vertex 38.5467 -9.23432 16.1826
      vertex 38.5467 -8.13255 16.1826
    endloop
  endfacet
  facet normal -0.756823 0 0.65362
    outer loop
      vertex 39.6671 -9.26996 12.489
      vertex 39.7393 -8.21291 12.5726
      vertex 39.6671 -8.17322 12.489
    endloop
  endfacet
  facet normal -0.756823 0 0.65362
    outer loop
      vertex 39.7393 -8.21291 12.5726
      vertex 39.6671 -9.26996 12.489
      vertex 39.7393 -9.30965 12.5726
    endloop
  endfacet
  facet normal -0.57583 0 -0.81757
    outer loop
      vertex 39.25 -9.5028 15.8708
      vertex 39.3403 -8.43214 15.8072
      vertex 39.3403 -9.53399 15.8072
    endloop
  endfacet
  facet normal -0.57583 0 -0.81757
    outer loop
      vertex 39.3403 -8.43214 15.8072
      vertex 39.25 -9.5028 15.8708
      vertex 39.25 -8.40096 15.8708
    endloop
  endfacet
  facet normal -0.0236728 0 -0.99972
    outer loop
      vertex 38.0555 -9.02574 16.2486
      vertex 38.1104 -7.94815 16.2473
      vertex 38.1104 -9.04991 16.2473
    endloop
  endfacet
  facet normal -0.0251834 7.70053e-05 -0.999683
    outer loop
      vertex 38 -9.00135 16.25
      vertex 38.1104 -7.94815 16.2473
      vertex 38.0555 -9.02574 16.2486
    endloop
  endfacet
  facet normal -0.0244492 0 -0.999701
    outer loop
      vertex 38.1104 -7.94815 16.2473
      vertex 38 -9.00135 16.25
      vertex 38 -7.89959 16.25
    endloop
  endfacet
  facet normal 0.689225 0 -0.724547
    outer loop
      vertex 36.409 -8.20461 15.591
      vertex 36.489 -7.14876 15.6671
      vertex 36.489 -8.25064 15.6671
    endloop
  endfacet
  facet normal 0.689225 0 -0.724547
    outer loop
      vertex 36.489 -7.14876 15.6671
      vertex 36.409 -8.20461 15.591
      vertex 36.409 -7.10271 15.591
    endloop
  endfacet
  facet normal -0.689225 0 -0.724547
    outer loop
      vertex 39.511 -9.5902 15.6671
      vertex 39.591 -8.51319 15.591
      vertex 39.591 -9.61508 15.591
    endloop
  endfacet
  facet normal -0.689225 0 -0.724547
    outer loop
      vertex 39.591 -8.51319 15.591
      vertex 39.511 -9.5902 15.6671
      vertex 39.511 -8.48832 15.6671
    endloop
  endfacet
  facet normal -0.123143 0 -0.992389
    outer loop
      vertex 38.2205 -9.0976 16.2392
      vertex 38.3301 -8.04255 16.2256
      vertex 38.3301 -9.14431 16.2256
    endloop
  endfacet
  facet normal -0.123143 0 -0.992389
    outer loop
      vertex 38.3301 -8.04255 16.2256
      vertex 38.2205 -9.0976 16.2392
      vertex 38.2205 -7.99584 16.2392
    endloop
  endfacet
  facet normal -0.57583 0 0.81757
    outer loop
      vertex 39.25 -9.0519 12.1292
      vertex 39.3403 -8.001 12.1928
      vertex 39.25 -7.95511 12.1292
    endloop
  endfacet
  facet normal -0.57583 0 0.81757
    outer loop
      vertex 39.3403 -8.001 12.1928
      vertex 39.25 -9.0519 12.1292
      vertex 39.3403 -9.09779 12.1928
    endloop
  endfacet
  facet normal -0.949674 0 0.313239
    outer loop
      vertex 40.1185 -9.53945 13.242
      vertex 40.1531 -8.46784 13.3469
      vertex 40.1185 -8.44281 13.242
    endloop
  endfacet
  facet normal -0.949674 0 0.313239
    outer loop
      vertex 40.1531 -8.46784 13.3469
      vertex 40.1185 -9.53945 13.242
      vertex 40.1531 -9.56447 13.3469
    endloop
  endfacet
  facet normal -0.360435 0 -0.932784
    outer loop
      vertex 38.758 -9.31909 16.1185
      vertex 38.861 -8.25745 16.0787
      vertex 38.861 -9.35924 16.0787
    endloop
  endfacet
  facet normal -0.360435 0 -0.932784
    outer loop
      vertex 38.861 -8.25745 16.0787
      vertex 38.758 -9.31909 16.1185
      vertex 38.758 -8.2173 16.1185
    endloop
  endfacet
  facet normal 0.65362 0 -0.756823
    outer loop
      vertex 36.489 -8.25064 15.6671
      vertex 36.5726 -7.19585 15.7393
      vertex 36.5726 -8.29772 15.7393
    endloop
  endfacet
  facet normal 0.65362 0 -0.756823
    outer loop
      vertex 36.5726 -7.19585 15.7393
      vertex 36.489 -8.25064 15.6671
      vertex 36.489 -7.14876 15.6671
    endloop
  endfacet
  facet normal -0.689225 0 0.724547
    outer loop
      vertex 39.511 -9.18636 12.3329
      vertex 39.591 -8.13208 12.409
      vertex 39.511 -8.08959 12.3329
    endloop
  endfacet
  facet normal -0.689225 0 0.724547
    outer loop
      vertex 39.591 -8.13208 12.409
      vertex 39.511 -9.18636 12.3329
      vertex 39.591 -9.22883 12.409
    endloop
  endfacet
  facet normal -0.963648 0 -0.267177
    outer loop
      vertex 40.1826 -9.73232 14.5467
      vertex 40.1531 -8.63195 14.6531
      vertex 40.1826 -8.63021 14.5467
    endloop
  endfacet
  facet normal -0.963648 -0 -0.267177
    outer loop
      vertex 40.1531 -8.63195 14.6531
      vertex 40.1826 -9.73232 14.5467
      vertex 40.1531 -9.73404 14.6531
    endloop
  endfacet
  facet normal -0.492624 0 -0.870242
    outer loop
      vertex 39.0606 -9.43461 15.9843
      vertex 39.1567 -8.36782 15.9299
      vertex 39.1567 -9.46965 15.9299
    endloop
  endfacet
  facet normal -0.492624 0 -0.870242
    outer loop
      vertex 39.1567 -8.36782 15.9299
      vertex 39.0606 -9.43461 15.9843
      vertex 39.0606 -8.3328 15.9843
    endloop
  endfacet
  facet normal 0.492624 0 -0.870242
    outer loop
      vertex 36.8433 -8.44416 15.9299
      vertex 36.9394 -7.3925 15.9843
      vertex 36.9394 -8.49431 15.9843
    endloop
  endfacet
  facet normal 0.492624 0 -0.870242
    outer loop
      vertex 36.9394 -7.3925 15.9843
      vertex 36.8433 -8.44416 15.9299
      vertex 36.8433 -7.34233 15.9299
    endloop
  endfacet
  facet normal 0.932784 0 -0.360435
    outer loop
      vertex 35.9213 -6.81507 14.861
      vertex 35.8815 -7.86559 14.758
      vertex 35.8815 -6.7857 14.758
    endloop
  endfacet
  facet normal 0.932784 0 -0.360435
    outer loop
      vertex 35.8815 -7.86559 14.758
      vertex 35.9213 -6.81507 14.861
      vertex 35.9213 -7.89494 14.861
    endloop
  endfacet
  facet normal 0.788669 -0 0.614818
    outer loop
      vertex 36.1928 -7.74562 12.6597
      vertex 36.2607 -6.68684 12.5726
      vertex 36.1928 -6.66851 12.6597
    endloop
  endfacet
  facet normal 0.788669 0 0.614818
    outer loop
      vertex 36.2607 -6.68684 12.5726
      vertex 36.1928 -7.74562 12.6597
      vertex 36.2607 -7.76771 12.5726
    endloop
  endfacet
  facet normal -0.81757 0 -0.57583
    outer loop
      vertex 39.8708 -8.58981 15.25
      vertex 39.8072 -9.67613 15.3403
      vertex 39.8072 -8.57418 15.3403
    endloop
  endfacet
  facet normal -0.81757 0 -0.57583
    outer loop
      vertex 39.8072 -9.67613 15.3403
      vertex 39.8708 -8.58981 15.25
      vertex 39.8708 -9.69178 15.25
    endloop
  endfacet
  facet normal -0.65362 0 0.756823
    outer loop
      vertex 39.4274 -9.14264 12.2607
      vertex 39.511 -8.08959 12.3329
      vertex 39.4274 -8.04587 12.2607
    endloop
  endfacet
  facet normal -0.65362 0 0.756823
    outer loop
      vertex 39.511 -8.08959 12.3329
      vertex 39.4274 -9.14264 12.2607
      vertex 39.511 -9.18636 12.3329
    endloop
  endfacet
  facet normal 0.788669 0 -0.614818
    outer loop
      vertex 36.2607 -7.02319 15.4274
      vertex 36.1928 -8.07396 15.3403
      vertex 36.1928 -6.98511 15.3403
    endloop
  endfacet
  facet normal 0.788669 0 -0.614818
    outer loop
      vertex 36.1928 -8.07396 15.3403
      vertex 36.2607 -7.02319 15.4274
      vertex 36.2607 -8.11616 15.4274
    endloop
  endfacet
  facet normal -0.123143 0 0.992389
    outer loop
      vertex 38.2205 -8.5616 11.7608
      vertex 38.3301 -7.51459 11.7744
      vertex 38.2205 -7.46475 11.7608
    endloop
  endfacet
  facet normal -0.123143 0 0.992389
    outer loop
      vertex 38.3301 -7.51459 11.7744
      vertex 38.2205 -8.5616 11.7608
      vertex 38.3301 -8.61143 11.7744
    endloop
  endfacet
  facet normal -0.360435 0 0.932784
    outer loop
      vertex 38.758 -8.81097 11.8815
      vertex 38.861 -7.76348 11.9213
      vertex 38.758 -7.71414 11.8815
    endloop
  endfacet
  facet normal -0.360435 0 0.932784
    outer loop
      vertex 38.861 -7.76348 11.9213
      vertex 38.758 -8.81097 11.8815
      vertex 38.861 -8.8603 11.9213
    endloop
  endfacet
  facet normal 0.756823 0 -0.65362
    outer loop
      vertex 36.3329 -7.0624 15.511
      vertex 36.2607 -8.11616 15.4274
      vertex 36.2607 -7.02319 15.4274
    endloop
  endfacet
  facet normal 0.756823 0 -0.65362
    outer loop
      vertex 36.2607 -8.11616 15.4274
      vertex 36.3329 -7.0624 15.511
      vertex 36.3329 -8.15975 15.511
    endloop
  endfacet
  facet normal -0.992365 0 0.123334
    outer loop
      vertex 40.2256 -9.62966 13.6699
      vertex 40.2321 -8.53752 13.7222
      vertex 40.2256 -8.52982 13.6699
    endloop
  endfacet
  facet normal -0.99241 1.75984e-05 0.122972
    outer loop
      vertex 40.2321 -8.53752 13.7222
      vertex 40.2256 -9.62966 13.6699
      vertex 40.2392 -8.5486 13.7795
    endloop
  endfacet
  facet normal -0.992389 0 0.123143
    outer loop
      vertex 40.2392 -8.5486 13.7795
      vertex 40.2256 -9.62966 13.6699
      vertex 40.2392 -9.65088 13.7795
    endloop
  endfacet
  facet normal 0.40471 0 -0.914445
    outer loop
      vertex 37.038 -8.54493 16.034
      vertex 37.139 -7.4941 16.0787
      vertex 37.139 -8.5959 16.0787
    endloop
  endfacet
  facet normal 0.40471 0 -0.914445
    outer loop
      vertex 37.139 -7.4941 16.0787
      vertex 37.038 -8.54493 16.034
      vertex 37.038 -7.44313 16.034
    endloop
  endfacet
  facet normal 0.267177 -0 0.963648
    outer loop
      vertex 37.3469 -8.18226 11.8469
      vertex 37.4533 -7.12988 11.8174
      vertex 37.3469 -7.08542 11.8469
    endloop
  endfacet
  facet normal 0.267177 0 0.963648
    outer loop
      vertex 37.4533 -7.12988 11.8174
      vertex 37.3469 -8.18226 11.8469
      vertex 37.4533 -8.22672 11.8174
    endloop
  endfacet
  facet normal -0.914445 0 -0.40471
    outer loop
      vertex 40.0787 -8.62788 14.861
      vertex 40.034 -9.72411 14.962
      vertex 40.034 -8.62209 14.962
    endloop
  endfacet
  facet normal -0.914445 0 -0.40471
    outer loop
      vertex 40.034 -9.72411 14.962
      vertex 40.0787 -8.62788 14.861
      vertex 40.0787 -9.72993 14.861
    endloop
  endfacet
  facet normal 0.997305 0 0.0733712
    outer loop
      vertex 35.7527 -6.61769 13.8896
      vertex 35.7608 -7.6859 13.7795
      vertex 35.7608 -6.60582 13.7795
    endloop
  endfacet
  facet normal 0.997305 0 0.0733712
    outer loop
      vertex 35.7608 -7.6859 13.7795
      vertex 35.7527 -6.61769 13.8896
      vertex 35.7527 -7.69775 13.8896
    endloop
  endfacet
  facet normal -0.975673 0 -0.219232
    outer loop
      vertex 40.2068 -9.72808 14.439
      vertex 40.1826 -8.63021 14.5467
      vertex 40.2068 -8.62595 14.439
    endloop
  endfacet
  facet normal -0.975673 -0 -0.219232
    outer loop
      vertex 40.1826 -8.63021 14.5467
      vertex 40.2068 -9.72808 14.439
      vertex 40.1826 -9.73232 14.5467
    endloop
  endfacet
  facet normal 0.81757 -0 0.57583
    outer loop
      vertex 36.1292 -7.72678 12.75
      vertex 36.1928 -6.66851 12.6597
      vertex 36.1292 -6.65215 12.75
    endloop
  endfacet
  facet normal 0.817484 1.55602e-05 0.575952
    outer loop
      vertex 36.1478 -7.73156 12.7236
      vertex 36.1928 -6.66851 12.6597
      vertex 36.1292 -7.72678 12.75
    endloop
  endfacet
  facet normal 0.817606 0 0.575779
    outer loop
      vertex 36.1928 -6.66851 12.6597
      vertex 36.1478 -7.73156 12.7236
      vertex 36.1928 -7.74562 12.6597
    endloop
  endfacet
  facet normal -0.724547 0 -0.689225
    outer loop
      vertex 39.6671 -8.53582 15.511
      vertex 39.591 -9.61508 15.591
      vertex 39.591 -8.51319 15.591
    endloop
  endfacet
  facet normal -0.724547 0 -0.689225
    outer loop
      vertex 39.591 -9.61508 15.591
      vertex 39.6671 -8.53582 15.511
      vertex 39.6671 -9.63773 15.511
    endloop
  endfacet
  facet normal -0.999701 0 0.0244492
    outer loop
      vertex 40.2473 -9.66977 13.8896
      vertex 40.25 -8.58407 14
      vertex 40.2473 -8.56752 13.8896
    endloop
  endfacet
  facet normal -0.999701 0 0.0244492
    outer loop
      vertex 40.25 -8.58407 14
      vertex 40.2473 -9.66977 13.8896
      vertex 40.25 -9.6863 14
    endloop
  endfacet
  facet normal -0.535117 0 -0.844778
    outer loop
      vertex 39.1567 -9.46965 15.9299
      vertex 39.25 -8.40096 15.8708
      vertex 39.25 -9.5028 15.8708
    endloop
  endfacet
  facet normal -0.535117 0 -0.844778
    outer loop
      vertex 39.25 -8.40096 15.8708
      vertex 39.1567 -9.46965 15.9299
      vertex 39.1567 -8.36782 15.9299
    endloop
  endfacet
  facet normal -0.170119 0 0.985424
    outer loop
      vertex 38.3301 -8.61143 11.7744
      vertex 38.439 -7.56456 11.7932
      vertex 38.3301 -7.51459 11.7744
    endloop
  endfacet
  facet normal -0.170119 0 0.985424
    outer loop
      vertex 38.439 -7.56456 11.7932
      vertex 38.3301 -8.61143 11.7744
      vertex 38.439 -8.6614 11.7932
    endloop
  endfacet
  facet normal -0.614818 0 0.788669
    outer loop
      vertex 39.3403 -9.09779 12.1928
      vertex 39.4274 -8.04587 12.2607
      vertex 39.3403 -8.001 12.1928
    endloop
  endfacet
  facet normal -0.614818 0 0.788669
    outer loop
      vertex 39.4274 -8.04587 12.2607
      vertex 39.3403 -9.09779 12.1928
      vertex 39.4274 -9.14264 12.2607
    endloop
  endfacet
  facet normal -0.40471 0 0.914445
    outer loop
      vertex 38.861 -8.8603 11.9213
      vertex 38.962 -7.81237 11.966
      vertex 38.861 -7.76348 11.9213
    endloop
  endfacet
  facet normal -0.40471 0 0.914445
    outer loop
      vertex 38.962 -7.81237 11.966
      vertex 38.861 -8.8603 11.9213
      vertex 38.962 -8.90918 11.966
    endloop
  endfacet
  facet normal 0.0733712 0 -0.997305
    outer loop
      vertex 37.7795 -8.90209 16.2392
      vertex 37.8896 -7.85028 16.2473
      vertex 37.8896 -8.95203 16.2473
    endloop
  endfacet
  facet normal 0.0733712 0 -0.997305
    outer loop
      vertex 37.8896 -7.85028 16.2473
      vertex 37.7795 -8.90209 16.2392
      vertex 37.7795 -7.80033 16.2392
    endloop
  endfacet
  facet normal 0.123143 0 -0.992389
    outer loop
      vertex 37.6699 -8.85162 16.2256
      vertex 37.7795 -7.80033 16.2392
      vertex 37.7795 -8.90209 16.2392
    endloop
  endfacet
  facet normal 0.123143 0 -0.992389
    outer loop
      vertex 37.7795 -7.80033 16.2392
      vertex 37.6699 -8.85162 16.2256
      vertex 37.6699 -7.74986 16.2256
    endloop
  endfacet
  facet normal -0.788669 0 -0.614818
    outer loop
      vertex 39.8072 -8.57418 15.3403
      vertex 39.7393 -9.6581 15.4274
      vertex 39.7393 -8.55617 15.4274
    endloop
  endfacet
  facet normal -0.788669 0 -0.614818
    outer loop
      vertex 39.7393 -9.6581 15.4274
      vertex 39.8072 -8.57418 15.3403
      vertex 39.8072 -9.67613 15.3403
    endloop
  endfacet
  facet normal 0.963648 -0 0.267177
    outer loop
      vertex 35.8174 -7.67005 13.4533
      vertex 35.8469 -6.59725 13.3469
      vertex 35.8174 -6.59552 13.4533
    endloop
  endfacet
  facet normal 0.963648 0 0.267177
    outer loop
      vertex 35.8469 -6.59725 13.3469
      vertex 35.8174 -7.67005 13.4533
      vertex 35.8469 -7.6718 13.3469
    endloop
  endfacet
  facet normal -0.614818 0 -0.788669
    outer loop
      vertex 39.3403 -9.53399 15.8072
      vertex 39.4274 -8.46129 15.7393
      vertex 39.4274 -9.56315 15.7393
    endloop
  endfacet
  facet normal -0.614818 0 -0.788669
    outer loop
      vertex 39.4274 -8.46129 15.7393
      vertex 39.3403 -9.53399 15.8072
      vertex 39.3403 -8.43214 15.8072
    endloop
  endfacet
  facet normal 0.450109 -0 0.892973
    outer loop
      vertex 36.9394 -8.01718 12.0157
      vertex 37.038 -6.95952 11.966
      vertex 36.9394 -6.92038 12.0157
    endloop
  endfacet
  facet normal 0.450109 0 0.892973
    outer loop
      vertex 37.038 -6.95952 11.966
      vertex 36.9394 -8.01718 12.0157
      vertex 37.038 -8.05633 11.966
    endloop
  endfacet
  facet normal 0.219232 -0 0.975673
    outer loop
      vertex 37.4533 -8.22672 11.8174
      vertex 37.561 -7.17541 11.7932
      vertex 37.4533 -7.12988 11.8174
    endloop
  endfacet
  facet normal 0.219232 0 0.975673
    outer loop
      vertex 37.561 -7.17541 11.7932
      vertex 37.4533 -8.22672 11.8174
      vertex 37.561 -8.27225 11.7932
    endloop
  endfacet
  facet normal 0.756823 -0 0.65362
    outer loop
      vertex 36.2607 -7.76771 12.5726
      vertex 36.3329 -6.7071 12.489
      vertex 36.2607 -6.68684 12.5726
    endloop
  endfacet
  facet normal 0.756823 0 0.65362
    outer loop
      vertex 36.3329 -6.7071 12.489
      vertex 36.2607 -7.76771 12.5726
      vertex 36.3329 -7.79198 12.489
    endloop
  endfacet
  facet normal 0.81757 0 -0.57583
    outer loop
      vertex 36.1928 -6.98511 15.3403
      vertex 36.1292 -8.03323 15.25
      vertex 36.1292 -6.94828 15.25
    endloop
  endfacet
  facet normal 0.81757 0 -0.57583
    outer loop
      vertex 36.1292 -8.03323 15.25
      vertex 36.1928 -6.98511 15.3403
      vertex 36.1928 -8.07396 15.3403
    endloop
  endfacet
  facet normal 0.757924 -0.00519594 -0.652322
    outer loop
      vertex 36.3329 -8.15975 15.511
      vertex 36.4084 -7.10235 15.5903
      vertex 36.409 -7.10271 15.591
    endloop
  endfacet
  facet normal 0.724247 0 -0.689541
    outer loop
      vertex 36.4084 -7.10235 15.5903
      vertex 36.3329 -8.15975 15.511
      vertex 36.3329 -7.0624 15.511
    endloop
  endfacet
  facet normal 0.724547 0 -0.689225
    outer loop
      vertex 36.3329 -8.15975 15.511
      vertex 36.409 -7.10271 15.591
      vertex 36.409 -8.20461 15.591
    endloop
  endfacet
  facet normal -0.492624 0 0.870242
    outer loop
      vertex 39.0606 -8.95749 12.0157
      vertex 39.1567 -7.9083 12.0701
      vertex 39.0606 -7.86068 12.0157
    endloop
  endfacet
  facet normal -0.492624 0 0.870242
    outer loop
      vertex 39.1567 -7.9083 12.0701
      vertex 39.0606 -8.95749 12.0157
      vertex 39.1567 -9.0051 12.0701
    endloop
  endfacet
  facet normal 0.844778 -0 0.535117
    outer loop
      vertex 36.0701 -7.71242 12.8433
      vertex 36.1292 -6.65215 12.75
      vertex 36.0701 -6.6378 12.8433
    endloop
  endfacet
  facet normal 0.844778 0 0.535117
    outer loop
      vertex 36.1292 -6.65215 12.75
      vertex 36.0701 -7.71242 12.8433
      vertex 36.1292 -7.72678 12.75
    endloop
  endfacet
  facet normal -0.81757 0 0.57583
    outer loop
      vertex 39.8072 -9.34779 12.6597
      vertex 39.8708 -8.28759 12.75
      vertex 39.8072 -8.25107 12.6597
    endloop
  endfacet
  facet normal -0.81757 0 0.57583
    outer loop
      vertex 39.8708 -8.28759 12.75
      vertex 39.8072 -9.34779 12.6597
      vertex 39.8708 -9.3843 12.75
    endloop
  endfacet
  facet normal 0.870242 0 -0.492624
    outer loop
      vertex 36.0701 -6.91278 15.1567
      vertex 36.0157 -7.95851 15.0606
      vertex 36.0157 -6.87869 15.0606
    endloop
  endfacet
  facet normal 0.870435 -4.13622e-05 -0.492283
    outer loop
      vertex 36.0701 -6.91278 15.1567
      vertex 36.0459 -7.97744 15.114
      vertex 36.0157 -7.95851 15.0606
    endloop
  endfacet
  facet normal 0.869993 0 -0.493064
    outer loop
      vertex 36.0459 -7.97744 15.114
      vertex 36.0701 -6.91278 15.1567
      vertex 36.0701 -7.99409 15.1567
    endloop
  endfacet
  facet normal 0.949674 0 -0.313239
    outer loop
      vertex 35.8815 -6.7857 14.758
      vertex 35.8469 -7.83796 14.6531
      vertex 35.8469 -6.75805 14.6531
    endloop
  endfacet
  facet normal 0.949674 0 -0.313239
    outer loop
      vertex 35.8469 -7.83796 14.6531
      vertex 35.8815 -6.7857 14.758
      vertex 35.8815 -7.86559 14.758
    endloop
  endfacet
  facet normal 0.40471 -0 0.914445
    outer loop
      vertex 37.038 -8.05633 11.966
      vertex 37.139 -7.00014 11.9213
      vertex 37.038 -6.95952 11.966
    endloop
  endfacet
  facet normal 0.40471 0 0.914445
    outer loop
      vertex 37.139 -7.00014 11.9213
      vertex 37.038 -8.05633 11.966
      vertex 37.139 -8.09696 11.9213
    endloop
  endfacet
  facet normal 0.975673 0 0.219232
    outer loop
      vertex 35.7932 -6.59593 13.561
      vertex 35.8174 -7.67005 13.4533
      vertex 35.8174 -6.59552 13.4533
    endloop
  endfacet
  facet normal 0.975673 0 0.219232
    outer loop
      vertex 35.8174 -7.67005 13.4533
      vertex 35.7932 -6.59593 13.561
      vertex 35.7932 -7.67045 13.561
    endloop
  endfacet
  facet normal 0.985424 -1.60006e-06 0.170119
    outer loop
      vertex 35.7865 -7.67136 13.5998
      vertex 35.7932 -6.59593 13.561
      vertex 35.7744 -6.5985 13.6699
    endloop
  endfacet
  facet normal 0.985416 0 0.170162
    outer loop
      vertex 35.7932 -6.59593 13.561
      vertex 35.7865 -7.67136 13.5998
      vertex 35.7932 -7.67045 13.561
    endloop
  endfacet
  facet normal 0.985428 0 0.170095
    outer loop
      vertex 35.7865 -7.67136 13.5998
      vertex 35.7744 -6.5985 13.6699
      vertex 35.7744 -7.6762 13.6699
    endloop
  endfacet
  facet normal -0.870242 0 0.492624
    outer loop
      vertex 39.9299 -9.41909 12.8433
      vertex 39.9843 -8.3554 12.9394
      vertex 39.9299 -8.3224 12.8433
    endloop
  endfacet
  facet normal -0.870242 0 0.492624
    outer loop
      vertex 39.9843 -8.3554 12.9394
      vertex 39.9299 -9.41909 12.8433
      vertex 39.9843 -9.45208 12.9394
    endloop
  endfacet
  facet normal 0.0244492 -0 0.999701
    outer loop
      vertex 37.8896 -8.41415 11.7527
      vertex 38 -7.366 11.75
      vertex 37.8896 -7.31731 11.7527
    endloop
  endfacet
  facet normal 0.0244492 0 0.999701
    outer loop
      vertex 38 -7.366 11.75
      vertex 37.8896 -8.41415 11.7527
      vertex 38 -8.46284 11.75
    endloop
  endfacet
  facet normal -0.756823 0 -0.65362
    outer loop
      vertex 39.7393 -8.55617 15.4274
      vertex 39.6671 -9.63773 15.511
      vertex 39.6671 -8.53582 15.511
    endloop
  endfacet
  facet normal -0.756823 0 -0.65362
    outer loop
      vertex 39.6671 -9.63773 15.511
      vertex 39.7393 -8.55617 15.4274
      vertex 39.7393 -9.6581 15.4274
    endloop
  endfacet
  facet normal 0.492624 -0 0.870242
    outer loop
      vertex 36.8433 -7.97961 12.0701
      vertex 36.9394 -6.92038 12.0157
      vertex 36.8433 -6.88281 12.0701
    endloop
  endfacet
  facet normal 0.492624 0 0.870242
    outer loop
      vertex 36.9394 -6.92038 12.0157
      vertex 36.8433 -7.97961 12.0701
      vertex 36.9394 -8.01718 12.0157
    endloop
  endfacet
  facet normal -0.535117 0 0.844778
    outer loop
      vertex 39.1567 -9.0051 12.0701
      vertex 39.25 -7.95511 12.1292
      vertex 39.1567 -7.9083 12.0701
    endloop
  endfacet
  facet normal -0.535117 0 0.844778
    outer loop
      vertex 39.25 -7.95511 12.1292
      vertex 39.1567 -9.0051 12.0701
      vertex 39.25 -9.0519 12.1292
    endloop
  endfacet
  facet normal 0.892973 0 -0.450109
    outer loop
      vertex 36.0157 -6.87869 15.0606
      vertex 35.966 -7.92593 14.962
      vertex 35.966 -6.84609 14.962
    endloop
  endfacet
  facet normal 0.892973 0 -0.450109
    outer loop
      vertex 35.966 -7.92593 14.962
      vertex 36.0157 -6.87869 15.0606
      vertex 36.0157 -7.95851 15.0606
    endloop
  endfacet
  facet normal 0.963648 0 -0.267177
    outer loop
      vertex 35.8469 -6.75805 14.6531
      vertex 35.8174 -7.81211 14.5467
      vertex 35.8174 -6.73219 14.5467
    endloop
  endfacet
  facet normal 0.963648 0 -0.267177
    outer loop
      vertex 35.8174 -7.81211 14.5467
      vertex 35.8469 -6.75805 14.6531
      vertex 35.8469 -7.83796 14.6531
    endloop
  endfacet
  facet normal 0.999701 0 0.0244492
    outer loop
      vertex 35.75 -6.63169 14
      vertex 35.7527 -7.69775 13.8896
      vertex 35.7527 -6.61769 13.8896
    endloop
  endfacet
  facet normal 0.999701 0 0.0244492
    outer loop
      vertex 35.7527 -7.69775 13.8896
      vertex 35.75 -6.63169 14
      vertex 35.75 -7.71172 14
    endloop
  endfacet
  facet normal 0.267177 0 -0.963648
    outer loop
      vertex 37.3469 -8.69838 16.1531
      vertex 37.4533 -7.64788 16.1826
      vertex 37.4533 -8.74965 16.1826
    endloop
  endfacet
  facet normal 0.267177 0 -0.963648
    outer loop
      vertex 37.4533 -7.64788 16.1826
      vertex 37.3469 -8.69838 16.1531
      vertex 37.3469 -7.5966 16.1531
    endloop
  endfacet
  facet normal 0.999701 0 -0.0244492
    outer loop
      vertex 35.7527 -6.64778 14.1104
      vertex 35.75 -7.71172 14
      vertex 35.75 -6.63169 14
    endloop
  endfacet
  facet normal 0.999701 0 -0.0244492
    outer loop
      vertex 35.75 -7.71172 14
      vertex 35.7527 -6.64778 14.1104
      vertex 35.7527 -7.72779 14.1104
    endloop
  endfacet
  facet normal 0.535117 0 -0.844778
    outer loop
      vertex 36.75 -8.3946 15.8708
      vertex 36.8433 -7.34233 15.9299
      vertex 36.8433 -8.44416 15.9299
    endloop
  endfacet
  facet normal 0.535117 0 -0.844778
    outer loop
      vertex 36.8433 -7.34233 15.9299
      vertex 36.75 -8.3946 15.8708
      vertex 36.75 -7.29276 15.8708
    endloop
  endfacet
  facet normal 0.997305 0 -0.0733712
    outer loop
      vertex 35.7608 -6.66592 14.2205
      vertex 35.7527 -7.72779 14.1104
      vertex 35.7527 -6.64778 14.1104
    endloop
  endfacet
  facet normal 0.997305 0 -0.0733712
    outer loop
      vertex 35.7527 -7.72779 14.1104
      vertex 35.7608 -6.66592 14.2205
      vertex 35.7608 -7.74591 14.2205
    endloop
  endfacet
  facet normal 0.313239 0 -0.949674
    outer loop
      vertex 37.242 -8.64709 16.1185
      vertex 37.3469 -7.5966 16.1531
      vertex 37.3469 -8.69838 16.1531
    endloop
  endfacet
  facet normal 0.313239 0 -0.949674
    outer loop
      vertex 37.3469 -7.5966 16.1531
      vertex 37.242 -8.64709 16.1185
      vertex 37.242 -7.5453 16.1185
    endloop
  endfacet
  facet normal -0.170119 0 -0.985424
    outer loop
      vertex 38.3301 -9.14431 16.2256
      vertex 38.439 -8.08815 16.2068
      vertex 38.439 -9.18992 16.2068
    endloop
  endfacet
  facet normal -0.170622 5.3458e-05 -0.985336
    outer loop
      vertex 38.439 -8.08815 16.2068
      vertex 38.3301 -9.14431 16.2256
      vertex 38.3316 -8.04314 16.2254
    endloop
  endfacet
  facet normal -0.132164 0 -0.991228
    outer loop
      vertex 38.3316 -8.04314 16.2254
      vertex 38.3301 -9.14431 16.2256
      vertex 38.3301 -8.04255 16.2256
    endloop
  endfacet
  facet normal 0.614818 -0 0.788669
    outer loop
      vertex 36.5726 -7.87721 12.2607
      vertex 36.6597 -6.81275 12.1928
      vertex 36.5726 -6.78043 12.2607
    endloop
  endfacet
  facet normal 0.614818 0 0.788669
    outer loop
      vertex 36.6597 -6.81275 12.1928
      vertex 36.5726 -7.87721 12.2607
      vertex 36.6597 -7.90954 12.1928
    endloop
  endfacet
  facet normal 0.654476 -0.000117296 0.756082
    outer loop
      vertex 36.489 -7.84679 12.3329
      vertex 36.5726 -6.78043 12.2607
      vertex 36.5458 -6.77068 12.2839
    endloop
  endfacet
  facet normal 0.653203 -0 0.757183
    outer loop
      vertex 36.489 -7.84679 12.3329
      vertex 36.5458 -6.77068 12.2839
      vertex 36.489 -6.7532 12.3329
    endloop
  endfacet
  facet normal 0.65362 0 0.756823
    outer loop
      vertex 36.5726 -6.78043 12.2607
      vertex 36.489 -7.84679 12.3329
      vertex 36.5726 -7.87721 12.2607
    endloop
  endfacet
  facet normal -0.932784 0 0.360435
    outer loop
      vertex 40.0787 -9.51233 13.139
      vertex 40.1185 -8.44281 13.242
      vertex 40.0787 -8.41568 13.139
    endloop
  endfacet
  facet normal -0.932784 0 0.360435
    outer loop
      vertex 40.1185 -8.44281 13.242
      vertex 40.0787 -9.51233 13.139
      vertex 40.1185 -9.53945 13.242
    endloop
  endfacet
  facet normal 0.949674 -0 0.313239
    outer loop
      vertex 35.8469 -7.6718 13.3469
      vertex 35.8815 -6.60113 13.242
      vertex 35.8469 -6.59725 13.3469
    endloop
  endfacet
  facet normal 0.949674 0 0.313239
    outer loop
      vertex 35.8815 -6.60113 13.242
      vertex 35.8469 -7.6718 13.3469
      vertex 35.8815 -7.67569 13.242
    endloop
  endfacet
  facet normal -0.914445 0 0.40471
    outer loop
      vertex 40.034 -9.48318 13.038
      vertex 40.0787 -8.41568 13.139
      vertex 40.034 -8.38652 13.038
    endloop
  endfacet
  facet normal -0.914445 0 0.40471
    outer loop
      vertex 40.0787 -8.41568 13.139
      vertex 40.034 -9.48318 13.038
      vertex 40.0787 -9.51233 13.139
    endloop
  endfacet
  facet normal 0.914445 0 -0.40471
    outer loop
      vertex 35.966 -6.84609 14.962
      vertex 35.9213 -7.89494 14.861
      vertex 35.9213 -6.81507 14.861
    endloop
  endfacet
  facet normal 0.914445 0 -0.40471
    outer loop
      vertex 35.9213 -7.89494 14.861
      vertex 35.966 -6.84609 14.962
      vertex 35.966 -7.92593 14.962
    endloop
  endfacet
  facet normal 0.450109 0 -0.892973
    outer loop
      vertex 36.9394 -8.49431 15.9843
      vertex 37.038 -7.44313 16.034
      vertex 37.038 -8.54493 16.034
    endloop
  endfacet
  facet normal 0.450109 0 -0.892973
    outer loop
      vertex 37.038 -7.44313 16.034
      vertex 36.9394 -8.49431 15.9843
      vertex 36.9394 -7.3925 15.9843
    endloop
  endfacet
  facet normal 0.57583 -0 0.81757
    outer loop
      vertex 36.6597 -7.90954 12.1928
      vertex 36.75 -6.84691 12.1292
      vertex 36.6597 -6.81275 12.1928
    endloop
  endfacet
  facet normal 0.57583 0 0.81757
    outer loop
      vertex 36.75 -6.84691 12.1292
      vertex 36.6597 -7.90954 12.1928
      vertex 36.75 -7.9437 12.1292
    endloop
  endfacet
  facet normal 0.535117 -0 0.844778
    outer loop
      vertex 36.75 -7.9437 12.1292
      vertex 36.8433 -6.88281 12.0701
      vertex 36.75 -6.84691 12.1292
    endloop
  endfacet
  facet normal 0.535117 0 0.844778
    outer loop
      vertex 36.8433 -6.88281 12.0701
      vertex 36.75 -7.9437 12.1292
      vertex 36.8433 -7.97961 12.0701
    endloop
  endfacet
  facet normal 0.891163 -0 0.453683
    outer loop
      vertex 35.966 -7.68986 13.038
      vertex 35.9688 -6.61583 13.0325
      vertex 35.966 -6.61527 13.038
    endloop
  endfacet
  facet normal 0.893079 -2.437e-05 0.4499
    outer loop
      vertex 35.966 -7.68986 13.038
      vertex 36.0157 -6.6255 12.9394
      vertex 35.9688 -6.61583 13.0325
    endloop
  endfacet
  facet normal 0.892973 0 0.450109
    outer loop
      vertex 36.0157 -6.6255 12.9394
      vertex 35.966 -7.68986 13.038
      vertex 36.0157 -7.7001 12.9394
    endloop
  endfacet
  facet normal 0.870242 -0 0.492624
    outer loop
      vertex 36.0157 -7.7001 12.9394
      vertex 36.0701 -6.6378 12.8433
      vertex 36.0157 -6.6255 12.9394
    endloop
  endfacet
  facet normal 0.870242 0 0.492624
    outer loop
      vertex 36.0701 -6.6378 12.8433
      vertex 36.0157 -7.7001 12.9394
      vertex 36.0701 -7.71242 12.8433
    endloop
  endfacet
  facet normal -0.0244786 0.996155 0.0841236
    outer loop
      vertex -2.33339 0.591406 10.5078
      vertex -1.32363 0.47492 12.181
      vertex -1.25003 0.481103 12.1292
    endloop
  endfacet
  facet normal -0.0244444 0.996157 0.0841009
    outer loop
      vertex -2.33339 0.591406 10.5078
      vertex -1.25003 0.481103 12.1292
      vertex -1.15673 0.488382 12.0701
    endloop
  endfacet
  facet normal -0.0244774 0.996155 0.0841218
    outer loop
      vertex -2.15923 0.604994 10.3975
      vertex -1.15673 0.488382 12.0701
      vertex -1.06064 0.495337 12.0157
    endloop
  endfacet
  facet normal -0.0244246 0.996159 0.084091
    outer loop
      vertex -1.97987 0.617976 10.2959
      vertex -1.06064 0.495337 12.0157
      vertex -0.961999 0.501951 11.966
    endloop
  endfacet
  facet normal -0.02449 0.996154 0.0841249
    outer loop
      vertex -1.79573 0.630322 10.2032
      vertex -0.961999 0.501951 11.966
      vertex -0.861037 0.508208 11.9213
    endloop
  endfacet
  facet normal -0.0244144 0.996159 0.0840913
    outer loop
      vertex -1.60727 0.642002 10.1197
      vertex -0.861037 0.508208 11.9213
      vertex -0.758001 0.514093 11.8815
    endloop
  endfacet
  facet normal -0.0244829 0.996155 0.0841202
    outer loop
      vertex -1.41494 0.652988 10.0455
      vertex -0.758001 0.514093 11.8815
      vertex -0.65314 0.519592 11.8469
    endloop
  endfacet
  facet normal -0.0244232 0.996158 0.0840991
    outer loop
      vertex -1.2192 0.663252 9.98085
      vertex -0.65314 0.519592 11.8469
      vertex -0.546705 0.524692 11.8174
    endloop
  endfacet
  facet normal -0.0244497 0.996157 0.0841094
    outer loop
      vertex -1.02052 0.672772 9.92587
      vertex -0.546705 0.524692 11.8174
      vertex -0.438952 0.52938 11.7932
    endloop
  endfacet
  facet normal -0.0245207 0.996154 0.0841235
    outer loop
      vertex -0.819379 0.681523 9.8807
      vertex -0.438952 0.52938 11.7932
      vertex -0.330143 0.533646 11.7744
    endloop
  endfacet
  facet normal -0.0243926 0.996159 0.0840979
    outer loop
      vertex -0.616267 0.689485 9.84546
      vertex -0.330143 0.533646 11.7744
      vertex -0.220538 0.537478 11.7608
    endloop
  endfacet
  facet normal -0.0244668 0.996156 0.0841113
    outer loop
      vertex -0.411672 0.696638 9.82022
      vertex -0.220538 0.537478 11.7608
      vertex -0.110402 0.540867 11.7527
    endloop
  endfacet
  facet normal -0.0244616 0.996156 0.0841102
    outer loop
      vertex -0.206083 0.702966 9.80506
      vertex -0.110402 0.540867 11.7527
      vertex 0 0.543806 11.75
    endloop
  endfacet
  facet normal -0.0244169 0.99616 0.0840809
    outer loop
      vertex -1.32363 0.47492 12.181
      vertex -2.50194 0.577246 10.6265
      vertex -2.59578 0.568759 10.6998
    endloop
  endfacet
  facet normal -0.0244545 0.996156 0.0841092
    outer loop
      vertex -1.32363 0.47492 12.181
      vertex -2.33339 0.591406 10.5078
      vertex -2.50194 0.577246 10.6265
    endloop
  endfacet
  facet normal -0.024453 0.996157 0.0841073
    outer loop
      vertex -1.15673 0.488382 12.0701
      vertex -2.15923 0.604994 10.3975
      vertex -2.33339 0.591406 10.5078
    endloop
  endfacet
  facet normal -0.0244574 0.996156 0.0841084
    outer loop
      vertex -1.06064 0.495337 12.0157
      vertex -1.97987 0.617976 10.2959
      vertex -2.15923 0.604994 10.3975
    endloop
  endfacet
  facet normal -0.0244486 0.996157 0.0841055
    outer loop
      vertex -0.961999 0.501951 11.966
      vertex -1.79573 0.630322 10.2032
      vertex -1.97987 0.617976 10.2959
    endloop
  endfacet
  facet normal -0.0244698 0.996156 0.084114
    outer loop
      vertex -0.861037 0.508208 11.9213
      vertex -1.60727 0.642002 10.1197
      vertex -1.79573 0.630322 10.2032
    endloop
  endfacet
  facet normal -0.0244521 0.996156 0.0841093
    outer loop
      vertex -0.758001 0.514093 11.8815
      vertex -1.41494 0.652988 10.0455
      vertex -1.60727 0.642002 10.1197
    endloop
  endfacet
  facet normal -0.0244555 0.996156 0.0841087
    outer loop
      vertex -0.65314 0.519592 11.8469
      vertex -1.2192 0.663252 9.98085
      vertex -1.41494 0.652988 10.0455
    endloop
  endfacet
  facet normal -0.0244563 0.996156 0.0841111
    outer loop
      vertex -0.546705 0.524692 11.8174
      vertex -1.02052 0.672772 9.92587
      vertex -1.2192 0.663252 9.98085
    endloop
  endfacet
  facet normal -0.0244511 0.996156 0.0841099
    outer loop
      vertex -0.438952 0.52938 11.7932
      vertex -0.819379 0.681523 9.8807
      vertex -1.02052 0.672772 9.92587
    endloop
  endfacet
  facet normal -0.0244568 0.996157 0.0841072
    outer loop
      vertex -0.330143 0.533646 11.7744
      vertex -0.616267 0.689485 9.84546
      vertex -0.819379 0.681523 9.8807
    endloop
  endfacet
  facet normal -0.0244511 0.996156 0.0841098
    outer loop
      vertex -0.220538 0.537478 11.7608
      vertex -0.411672 0.696638 9.82022
      vertex -0.616267 0.689485 9.84546
    endloop
  endfacet
  facet normal -0.0244593 0.996156 0.0841101
    outer loop
      vertex -0.110402 0.540867 11.7527
      vertex -0.206083 0.702966 9.80506
      vertex -0.411672 0.696638 9.82022
    endloop
  endfacet
  facet normal -0.0244529 0.996156 0.0841093
    outer loop
      vertex -0.206083 0.702966 9.80506
      vertex 0 0.543806 11.75
      vertex 0 0.708452 9.8
    endloop
  endfacet
  facet normal 0.358631 0.929683 0.0841005
    outer loop
      vertex 36.0157 -6.6255 12.9394
      vertex 34.7081 -5.98125 11.3936
      vertex 35.9688 -6.61583 13.0325
    endloop
  endfacet
  facet normal 0.358681 0.929668 0.0840515
    outer loop
      vertex 36.0701 -6.6378 12.8433
      vertex 34.7081 -5.98125 11.3936
      vertex 36.0157 -6.6255 12.9394
    endloop
  endfacet
  facet normal 0.358587 0.929695 0.0841521
    outer loop
      vertex 36.1292 -6.65215 12.75
      vertex 34.7081 -5.98125 11.3936
      vertex 36.0701 -6.6378 12.8433
    endloop
  endfacet
  facet normal 0.358602 0.929691 0.0841346
    outer loop
      vertex 36.1928 -6.66851 12.6597
      vertex 34.7081 -5.98125 11.3936
      vertex 36.1292 -6.65215 12.75
    endloop
  endfacet
  facet normal 0.35871 0.929662 0.0839922
    outer loop
      vertex 36.2607 -6.68684 12.5726
      vertex 34.7081 -5.98125 11.3936
      vertex 36.1928 -6.66851 12.6597
    endloop
  endfacet
  facet normal 0.358493 0.929719 0.0842956
    outer loop
      vertex 34.7534 -5.99347 11.3355
      vertex 36.2607 -6.68684 12.5726
      vertex 36.3329 -6.7071 12.489
    endloop
  endfacet
  facet normal 0.35873 0.929658 0.0839586
    outer loop
      vertex 34.888 -6.03129 11.1795
      vertex 36.3329 -6.7071 12.489
      vertex 36.409 -6.72924 12.409
    endloop
  endfacet
  facet normal 0.358549 0.929705 0.0842073
    outer loop
      vertex 35.0302 -6.07261 11.0302
      vertex 36.409 -6.72924 12.409
      vertex 36.489 -6.7532 12.3329
    endloop
  endfacet
  facet normal 0.358646 0.929679 0.0840879
    outer loop
      vertex 35.1795 -6.11734 10.888
      vertex 36.489 -6.7532 12.3329
      vertex 36.5458 -6.77068 12.2839
    endloop
  endfacet
  facet normal 0.358642 0.92968 0.0840928
    outer loop
      vertex 36.2607 -6.68684 12.5726
      vertex 34.7534 -5.99347 11.3355
      vertex 34.7081 -5.98125 11.3936
    endloop
  endfacet
  facet normal 0.358648 0.92968 0.0840606
    outer loop
      vertex 36.3329 -6.7071 12.489
      vertex 34.888 -6.03129 11.1795
      vertex 34.7534 -5.99347 11.3355
    endloop
  endfacet
  facet normal 0.358555 0.929704 0.0842006
    outer loop
      vertex 36.409 -6.72924 12.409
      vertex 35.0302 -6.07261 11.0302
      vertex 34.888 -6.03129 11.1795
    endloop
  endfacet
  facet normal 0.358633 0.929682 0.0841013
    outer loop
      vertex 36.489 -6.7532 12.3329
      vertex 35.1795 -6.11734 10.888
      vertex 35.0302 -6.07261 11.0302
    endloop
  endfacet
  facet normal 0.358715 0.929659 0.0840115
    outer loop
      vertex 36.5458 -6.77068 12.2839
      vertex 35.3355 -6.16537 10.7534
      vertex 35.1795 -6.11734 10.888
    endloop
  endfacet
  facet normal 0.358548 0.929709 0.0841628
    outer loop
      vertex 36.5458 -6.77068 12.2839
      vertex 35.4981 -6.21659 10.6265
      vertex 35.3355 -6.16537 10.7534
    endloop
  endfacet
  facet normal 0.358658 0.929674 0.0840817
    outer loop
      vertex 36.5458 -6.77068 12.2839
      vertex 35.6666 -6.27086 10.5078
      vertex 35.4981 -6.21659 10.6265
    endloop
  endfacet
  facet normal 0.358591 0.929697 0.0841213
    outer loop
      vertex 36.5458 -6.77068 12.2839
      vertex 35.8408 -6.32807 10.3975
      vertex 35.6666 -6.27086 10.5078
    endloop
  endfacet
  facet normal 0.358688 0.929663 0.0840772
    outer loop
      vertex 36.5458 -6.77068 12.2839
      vertex 36.0201 -6.38806 10.2959
      vertex 35.8408 -6.32807 10.3975
    endloop
  endfacet
  facet normal 0.358549 0.929713 0.0841235
    outer loop
      vertex 36.5458 -6.77068 12.2839
      vertex 36.2043 -6.45071 10.2032
      vertex 36.0201 -6.38806 10.2959
    endloop
  endfacet
  facet normal 0.358701 0.929657 0.0840899
    outer loop
      vertex 36.5458 -6.77068 12.2839
      vertex 36.3927 -6.51585 10.1197
      vertex 36.2043 -6.45071 10.2032
    endloop
  endfacet
  facet normal 0.358477 0.929741 0.0841156
    outer loop
      vertex 36.5458 -6.77068 12.2839
      vertex 36.5851 -6.58332 10.0455
      vertex 36.3927 -6.51585 10.1197
    endloop
  endfacet
  facet normal 0.358654 0.929673 0.0841131
    outer loop
      vertex 36.5851 -6.58332 10.0455
      vertex 36.5458 -6.77068 12.2839
      vertex 36.6185 -6.59521 10.0345
    endloop
  endfacet
  facet normal -0.403821 0.910963 0.0841122
    outer loop
      vertex -38 -7.18595 9.8
      vertex -38 -7.366 11.75
      vertex -37.8896 -7.31731 11.7527
    endloop
  endfacet
  facet normal -0.403901 0.910929 0.0840974
    outer loop
      vertex -37.7939 -7.09507 9.80506
      vertex -37.8896 -7.31731 11.7527
      vertex -37.7795 -7.26924 11.7608
    endloop
  endfacet
  facet normal -0.403897 0.910932 0.0840831
    outer loop
      vertex -37.5883 -7.00534 9.82022
      vertex -37.7795 -7.26924 11.7608
      vertex -37.6699 -7.2219 11.7744
    endloop
  endfacet
  facet normal -0.403485 0.911107 0.0841588
    outer loop
      vertex -37.3837 -6.91698 9.84546
      vertex -37.6699 -7.2219 11.7744
      vertex -37.561 -7.17541 11.7932
    endloop
  endfacet
  facet normal -0.403972 0.9109 0.0840685
    outer loop
      vertex -37.1806 -6.8302 9.8807
      vertex -37.561 -7.17541 11.7932
      vertex -37.4533 -7.12988 11.8174
    endloop
  endfacet
  facet normal -0.40394 0.910914 0.0840667
    outer loop
      vertex -36.9795 -6.74521 9.92587
      vertex -37.4533 -7.12988 11.8174
      vertex -37.3469 -7.08542 11.8469
    endloop
  endfacet
  facet normal -0.403646 0.911034 0.084188
    outer loop
      vertex -36.6185 -6.59521 10.0345
      vertex -37.3469 -7.08542 11.8469
      vertex -37.242 -7.04214 11.8815
    endloop
  endfacet
  facet normal -0.403927 0.91092 0.0840656
    outer loop
      vertex -36.6185 -6.59521 10.0345
      vertex -37.242 -7.04214 11.8815
      vertex -37.139 -7.00014 11.9213
    endloop
  endfacet
  facet normal -0.403648 0.911035 0.084167
    outer loop
      vertex -36.6185 -6.59521 10.0345
      vertex -37.139 -7.00014 11.9213
      vertex -37.038 -6.95952 11.966
    endloop
  endfacet
  facet normal -0.403967 0.910902 0.0840728
    outer loop
      vertex -36.6185 -6.59521 10.0345
      vertex -37.038 -6.95952 11.966
      vertex -36.9394 -6.92038 12.0157
    endloop
  endfacet
  facet normal -0.403766 0.910987 0.0841194
    outer loop
      vertex -36.6185 -6.59521 10.0345
      vertex -36.9394 -6.92038 12.0157
      vertex -36.8433 -6.88281 12.0701
    endloop
  endfacet
  facet normal -0.403804 0.910971 0.0841128
    outer loop
      vertex -36.6185 -6.59521 10.0345
      vertex -36.8433 -6.88281 12.0701
      vertex -36.75 -6.84691 12.1292
    endloop
  endfacet
  facet normal -0.403847 0.910952 0.0841079
    outer loop
      vertex -36.6185 -6.59521 10.0345
      vertex -36.75 -6.84691 12.1292
      vertex -36.6597 -6.81275 12.1928
    endloop
  endfacet
  facet normal -0.403598 0.911081 0.0838995
    outer loop
      vertex -38 -7.366 11.75
      vertex -39.4149 -7.83582 10.0455
      vertex -39.484 -7.86888 10.0721
    endloop
  endfacet
  facet normal -0.404171 0.910808 0.0841125
    outer loop
      vertex -36.6185 -6.59521 10.0345
      vertex -36.5726 -6.78043 12.2607
      vertex -36.5458 -6.77068 12.2839
    endloop
  endfacet
  facet normal -0.403637 0.911044 0.0841211
    outer loop
      vertex -36.6185 -6.59521 10.0345
      vertex -36.6597 -6.81275 12.1928
      vertex -36.5726 -6.78043 12.2607
    endloop
  endfacet
  facet normal -0.403893 0.910936 0.0840623
    outer loop
      vertex -37.3469 -7.08542 11.8469
      vertex -36.6185 -6.59521 10.0345
      vertex -36.7808 -6.66222 9.98085
    endloop
  endfacet
  facet normal -0.403762 0.910989 0.0841139
    outer loop
      vertex -37.3469 -7.08542 11.8469
      vertex -36.7808 -6.66222 9.98085
      vertex -36.9795 -6.74521 9.92587
    endloop
  endfacet
  facet normal -0.403875 0.910934 0.0841703
    outer loop
      vertex -38 -7.366 11.75
      vertex -39.2192 -7.74308 9.98085
      vertex -39.4149 -7.83582 10.0455
    endloop
  endfacet
  facet normal -0.403875 0.910941 0.0840886
    outer loop
      vertex -37.4533 -7.12988 11.8174
      vertex -36.9795 -6.74521 9.92587
      vertex -37.1806 -6.8302 9.8807
    endloop
  endfacet
  facet normal -0.403761 0.910993 0.0840787
    outer loop
      vertex -38 -7.366 11.75
      vertex -39.0205 -7.64994 9.92587
      vertex -39.2192 -7.74308 9.98085
    endloop
  endfacet
  facet normal -0.403827 0.910961 0.0841084
    outer loop
      vertex -37.561 -7.17541 11.7932
      vertex -37.1806 -6.8302 9.8807
      vertex -37.3837 -6.91698 9.84546
    endloop
  endfacet
  facet normal -0.403865 0.910941 0.0841452
    outer loop
      vertex -38 -7.366 11.75
      vertex -38.8194 -7.55661 9.8807
      vertex -39.0205 -7.64994 9.92587
    endloop
  endfacet
  facet normal -0.403795 0.910977 0.0840923
    outer loop
      vertex -37.6699 -7.2219 11.7744
      vertex -37.3837 -6.91698 9.84546
      vertex -37.5883 -7.00534 9.82022
    endloop
  endfacet
  facet normal -0.403833 0.910956 0.0841294
    outer loop
      vertex -38 -7.366 11.75
      vertex -38.6163 -7.46332 9.84546
      vertex -38.8194 -7.55661 9.8807
    endloop
  endfacet
  facet normal -0.403781 0.910982 0.0841012
    outer loop
      vertex -37.7795 -7.26924 11.7608
      vertex -37.5883 -7.00534 9.82022
      vertex -37.7939 -7.09507 9.80506
    endloop
  endfacet
  facet normal -0.403792 0.910976 0.0841153
    outer loop
      vertex -38 -7.366 11.75
      vertex -38.4117 -7.3703 9.82022
      vertex -38.6163 -7.46332 9.84546
    endloop
  endfacet
  facet normal -0.403766 0.910988 0.0841108
    outer loop
      vertex -37.8896 -7.31731 11.7527
      vertex -37.7939 -7.09507 9.80506
      vertex -38 -7.18595 9.8
    endloop
  endfacet
  facet normal -0.403783 0.91098 0.0841134
    outer loop
      vertex -38 -7.366 11.75
      vertex -38.2061 -7.27777 9.80506
      vertex -38.4117 -7.3703 9.82022
    endloop
  endfacet
  facet normal -0.403787 0.910978 0.0841137
    outer loop
      vertex -38 -7.366 11.75
      vertex -38 -7.18595 9.8
      vertex -38.2061 -7.27777 9.80506
    endloop
  endfacet
  facet normal -0.403738 0.911006 0.0840454
    outer loop
      vertex -38.1098 -7.41491 11.7527
      vertex -38 -7.366 11.75
      vertex -39.484 -7.86888 10.0721
    endloop
  endfacet
  facet normal -0.447996 0.890074 0.084069
    outer loop
      vertex -40.779 -8.77996 13.7222
      vertex -42.1798 -9.47237 13.5883
      vertex -42.1897 -9.49 13.7222
    endloop
  endfacet
  facet normal -0.447991 0.890088 0.0839459
    outer loop
      vertex -40.779 -8.77996 13.7222
      vertex -42.1545 -9.44034 13.3837
      vertex -42.1798 -9.47237 13.5883
    endloop
  endfacet
  facet normal -0.448037 0.890038 0.0842299
    outer loop
      vertex -40.779 -8.77996 13.7222
      vertex -42.1193 -9.4034 13.1806
      vertex -42.1545 -9.44034 13.3837
    endloop
  endfacet
  facet normal -0.447986 0.890081 0.0840529
    outer loop
      vertex -40.779 -8.77996 13.7222
      vertex -42.0741 -9.36166 12.9795
      vertex -42.1193 -9.4034 13.1806
    endloop
  endfacet
  facet normal -0.447992 0.890076 0.0840687
    outer loop
      vertex -40.779 -8.77996 13.7222
      vertex -42.0191 -9.31521 12.7808
      vertex -42.0741 -9.36166 12.9795
    endloop
  endfacet
  facet normal -0.448099 0.890005 0.0842492
    outer loop
      vertex -40.779 -8.77996 13.7222
      vertex -41.9545 -9.26416 12.5851
      vertex -42.0191 -9.31521 12.7808
    endloop
  endfacet
  facet normal -0.447973 0.890084 0.0840848
    outer loop
      vertex -40.779 -8.77996 13.7222
      vertex -41.8803 -9.20864 12.3927
      vertex -41.9545 -9.26416 12.5851
    endloop
  endfacet
  facet normal -0.447521 0.890355 0.0836239
    outer loop
      vertex -41.8803 -9.20864 12.3927
      vertex -40.779 -8.77996 13.7222
      vertex -41.8685 -9.20022 12.3662
    endloop
  endfacet
  facet normal 0.0244543 0.996156 0.0841168
    outer loop
      vertex 4.17978 0.285982 13.5883
      vertex 2.23211 0.322488 13.7222
      vertex 4.18965 0.274433 13.7222
    endloop
  endfacet
  facet normal 0.0244536 0.996157 0.0841057
    outer loop
      vertex 4.15454 0.303876 13.3837
      vertex 2.23211 0.322488 13.7222
      vertex 4.17978 0.285982 13.5883
    endloop
  endfacet
  facet normal 0.0244753 0.996146 0.0842301
    outer loop
      vertex 2.23211 0.322488 13.7222
      vertex 4.15454 0.303876 13.3837
      vertex 2.22565 0.327069 13.6699
    endloop
  endfacet
  facet normal 0.0244479 0.996162 0.0840439
    outer loop
      vertex 2.22565 0.327069 13.6699
      vertex 4.15454 0.303876 13.3837
      vertex 2.20677 0.33672 13.561
    endloop
  endfacet
  facet normal 0.0244544 0.996156 0.0841161
    outer loop
      vertex 4.1193 0.321891 13.1806
      vertex 2.20677 0.33672 13.561
      vertex 4.15454 0.303876 13.3837
    endloop
  endfacet
  facet normal 0.0244608 0.996153 0.0841482
    outer loop
      vertex 2.20677 0.33672 13.561
      vertex 4.1193 0.321891 13.1806
      vertex 2.18257 0.346412 13.4533
    endloop
  endfacet
  facet normal 0.024457 0.996155 0.084121
    outer loop
      vertex 4.07413 0.339982 12.9795
      vertex 2.18257 0.346412 13.4533
      vertex 4.1193 0.321891 13.1806
    endloop
  endfacet
  facet normal 0.0244612 0.996154 0.0841379
    outer loop
      vertex 2.18257 0.346412 13.4533
      vertex 4.07413 0.339982 12.9795
      vertex 2.15312 0.356122 13.3469
    endloop
  endfacet
  facet normal 0.0244541 0.996157 0.084101
    outer loop
      vertex 4.01915 0.358107 12.7808
      vertex 2.15312 0.356122 13.3469
      vertex 4.07413 0.339982 12.9795
    endloop
  endfacet
  facet normal 0.0244468 0.996159 0.0840767
    outer loop
      vertex 2.15312 0.356122 13.3469
      vertex 4.01915 0.358107 12.7808
      vertex 2.11847 0.365826 13.242
    endloop
  endfacet
  facet normal 0.0244589 0.996155 0.0841267
    outer loop
      vertex 3.95448 0.376222 12.5851
      vertex 2.11847 0.365826 13.242
      vertex 4.01915 0.358107 12.7808
    endloop
  endfacet
  facet normal 0.0244612 0.996154 0.0841331
    outer loop
      vertex 2.11847 0.365826 13.242
      vertex 3.95448 0.376222 12.5851
      vertex 2.07873 0.375501 13.139
    endloop
  endfacet
  facet normal 0.0244456 0.996159 0.0840801
    outer loop
      vertex 3.88029 0.394282 12.3927
      vertex 2.07873 0.375501 13.139
      vertex 3.95448 0.376222 12.5851
    endloop
  endfacet
  facet normal 0.0244456 0.996159 0.0840802
    outer loop
      vertex 2.07873 0.375501 13.139
      vertex 3.88029 0.394282 12.3927
      vertex 2.03398 0.385124 13.038
    endloop
  endfacet
  facet normal 0.0244649 0.996154 0.0841354
    outer loop
      vertex 3.79675 0.412246 12.2043
      vertex 2.03398 0.385124 13.038
      vertex 3.88029 0.394282 12.3927
    endloop
  endfacet
  facet normal 0.0244672 0.996153 0.0841403
    outer loop
      vertex 2.03398 0.385124 13.038
      vertex 3.79675 0.412246 12.2043
      vertex 1.98432 0.394672 12.9394
    endloop
  endfacet
  facet normal 0.0244439 0.996159 0.084083
    outer loop
      vertex 3.70407 0.430068 12.0201
      vertex 1.98432 0.394672 12.9394
      vertex 3.79675 0.412246 12.2043
    endloop
  endfacet
  facet normal 0.024456 0.996157 0.0841055
    outer loop
      vertex 1.98432 0.394672 12.9394
      vertex 3.70407 0.430068 12.0201
      vertex 1.92989 0.404122 12.8433
    endloop
  endfacet
  facet normal 0.0244685 0.996154 0.0841323
    outer loop
      vertex 3.60246 0.447707 11.8408
      vertex 1.92989 0.404122 12.8433
      vertex 3.70407 0.430068 12.0201
    endloop
  endfacet
  facet normal 0.0244545 0.996156 0.0841091
    outer loop
      vertex 1.92989 0.404122 12.8433
      vertex 3.60246 0.447707 11.8408
      vertex 1.87081 0.41345 12.75
    endloop
  endfacet
  facet normal 0.0244482 0.996158 0.084097
    outer loop
      vertex 3.49217 0.46512 11.6666
      vertex 1.87081 0.41345 12.75
      vertex 3.60246 0.447707 11.8408
    endloop
  endfacet
  facet normal 0.0244486 0.996158 0.0840977
    outer loop
      vertex 1.87081 0.41345 12.75
      vertex 3.49217 0.46512 11.6666
      vertex 1.80722 0.422634 12.6597
    endloop
  endfacet
  facet normal 0.0244624 0.996155 0.084121
    outer loop
      vertex 3.37347 0.482264 11.4981
      vertex 1.80722 0.422634 12.6597
      vertex 3.49217 0.46512 11.6666
    endloop
  endfacet
  facet normal 0.0244364 0.996159 0.0840861
    outer loop
      vertex 1.80722 0.422634 12.6597
      vertex 3.37347 0.482264 11.4981
      vertex 1.73927 0.431653 12.5726
    endloop
  endfacet
  facet normal 0.0244355 0.996159 0.0840847
    outer loop
      vertex 3.24664 0.4991 11.3355
      vertex 1.73927 0.431653 12.5726
      vertex 3.37347 0.482264 11.4981
    endloop
  endfacet
  facet normal 0.0244702 0.996155 0.0841268
    outer loop
      vertex 1.73927 0.431653 12.5726
      vertex 3.24664 0.4991 11.3355
      vertex 1.66714 0.440485 12.489
    endloop
  endfacet
  facet normal 0.0244785 0.996153 0.0841382
    outer loop
      vertex 3.11199 0.515585 11.1795
      vertex 1.66714 0.440485 12.489
      vertex 3.24664 0.4991 11.3355
    endloop
  endfacet
  facet normal 0.0244406 0.996158 0.0840965
    outer loop
      vertex 1.66714 0.440485 12.489
      vertex 3.11199 0.515585 11.1795
      vertex 1.59099 0.449107 12.409
    endloop
  endfacet
  facet normal 0.0244514 0.996156 0.0841099
    outer loop
      vertex 2.96985 0.53168 11.0302
      vertex 1.59099 0.449107 12.409
      vertex 3.11199 0.515585 11.1795
    endloop
  endfacet
  facet normal 0.0244792 0.996153 0.0841375
    outer loop
      vertex 1.59099 0.449107 12.409
      vertex 2.96985 0.53168 11.0302
      vertex 1.51101 0.4575 12.3329
    endloop
  endfacet
  facet normal 0.0244393 0.996158 0.084093
    outer loop
      vertex 2.82055 0.547347 10.888
      vertex 1.51101 0.4575 12.3329
      vertex 2.96985 0.53168 11.0302
    endloop
  endfacet
  facet normal 0.0244215 0.99616 0.084077
    outer loop
      vertex 1.51101 0.4575 12.3329
      vertex 2.82055 0.547347 10.888
      vertex 1.42738 0.465644 12.2607
    endloop
  endfacet
  facet normal 0.024468 0.996155 0.084124
    outer loop
      vertex 2.66445 0.562548 10.7534
      vertex 1.42738 0.465644 12.2607
      vertex 2.82055 0.547347 10.888
    endloop
  endfacet
  facet normal 0.024449 0.996157 0.0841085
    outer loop
      vertex 2.59578 0.568759 10.6998
      vertex 1.42738 0.465644 12.2607
      vertex 2.66445 0.562548 10.7534
    endloop
  endfacet
  facet normal 0.0244797 0.996154 0.0841313
    outer loop
      vertex 1.42738 0.465644 12.2607
      vertex 2.59578 0.568759 10.6998
      vertex 1.34032 0.473518 12.1928
    endloop
  endfacet
  facet normal 0.0243032 0.996171 0.0839839
    outer loop
      vertex 1.34032 0.473518 12.1928
      vertex 2.59578 0.568759 10.6998
      vertex 1.32363 0.47492 12.181
    endloop
  endfacet
  facet normal 0.0243035 0.991718 0.126116
    outer loop
      vertex 0.110402 0.0534771 16.2473
      vertex 0.206083 -0.196543 18.1949
      vertex 0.411672 -0.199661 18.1798
    endloop
  endfacet
  facet normal 0.0243871 0.991717 0.126107
    outer loop
      vertex 0.220538 0.0518066 16.2392
      vertex 0.411672 -0.199661 18.1798
      vertex 0.616267 -0.201475 18.1545
    endloop
  endfacet
  facet normal 0.0243169 0.991718 0.126115
    outer loop
      vertex 0.330143 0.050835 16.2256
      vertex 0.616267 -0.201475 18.1545
      vertex 0.819379 -0.201979 18.1193
    endloop
  endfacet
  facet normal 0.0243649 0.991717 0.126109
    outer loop
      vertex 0.438952 0.0505648 16.2068
      vertex 0.819379 -0.201979 18.1193
      vertex 1.02052 -0.201173 18.0741
    endloop
  endfacet
  facet normal 0.0243589 0.991717 0.126111
    outer loop
      vertex 0.546705 0.0509966 16.1826
      vertex 1.02052 -0.201173 18.0741
      vertex 1.2192 -0.199059 18.0191
    endloop
  endfacet
  facet normal 0.0243075 0.991717 0.126124
    outer loop
      vertex 0.65314 0.0521293 16.1531
      vertex 1.2192 -0.199059 18.0191
      vertex 1.41494 -0.195641 17.9545
    endloop
  endfacet
  facet normal 0.0243506 0.991717 0.126109
    outer loop
      vertex 0.758001 0.0539602 16.1185
      vertex 1.41494 -0.195641 17.9545
      vertex 1.60727 -0.190928 17.8803
    endloop
  endfacet
  facet normal 0.024321 0.991717 0.126118
    outer loop
      vertex 0.861037 0.056485 16.0787
      vertex 1.60727 -0.190928 17.8803
      vertex 1.79573 -0.184931 17.7968
    endloop
  endfacet
  facet normal 0.0243521 0.991718 0.126106
    outer loop
      vertex 0.961999 0.0596976 16.034
      vertex 1.79573 -0.184931 17.7968
      vertex 1.97987 -0.177665 17.7041
    endloop
  endfacet
  facet normal 0.0243385 0.991718 0.12611
    outer loop
      vertex 1.06064 0.0635901 15.9843
      vertex 1.97987 -0.177665 17.7041
      vertex 2.15923 -0.169147 17.6025
    endloop
  endfacet
  facet normal 0.0243516 0.991718 0.126105
    outer loop
      vertex 1.15673 0.0681533 15.9299
      vertex 2.15923 -0.169147 17.6025
      vertex 2.33339 -0.159398 17.4922
    endloop
  endfacet
  facet normal 0.0243427 0.991718 0.12611
    outer loop
      vertex 1.25003 0.0733761 15.8708
      vertex 2.33339 -0.159398 17.4922
      vertex 2.50194 -0.148441 17.3735
    endloop
  endfacet
  facet normal 0.024381 0.99172 0.126081
    outer loop
      vertex 1.34032 0.0792459 15.8072
      vertex 2.50194 -0.148441 17.3735
      vertex 2.66445 -0.136303 17.2466
    endloop
  endfacet
  facet normal 0.024323 0.991715 0.126135
    outer loop
      vertex 1.42738 0.0857486 15.7393
      vertex 2.66445 -0.136303 17.2466
      vertex 2.82055 -0.123012 17.112
    endloop
  endfacet
  facet normal 0.0243933 0.991722 0.126064
    outer loop
      vertex 1.51101 0.0928685 15.6671
      vertex 2.82055 -0.123012 17.112
      vertex 2.86085 -0.119122 17.0736
    endloop
  endfacet
  facet normal 0.024402 0.991719 0.126085
    outer loop
      vertex 1.60727 -0.190928 17.8803
      vertex 0.861037 0.056485 16.0787
      vertex 0.758001 0.0539602 16.1185
    endloop
  endfacet
  facet normal 0.0243339 0.991718 0.126111
    outer loop
      vertex 0 -0.192127 18.2
      vertex 0.110402 0.0534771 16.2473
      vertex 0 0.0558427 16.25
    endloop
  endfacet
  facet normal 0.0243717 0.991716 0.126113
    outer loop
      vertex 0.206083 -0.196543 18.1949
      vertex 0.110402 0.0534771 16.2473
      vertex 0 -0.192127 18.2
    endloop
  endfacet
  facet normal 0.0243171 0.991718 0.126114
    outer loop
      vertex 0.110402 0.0534771 16.2473
      vertex 0.411672 -0.199661 18.1798
      vertex 0.220538 0.0518066 16.2392
    endloop
  endfacet
  facet normal 0.0244375 0.991717 0.126097
    outer loop
      vertex 0.616267 -0.201475 18.1545
      vertex 0.330143 0.050835 16.2256
      vertex 0.220538 0.0518066 16.2392
    endloop
  endfacet
  facet normal 0.0242555 0.991717 0.12613
    outer loop
      vertex 0.819379 -0.201979 18.1193
      vertex 0.438952 0.0505648 16.2068
      vertex 0.330143 0.050835 16.2256
    endloop
  endfacet
  facet normal 0.0243494 0.991717 0.126114
    outer loop
      vertex 1.02052 -0.201173 18.0741
      vertex 0.546705 0.0509966 16.1826
      vertex 0.438952 0.0505648 16.2068
    endloop
  endfacet
  facet normal 0.0243958 0.991718 0.126098
    outer loop
      vertex 1.2192 -0.199059 18.0191
      vertex 0.65314 0.0521293 16.1531
      vertex 0.546705 0.0509966 16.1826
    endloop
  endfacet
  facet normal 0.0243013 0.991716 0.126127
    outer loop
      vertex 1.41494 -0.195641 17.9545
      vertex 0.758001 0.0539602 16.1185
      vertex 0.65314 0.0521293 16.1531
    endloop
  endfacet
  facet normal 0.024289 0.991716 0.126135
    outer loop
      vertex 1.79573 -0.184931 17.7968
      vertex 0.961999 0.0596976 16.034
      vertex 0.861037 0.056485 16.0787
    endloop
  endfacet
  facet normal 0.0243916 0.99172 0.126082
    outer loop
      vertex 1.97987 -0.177665 17.7041
      vertex 1.06064 0.0635901 15.9843
      vertex 0.961999 0.0596976 16.034
    endloop
  endfacet
  facet normal 0.0243106 0.991716 0.126129
    outer loop
      vertex 2.15923 -0.169147 17.6025
      vertex 1.15673 0.0681533 15.9299
      vertex 1.06064 0.0635901 15.9843
    endloop
  endfacet
  facet normal 0.0243605 0.991719 0.126098
    outer loop
      vertex 2.33339 -0.159398 17.4922
      vertex 1.25003 0.0733761 15.8708
      vertex 1.15673 0.0681533 15.9299
    endloop
  endfacet
  facet normal 0.0243531 0.991718 0.126101
    outer loop
      vertex 2.50194 -0.148441 17.3735
      vertex 1.34032 0.0792459 15.8072
      vertex 1.25003 0.0733761 15.8708
    endloop
  endfacet
  facet normal 0.02431 0.991714 0.126145
    outer loop
      vertex 2.66445 -0.136303 17.2466
      vertex 1.42738 0.0857486 15.7393
      vertex 1.34032 0.0792459 15.8072
    endloop
  endfacet
  facet normal 0.0243989 0.991723 0.126059
    outer loop
      vertex 2.82055 -0.123012 17.112
      vertex 1.51101 0.0928685 15.6671
      vertex 1.42738 0.0857486 15.7393
    endloop
  endfacet
  facet normal 0.0243008 0.991713 0.126151
    outer loop
      vertex 2.86085 -0.119122 17.0736
      vertex 1.59099 0.100589 15.591
      vertex 1.51101 0.0928685 15.6671
    endloop
  endfacet
  facet normal 0.0260138 0.991853 0.124705
    outer loop
      vertex 1.59099 0.100589 15.591
      vertex 2.86085 -0.119122 17.0736
      vertex 1.59323 0.100832 15.5886
    endloop
  endfacet
  facet normal -0.0243585 0.991719 0.126098
    outer loop
      vertex -1.59323 0.100832 15.5886
      vertex -2.96985 -0.108601 16.9698
      vertex -2.86085 -0.119122 17.0736
    endloop
  endfacet
  facet normal -0.0243468 0.991718 0.126109
    outer loop
      vertex -2.96985 -0.108601 16.9698
      vertex -1.59323 0.100832 15.5886
      vertex -3.11199 -0.0931052 16.8205
    endloop
  endfacet
  facet normal -0.024308 0.991713 0.126155
    outer loop
      vertex -3.11199 -0.0931052 16.8205
      vertex -1.66714 0.10889 15.511
      vertex -3.24664 -0.076561 16.6645
    endloop
  endfacet
  facet normal -0.0243277 0.991716 0.126128
    outer loop
      vertex -1.73927 0.117753 15.4274
      vertex -3.24664 -0.076561 16.6645
      vertex -1.66714 0.10889 15.511
    endloop
  endfacet
  facet normal -0.0243722 0.991721 0.126076
    outer loop
      vertex -1.80722 0.127156 15.3403
      vertex -3.37347 -0.0590084 16.5019
      vertex -1.73927 0.117753 15.4274
    endloop
  endfacet
  facet normal -0.0243304 0.991715 0.126132
    outer loop
      vertex -3.37347 -0.0590084 16.5019
      vertex -1.80722 0.127156 15.3403
      vertex -3.49217 -0.0404898 16.3334
    endloop
  endfacet
  facet normal -0.0243558 0.99172 0.126091
    outer loop
      vertex -3.49217 -0.0404898 16.3334
      vertex -1.87081 0.137077 15.25
      vertex -3.60246 -0.02105 16.1592
    endloop
  endfacet
  facet normal -0.0243455 0.991717 0.12611
    outer loop
      vertex -1.92989 0.147491 15.1567
      vertex -3.60246 -0.02105 16.1592
      vertex -1.87081 0.137077 15.25
    endloop
  endfacet
  facet normal -0.0243193 0.991714 0.126143
    outer loop
      vertex -3.11199 -0.0931052 16.8205
      vertex -1.59323 0.100832 15.5886
      vertex -1.66714 0.10889 15.511
    endloop
  endfacet
  facet normal -0.0243765 0.991722 0.12607
    outer loop
      vertex -3.24664 -0.076561 16.6645
      vertex -1.73927 0.117753 15.4274
      vertex -3.37347 -0.0590084 16.5019
    endloop
  endfacet
  facet normal -0.0243476 0.991718 0.126103
    outer loop
      vertex -1.87081 0.137077 15.25
      vertex -3.49217 -0.0404898 16.3334
      vertex -1.80722 0.127156 15.3403
    endloop
  endfacet
  facet normal -0.0243247 0.991714 0.126144
    outer loop
      vertex -3.60246 -0.02105 16.1592
      vertex -1.92989 0.147491 15.1567
      vertex -3.70407 -0.000735643 15.9799
    endloop
  endfacet
  facet normal -0.0243464 0.991719 0.126098
    outer loop
      vertex -1.98432 0.158374 15.0606
      vertex -3.70407 -0.000735643 15.9799
      vertex -1.92989 0.147491 15.1567
    endloop
  endfacet
  facet normal -0.02436 0.991722 0.126073
    outer loop
      vertex -3.70407 -0.000735643 15.9799
      vertex -1.98432 0.158374 15.0606
      vertex -3.79675 0.0204044 15.7957
    endloop
  endfacet
  facet normal -0.0243252 0.991712 0.126157
    outer loop
      vertex -2.03398 0.169699 14.962
      vertex -3.79675 0.0204044 15.7957
      vertex -1.98432 0.158374 15.0606
    endloop
  endfacet
  facet normal -0.0243314 0.991713 0.126145
    outer loop
      vertex -3.79675 0.0204044 15.7957
      vertex -2.03398 0.169699 14.962
      vertex -3.88029 0.042319 15.6073
    endloop
  endfacet
  facet normal -0.0243588 0.991722 0.126068
    outer loop
      vertex -2.07873 0.181439 14.861
      vertex -3.88029 0.042319 15.6073
      vertex -2.03398 0.169699 14.962
    endloop
  endfacet
  facet normal -0.0243573 0.991722 0.126072
    outer loop
      vertex -3.88029 0.042319 15.6073
      vertex -2.07873 0.181439 14.861
      vertex -3.95448 0.0649555 15.4149
    endloop
  endfacet
  facet normal -0.0243334 0.991713 0.126151
    outer loop
      vertex -2.11847 0.193566 14.758
      vertex -3.95448 0.0649555 15.4149
      vertex -2.07873 0.181439 14.861
    endloop
  endfacet
  facet normal -0.0243388 0.991714 0.126136
    outer loop
      vertex -3.95448 0.0649555 15.4149
      vertex -2.11847 0.193566 14.758
      vertex -4.01915 0.0882594 15.2192
    endloop
  endfacet
  facet normal -0.0243556 0.991723 0.126068
    outer loop
      vertex -2.15312 0.20605 14.6531
      vertex -4.01915 0.0882594 15.2192
      vertex -2.11847 0.193566 14.758
    endloop
  endfacet
  facet normal -0.0243472 0.991719 0.126096
    outer loop
      vertex -4.01915 0.0882594 15.2192
      vertex -2.15312 0.20605 14.6531
      vertex -4.07413 0.112174 15.0205
    endloop
  endfacet
  facet normal -0.0243378 0.991714 0.126143
    outer loop
      vertex -2.18257 0.218861 14.5467
      vertex -4.07413 0.112174 15.0205
      vertex -2.15312 0.20605 14.6531
    endloop
  endfacet
  facet normal -0.0243399 0.991714 0.126135
    outer loop
      vertex -4.07413 0.112174 15.0205
      vertex -2.18257 0.218861 14.5467
      vertex -4.1193 0.136643 14.8194
    endloop
  endfacet
  facet normal -0.0243338 0.991709 0.126176
    outer loop
      vertex -2.20677 0.23197 14.439
      vertex -4.1193 0.136643 14.8194
      vertex -2.18257 0.218861 14.5467
    endloop
  endfacet
  facet normal -0.0243462 0.991717 0.126116
    outer loop
      vertex -4.1193 0.136643 14.8194
      vertex -2.20677 0.23197 14.439
      vertex -4.15454 0.161606 14.6163
    endloop
  endfacet
  facet normal -0.0243565 0.99173 0.126008
    outer loop
      vertex -2.22565 0.245343 14.3301
      vertex -4.15454 0.161606 14.6163
      vertex -2.20677 0.23197 14.439
    endloop
  endfacet
  facet normal -0.0243409 0.991718 0.12611
    outer loop
      vertex -4.15454 0.161606 14.6163
      vertex -2.22565 0.245343 14.3301
      vertex -4.17978 0.187004 14.4117
    endloop
  endfacet
  facet normal -0.0243406 0.991717 0.126117
    outer loop
      vertex -2.23917 0.258949 14.2205
      vertex -4.17978 0.187004 14.4117
      vertex -2.22565 0.245343 14.3301
    endloop
  endfacet
  facet normal -0.0243421 0.991719 0.126102
    outer loop
      vertex -2.23917 0.258949 14.2205
      vertex -4.19494 0.212775 14.2061
      vertex -4.17978 0.187004 14.4117
    endloop
  endfacet
  facet normal -0.0243423 0.991712 0.126151
    outer loop
      vertex -2.24729 0.272755 14.1104
      vertex -4.19494 0.212775 14.2061
      vertex -2.23917 0.258949 14.2205
    endloop
  endfacet
  facet normal -0.0243446 0.991718 0.126107
    outer loop
      vertex -2.25 0.286727 14
      vertex -4.19494 0.212775 14.2061
      vertex -2.24729 0.272755 14.1104
    endloop
  endfacet
  facet normal -0.0243454 0.991719 0.1261
    outer loop
      vertex -2.25 0.286727 14
      vertex -4.2 0.238857 14
      vertex -4.19494 0.212775 14.2061
    endloop
  endfacet
  facet normal -0.0243454 0.991717 0.126116
    outer loop
      vertex -2.24729 0.300833 13.8896
      vertex -4.2 0.238857 14
      vertex -2.25 0.286727 14
    endloop
  endfacet
  facet normal -0.0243462 0.991718 0.126103
    outer loop
      vertex -2.24729 0.300833 13.8896
      vertex -4.19494 0.265188 13.7939
      vertex -4.2 0.238857 14
    endloop
  endfacet
  facet normal -0.0243515 0.991712 0.126154
    outer loop
      vertex -4.18965 0.274433 13.7222
      vertex -2.24729 0.300833 13.8896
      vertex -2.23917 0.315038 13.7795
    endloop
  endfacet
  facet normal -0.0243459 0.991739 0.125944
    outer loop
      vertex -4.18965 0.274433 13.7222
      vertex -2.23917 0.315038 13.7795
      vertex -2.23211 0.322488 13.7222
    endloop
  endfacet
  facet normal -0.0243449 0.991722 0.126076
    outer loop
      vertex -2.24729 0.300833 13.8896
      vertex -4.18965 0.274433 13.7222
      vertex -4.19494 0.265188 13.7939
    endloop
  endfacet
  facet normal 0.358575 0.929679 0.0843828
    outer loop
      vertex 33.8455 -5.82855 13.3837
      vertex 35.7679 -6.60074 13.7222
      vertex 35.7744 -6.5985 13.6699
    endloop
  endfacet
  facet normal 0.358611 0.929687 0.0841423
    outer loop
      vertex 35.7679 -6.60074 13.7222
      vertex 33.8202 -5.83733 13.5883
      vertex 33.8103 -5.84563 13.7222
    endloop
  endfacet
  facet normal 0.358659 0.929694 0.0838578
    outer loop
      vertex 33.8455 -5.82855 13.3837
      vertex 35.7744 -6.5985 13.6699
      vertex 35.7932 -6.59593 13.561
    endloop
  endfacet
  facet normal 0.358623 0.929685 0.084121
    outer loop
      vertex 33.8807 -5.82377 13.1806
      vertex 35.7932 -6.59593 13.561
      vertex 35.8174 -6.59552 13.4533
    endloop
  endfacet
  facet normal 0.358602 0.929682 0.0842387
    outer loop
      vertex 35.7679 -6.60074 13.7222
      vertex 33.8455 -5.82855 13.3837
      vertex 33.8202 -5.83733 13.5883
    endloop
  endfacet
  facet normal 0.358581 0.929684 0.0843026
    outer loop
      vertex 33.9259 -5.823 12.9795
      vertex 35.8174 -6.59552 13.4533
      vertex 35.8469 -6.59725 13.3469
    endloop
  endfacet
  facet normal 0.358679 0.929681 0.0839194
    outer loop
      vertex 33.9809 -5.82623 12.7808
      vertex 35.8469 -6.59725 13.3469
      vertex 35.8815 -6.60113 13.242
    endloop
  endfacet
  facet normal 0.35864 0.929686 0.0840375
    outer loop
      vertex 35.7932 -6.59593 13.561
      vertex 33.8807 -5.82377 13.1806
      vertex 33.8455 -5.82855 13.3837
    endloop
  endfacet
  facet normal 0.358557 0.929694 0.084302
    outer loop
      vertex 34.0455 -5.83347 12.5851
      vertex 35.8815 -6.60113 13.242
      vertex 35.9213 -6.60714 13.139
    endloop
  endfacet
  facet normal 0.358687 0.929679 0.0839111
    outer loop
      vertex 34.1197 -5.84469 12.3927
      vertex 35.9213 -6.60714 13.139
      vertex 35.966 -6.61527 13.038
    endloop
  endfacet
  facet normal 0.357261 0.929925 0.0871952
    outer loop
      vertex 34.2032 -5.85986 12.2043
      vertex 35.966 -6.61527 13.038
      vertex 35.9688 -6.61583 13.0325
    endloop
  endfacet
  facet normal 0.358616 0.929683 0.0841636
    outer loop
      vertex 35.8174 -6.59552 13.4533
      vertex 33.9259 -5.823 12.9795
      vertex 33.8807 -5.82377 13.1806
    endloop
  endfacet
  facet normal 0.358611 0.929686 0.0841507
    outer loop
      vertex 35.8469 -6.59725 13.3469
      vertex 33.9809 -5.82623 12.7808
      vertex 33.9259 -5.823 12.9795
    endloop
  endfacet
  facet normal 0.35866 0.929681 0.0839988
    outer loop
      vertex 35.8815 -6.60113 13.242
      vertex 34.0455 -5.83347 12.5851
      vertex 33.9809 -5.82623 12.7808
    endloop
  endfacet
  facet normal 0.358619 0.929689 0.0840872
    outer loop
      vertex 35.9213 -6.60714 13.139
      vertex 34.1197 -5.84469 12.3927
      vertex 34.0455 -5.83347 12.5851
    endloop
  endfacet
  facet normal 0.358628 0.929685 0.0840877
    outer loop
      vertex 35.966 -6.61527 13.038
      vertex 34.2032 -5.85986 12.2043
      vertex 34.1197 -5.84469 12.3927
    endloop
  endfacet
  facet normal 0.358604 0.929692 0.0841194
    outer loop
      vertex 35.9688 -6.61583 13.0325
      vertex 34.2959 -5.87895 12.0201
      vertex 34.2032 -5.85986 12.2043
    endloop
  endfacet
  facet normal 0.358612 0.92969 0.0841049
    outer loop
      vertex 35.9688 -6.61583 13.0325
      vertex 34.3975 -5.90192 11.8408
      vertex 34.2959 -5.87895 12.0201
    endloop
  endfacet
  facet normal 0.358619 0.929688 0.0840948
    outer loop
      vertex 35.9688 -6.61583 13.0325
      vertex 34.5078 -5.92871 11.6666
      vertex 34.3975 -5.90192 11.8408
    endloop
  endfacet
  facet normal 0.358603 0.929693 0.0841146
    outer loop
      vertex 35.9688 -6.61583 13.0325
      vertex 34.6265 -5.95925 11.4981
      vertex 34.5078 -5.92871 11.6666
    endloop
  endfacet
  facet normal 0.358505 0.929722 0.084212
    outer loop
      vertex 34.6265 -5.95925 11.4981
      vertex 35.9688 -6.61583 13.0325
      vertex 34.7081 -5.98125 11.3936
    endloop
  endfacet
  facet normal -0.445812 0.886199 0.126106
    outer loop
      vertex -40.779 -8.77996 13.7222
      vertex -40.6645 -9.22388 17.2466
      vertex -40.584 -9.19232 17.3094
    endloop
  endfacet
  facet normal -0.446214 0.885999 0.126094
    outer loop
      vertex -40.6645 -9.22388 17.2466
      vertex -40.779 -8.77996 13.7222
      vertex -40.8205 -9.28329 17.112
    endloop
  endfacet
  facet normal -0.446054 0.886077 0.126107
    outer loop
      vertex -40.8205 -9.28329 17.112
      vertex -40.779 -8.77996 13.7222
      vertex -40.9698 -9.33821 16.9698
    endloop
  endfacet
  facet normal -0.445887 0.886158 0.126131
    outer loop
      vertex -40.9698 -9.33821 16.9698
      vertex -40.779 -8.77996 13.7222
      vertex -41.112 -9.38851 16.8205
    endloop
  endfacet
  facet normal -0.446065 0.886073 0.126095
    outer loop
      vertex -41.112 -9.38851 16.8205
      vertex -40.779 -8.77996 13.7222
      vertex -41.2466 -9.43407 16.6645
    endloop
  endfacet
  facet normal -0.445903 0.886149 0.126138
    outer loop
      vertex -41.2466 -9.43407 16.6645
      vertex -40.779 -8.77996 13.7222
      vertex -41.3735 -9.47478 16.5019
    endloop
  endfacet
  facet normal -0.445978 0.886115 0.126113
    outer loop
      vertex -41.3735 -9.47478 16.5019
      vertex -40.779 -8.77996 13.7222
      vertex -41.4922 -9.51054 16.3334
    endloop
  endfacet
  facet normal -0.446018 0.886097 0.126097
    outer loop
      vertex -41.4922 -9.51054 16.3334
      vertex -40.779 -8.77996 13.7222
      vertex -41.6025 -9.54127 16.1592
    endloop
  endfacet
  facet normal -0.445996 0.886107 0.126108
    outer loop
      vertex -41.6025 -9.54127 16.1592
      vertex -40.779 -8.77996 13.7222
      vertex -41.7041 -9.56689 15.9799
    endloop
  endfacet
  facet normal -0.445982 0.886112 0.126115
    outer loop
      vertex -41.7041 -9.56689 15.9799
      vertex -40.779 -8.77996 13.7222
      vertex -41.7968 -9.58733 15.7957
    endloop
  endfacet
  facet normal -0.446058 0.886081 0.126066
    outer loop
      vertex -41.7968 -9.58733 15.7957
      vertex -40.779 -8.77996 13.7222
      vertex -41.8803 -9.60256 15.6073
    endloop
  endfacet
  facet normal -0.446021 0.886096 0.126094
    outer loop
      vertex -41.8803 -9.60256 15.6073
      vertex -40.779 -8.77996 13.7222
      vertex -41.9545 -9.61253 15.4149
    endloop
  endfacet
  facet normal -0.446102 0.886065 0.126022
    outer loop
      vertex -41.9545 -9.61253 15.4149
      vertex -40.779 -8.77996 13.7222
      vertex -42.0191 -9.61722 15.2192
    endloop
  endfacet
  facet normal -0.445999 0.886102 0.126128
    outer loop
      vertex -42.0191 -9.61722 15.2192
      vertex -40.779 -8.77996 13.7222
      vertex -42.0741 -9.61662 15.0205
    endloop
  endfacet
  facet normal -0.445951 0.886118 0.126187
    outer loop
      vertex -42.0741 -9.61662 15.0205
      vertex -40.779 -8.77996 13.7222
      vertex -42.1193 -9.61073 14.8194
    endloop
  endfacet
  facet normal -0.446053 0.886088 0.12604
    outer loop
      vertex -42.1193 -9.61073 14.8194
      vertex -40.779 -8.77996 13.7222
      vertex -42.1545 -9.59956 14.6163
    endloop
  endfacet
  facet normal -0.445953 0.886113 0.126216
    outer loop
      vertex -42.1545 -9.59956 14.6163
      vertex -40.779 -8.77996 13.7222
      vertex -42.1798 -9.58315 14.4117
    endloop
  endfacet
  facet normal -0.446058 0.886093 0.125981
    outer loop
      vertex -42.1798 -9.58315 14.4117
      vertex -40.779 -8.77996 13.7222
      vertex -42.1949 -9.56152 14.2061
    endloop
  endfacet
  facet normal -0.445994 0.886098 0.126173
    outer loop
      vertex -42.1949 -9.56152 14.2061
      vertex -40.779 -8.77996 13.7222
      vertex -42.2 -9.53474 14
    endloop
  endfacet
  facet normal -0.446026 0.886103 0.126027
    outer loop
      vertex -42.2 -9.53474 14
      vertex -40.779 -8.77996 13.7222
      vertex -42.1949 -9.50286 13.7939
    endloop
  endfacet
  facet normal -0.445972 0.886052 0.126577
    outer loop
      vertex -42.1949 -9.50286 13.7939
      vertex -40.779 -8.77996 13.7222
      vertex -42.1897 -9.49 13.7222
    endloop
  endfacet
  facet normal -0.403834 0.910974 0.0839308
    outer loop
      vertex -40.2256 -8.52982 13.6699
      vertex -40.779 -8.77996 13.7222
      vertex -40.2321 -8.53752 13.7222
    endloop
  endfacet
  facet normal -0.403783 0.910955 0.0843772
    outer loop
      vertex -40.2068 -8.5114 13.561
      vertex -40.779 -8.77996 13.7222
      vertex -40.2256 -8.52982 13.6699
    endloop
  endfacet
  facet normal -0.403862 0.910948 0.0840838
    outer loop
      vertex -40.1826 -8.49073 13.4533
      vertex -40.779 -8.77996 13.7222
      vertex -40.2068 -8.5114 13.561
    endloop
  endfacet
  facet normal -0.403901 0.910939 0.0839879
    outer loop
      vertex -40.1531 -8.46784 13.3469
      vertex -40.779 -8.77996 13.7222
      vertex -40.1826 -8.49073 13.4533
    endloop
  endfacet
  facet normal -0.403802 0.910966 0.0841745
    outer loop
      vertex -40.1185 -8.44281 13.242
      vertex -40.779 -8.77996 13.7222
      vertex -40.1531 -8.46784 13.3469
    endloop
  endfacet
  facet normal -0.404035 0.910896 0.0838061
    outer loop
      vertex -40.0787 -8.41568 13.139
      vertex -40.779 -8.77996 13.7222
      vertex -40.1185 -8.44281 13.242
    endloop
  endfacet
  facet normal -0.403611 0.91103 0.084398
    outer loop
      vertex -40.034 -8.38652 13.038
      vertex -40.779 -8.77996 13.7222
      vertex -40.0787 -8.41568 13.139
    endloop
  endfacet
  facet normal -0.403696 0.911024 0.0840508
    outer loop
      vertex -40.8793 -8.5679 10.944
      vertex -40.034 -8.38652 13.038
      vertex -39.9843 -8.3554 12.9394
    endloop
  endfacet
  facet normal -0.40391 0.910919 0.0841583
    outer loop
      vertex -40.8793 -8.5679 10.944
      vertex -39.9843 -8.3554 12.9394
      vertex -39.9299 -8.3224 12.8433
    endloop
  endfacet
  facet normal -0.403802 0.910973 0.0840972
    outer loop
      vertex -40.8793 -8.5679 10.944
      vertex -39.9299 -8.3224 12.8433
      vertex -39.8708 -8.28759 12.75
    endloop
  endfacet
  facet normal -0.403751 0.910998 0.084065
    outer loop
      vertex -40.8793 -8.5679 10.944
      vertex -39.8708 -8.28759 12.75
      vertex -39.8072 -8.25107 12.6597
    endloop
  endfacet
  facet normal -0.403931 0.910907 0.084194
    outer loop
      vertex -40.8793 -8.5679 10.944
      vertex -39.8072 -8.25107 12.6597
      vertex -39.7393 -8.21291 12.5726
    endloop
  endfacet
  facet normal -0.403629 0.911063 0.0839485
    outer loop
      vertex -40.8793 -8.5679 10.944
      vertex -39.7393 -8.21291 12.5726
      vertex -39.6671 -8.17322 12.489
    endloop
  endfacet
  facet normal -0.403835 0.910957 0.0841128
    outer loop
      vertex -40.034 -8.38652 13.038
      vertex -40.8793 -8.5679 10.944
      vertex -40.779 -8.77996 13.7222
    endloop
  endfacet
  facet normal -0.403915 0.910912 0.084212
    outer loop
      vertex -39.591 -8.13208 12.409
      vertex -40.8793 -8.5679 10.944
      vertex -39.6671 -8.17322 12.489
    endloop
  endfacet
  facet normal -0.403821 0.910963 0.0841142
    outer loop
      vertex -39.511 -8.08959 12.3329
      vertex -40.8793 -8.5679 10.944
      vertex -39.591 -8.13208 12.409
    endloop
  endfacet
  facet normal -0.403795 0.910978 0.0840816
    outer loop
      vertex -40.8205 -8.53667 10.888
      vertex -39.511 -8.08959 12.3329
      vertex -39.4274 -8.04587 12.2607
    endloop
  endfacet
  facet normal -0.403759 0.910994 0.0840775
    outer loop
      vertex -40.6645 -8.45505 10.7534
      vertex -39.4274 -8.04587 12.2607
      vertex -39.3403 -8.001 12.1928
    endloop
  endfacet
  facet normal -0.403758 0.910996 0.0840603
    outer loop
      vertex -40.5019 -8.3713 10.6265
      vertex -39.3403 -8.001 12.1928
      vertex -39.25 -7.95511 12.1292
    endloop
  endfacet
  facet normal -0.403781 0.910982 0.0840994
    outer loop
      vertex -40.3334 -8.28563 10.5078
      vertex -39.25 -7.95511 12.1292
      vertex -39.1567 -7.9083 12.0701
    endloop
  endfacet
  facet normal -0.403801 0.910973 0.0841047
    outer loop
      vertex -40.1592 -8.19825 10.3975
      vertex -39.1567 -7.9083 12.0701
      vertex -39.0606 -7.86068 12.0157
    endloop
  endfacet
  facet normal -0.403888 0.910927 0.0841755
    outer loop
      vertex -39.9799 -8.10936 10.2959
      vertex -39.0606 -7.86068 12.0157
      vertex -38.962 -7.81237 11.966
    endloop
  endfacet
  facet normal -0.403763 0.910992 0.0840792
    outer loop
      vertex -39.7957 -8.01918 10.2032
      vertex -38.962 -7.81237 11.966
      vertex -38.861 -7.76348 11.9213
    endloop
  endfacet
  facet normal -0.403857 0.910945 0.0841388
    outer loop
      vertex -39.484 -7.86888 10.0721
      vertex -38.861 -7.76348 11.9213
      vertex -38.758 -7.71414 11.8815
    endloop
  endfacet
  facet normal -0.403718 0.911012 0.0840771
    outer loop
      vertex -39.484 -7.86888 10.0721
      vertex -38.758 -7.71414 11.8815
      vertex -38.6531 -7.66446 11.8469
    endloop
  endfacet
  facet normal -0.403879 0.910933 0.0841619
    outer loop
      vertex -39.484 -7.86888 10.0721
      vertex -38.6531 -7.66446 11.8469
      vertex -38.5467 -7.61456 11.8174
    endloop
  endfacet
  facet normal -0.403961 0.910892 0.084212
    outer loop
      vertex -39.484 -7.86888 10.0721
      vertex -38.5467 -7.61456 11.8174
      vertex -38.439 -7.56456 11.7932
    endloop
  endfacet
  facet normal -0.403572 0.911089 0.0839408
    outer loop
      vertex -39.484 -7.86888 10.0721
      vertex -38.439 -7.56456 11.7932
      vertex -38.3301 -7.51459 11.7744
    endloop
  endfacet
  facet normal -0.403816 0.910964 0.084132
    outer loop
      vertex -39.484 -7.86888 10.0721
      vertex -38.3301 -7.51459 11.7744
      vertex -38.2205 -7.46475 11.7608
    endloop
  endfacet
  facet normal -0.40392 0.910909 0.0842227
    outer loop
      vertex -39.484 -7.86888 10.0721
      vertex -38.2205 -7.46475 11.7608
      vertex -38.1104 -7.41518 11.7527
    endloop
  endfacet
  facet normal -0.408741 0.908314 0.0888641
    outer loop
      vertex -39.484 -7.86888 10.0721
      vertex -38.1104 -7.41518 11.7527
      vertex -38.1098 -7.41491 11.7527
    endloop
  endfacet
  facet normal -0.403781 0.910985 0.0840668
    outer loop
      vertex -39.511 -8.08959 12.3329
      vertex -40.8205 -8.53667 10.888
      vertex -40.8793 -8.5679 10.944
    endloop
  endfacet
  facet normal -0.403917 0.91091 0.08423
    outer loop
      vertex -39.4274 -8.04587 12.2607
      vertex -40.6645 -8.45505 10.7534
      vertex -40.8205 -8.53667 10.888
    endloop
  endfacet
  facet normal -0.403687 0.911033 0.0839989
    outer loop
      vertex -39.3403 -8.001 12.1928
      vertex -40.5019 -8.3713 10.6265
      vertex -40.6645 -8.45505 10.7534
    endloop
  endfacet
  facet normal -0.40386 0.910941 0.0841606
    outer loop
      vertex -39.25 -7.95511 12.1292
      vertex -40.3334 -8.28563 10.5078
      vertex -40.5019 -8.3713 10.6265
    endloop
  endfacet
  facet normal -0.403739 0.911004 0.0840627
    outer loop
      vertex -39.1567 -7.9083 12.0701
      vertex -40.1592 -8.19825 10.3975
      vertex -40.3334 -8.28563 10.5078
    endloop
  endfacet
  facet normal -0.403899 0.910922 0.0841818
    outer loop
      vertex -39.0606 -7.86068 12.0157
      vertex -39.9799 -8.10936 10.2959
      vertex -40.1592 -8.19825 10.3975
    endloop
  endfacet
  facet normal -0.403712 0.911017 0.0840525
    outer loop
      vertex -38.962 -7.81237 11.966
      vertex -39.7957 -8.01918 10.2032
      vertex -39.9799 -8.10936 10.2959
    endloop
  endfacet
  facet normal -0.403898 0.910925 0.0841625
    outer loop
      vertex -38.861 -7.76348 11.9213
      vertex -39.6073 -7.92793 10.1197
      vertex -39.7957 -8.01918 10.2032
    endloop
  endfacet
  facet normal -0.403802 0.910971 0.0841187
    outer loop
      vertex -38.861 -7.76348 11.9213
      vertex -39.484 -7.86888 10.0721
      vertex -39.6073 -7.92793 10.1197
    endloop
  endfacet
  facet normal 0.0244169 0.99616 0.0840809
    outer loop
      vertex 2.50194 0.577246 10.6265
      vertex 1.32363 0.47492 12.181
      vertex 2.59578 0.568759 10.6998
    endloop
  endfacet
  facet normal 0.0244545 0.996156 0.0841092
    outer loop
      vertex 2.33339 0.591406 10.5078
      vertex 1.32363 0.47492 12.181
      vertex 2.50194 0.577246 10.6265
    endloop
  endfacet
  facet normal 0.0244786 0.996155 0.0841236
    outer loop
      vertex 1.32363 0.47492 12.181
      vertex 2.33339 0.591406 10.5078
      vertex 1.25003 0.481103 12.1292
    endloop
  endfacet
  facet normal 0.0244444 0.996157 0.0841009
    outer loop
      vertex 1.25003 0.481103 12.1292
      vertex 2.33339 0.591406 10.5078
      vertex 1.15673 0.488382 12.0701
    endloop
  endfacet
  facet normal 0.024453 0.996157 0.0841073
    outer loop
      vertex 2.15923 0.604994 10.3975
      vertex 1.15673 0.488382 12.0701
      vertex 2.33339 0.591406 10.5078
    endloop
  endfacet
  facet normal 0.0244774 0.996155 0.0841218
    outer loop
      vertex 1.15673 0.488382 12.0701
      vertex 2.15923 0.604994 10.3975
      vertex 1.06064 0.495337 12.0157
    endloop
  endfacet
  facet normal 0.0244574 0.996156 0.0841084
    outer loop
      vertex 1.97987 0.617976 10.2959
      vertex 1.06064 0.495337 12.0157
      vertex 2.15923 0.604994 10.3975
    endloop
  endfacet
  facet normal 0.0244246 0.996159 0.084091
    outer loop
      vertex 1.06064 0.495337 12.0157
      vertex 1.97987 0.617976 10.2959
      vertex 0.961999 0.501951 11.966
    endloop
  endfacet
  facet normal 0.0244486 0.996157 0.0841055
    outer loop
      vertex 1.79573 0.630322 10.2032
      vertex 0.961999 0.501951 11.966
      vertex 1.97987 0.617976 10.2959
    endloop
  endfacet
  facet normal 0.02449 0.996154 0.0841249
    outer loop
      vertex 0.961999 0.501951 11.966
      vertex 1.79573 0.630322 10.2032
      vertex 0.861037 0.508208 11.9213
    endloop
  endfacet
  facet normal 0.0244698 0.996156 0.084114
    outer loop
      vertex 1.60727 0.642002 10.1197
      vertex 0.861037 0.508208 11.9213
      vertex 1.79573 0.630322 10.2032
    endloop
  endfacet
  facet normal 0.0244144 0.996159 0.0840913
    outer loop
      vertex 0.861037 0.508208 11.9213
      vertex 1.60727 0.642002 10.1197
      vertex 0.758001 0.514093 11.8815
    endloop
  endfacet
  facet normal 0.0244521 0.996156 0.0841093
    outer loop
      vertex 1.41494 0.652988 10.0455
      vertex 0.758001 0.514093 11.8815
      vertex 1.60727 0.642002 10.1197
    endloop
  endfacet
  facet normal 0.0244829 0.996155 0.0841202
    outer loop
      vertex 0.758001 0.514093 11.8815
      vertex 1.41494 0.652988 10.0455
      vertex 0.65314 0.519592 11.8469
    endloop
  endfacet
  facet normal 0.0244555 0.996156 0.0841087
    outer loop
      vertex 1.2192 0.663252 9.98085
      vertex 0.65314 0.519592 11.8469
      vertex 1.41494 0.652988 10.0455
    endloop
  endfacet
  facet normal 0.0244232 0.996158 0.0840991
    outer loop
      vertex 0.65314 0.519592 11.8469
      vertex 1.2192 0.663252 9.98085
      vertex 0.546705 0.524692 11.8174
    endloop
  endfacet
  facet normal 0.0244563 0.996156 0.0841111
    outer loop
      vertex 1.02052 0.672772 9.92587
      vertex 0.546705 0.524692 11.8174
      vertex 1.2192 0.663252 9.98085
    endloop
  endfacet
  facet normal 0.0244497 0.996157 0.0841094
    outer loop
      vertex 0.546705 0.524692 11.8174
      vertex 1.02052 0.672772 9.92587
      vertex 0.438952 0.52938 11.7932
    endloop
  endfacet
  facet normal 0.0244511 0.996156 0.0841099
    outer loop
      vertex 0.819379 0.681523 9.8807
      vertex 0.438952 0.52938 11.7932
      vertex 1.02052 0.672772 9.92587
    endloop
  endfacet
  facet normal 0.0245207 0.996154 0.0841235
    outer loop
      vertex 0.438952 0.52938 11.7932
      vertex 0.819379 0.681523 9.8807
      vertex 0.330143 0.533646 11.7744
    endloop
  endfacet
  facet normal 0.0244568 0.996157 0.0841072
    outer loop
      vertex 0.616267 0.689485 9.84546
      vertex 0.330143 0.533646 11.7744
      vertex 0.819379 0.681523 9.8807
    endloop
  endfacet
  facet normal 0.0243926 0.996159 0.0840979
    outer loop
      vertex 0.330143 0.533646 11.7744
      vertex 0.616267 0.689485 9.84546
      vertex 0.220538 0.537478 11.7608
    endloop
  endfacet
  facet normal 0.0244511 0.996156 0.0841098
    outer loop
      vertex 0.411672 0.696638 9.82022
      vertex 0.220538 0.537478 11.7608
      vertex 0.616267 0.689485 9.84546
    endloop
  endfacet
  facet normal 0.0244668 0.996156 0.0841113
    outer loop
      vertex 0.220538 0.537478 11.7608
      vertex 0.411672 0.696638 9.82022
      vertex 0.110402 0.540867 11.7527
    endloop
  endfacet
  facet normal 0.0244593 0.996156 0.0841101
    outer loop
      vertex 0.206083 0.702966 9.80506
      vertex 0.110402 0.540867 11.7527
      vertex 0.411672 0.696638 9.82022
    endloop
  endfacet
  facet normal 0.0244616 0.996156 0.0841102
    outer loop
      vertex 0.110402 0.540867 11.7527
      vertex 0.206083 0.702966 9.80506
      vertex 0 0.543806 11.75
    endloop
  endfacet
  facet normal 0.0244529 0.996156 0.0841093
    outer loop
      vertex 0 0.543806 11.75
      vertex 0.206083 0.702966 9.80506
      vertex 0 0.708452 9.8
    endloop
  endfacet
  facet normal 0.0243468 0.991718 0.126109
    outer loop
      vertex 1.59323 0.100832 15.5886
      vertex 2.96985 -0.108601 16.9698
      vertex 3.11199 -0.0931052 16.8205
    endloop
  endfacet
  facet normal 0.024308 0.991713 0.126155
    outer loop
      vertex 1.66714 0.10889 15.511
      vertex 3.11199 -0.0931052 16.8205
      vertex 3.24664 -0.076561 16.6645
    endloop
  endfacet
  facet normal 0.0243765 0.991722 0.12607
    outer loop
      vertex 1.73927 0.117753 15.4274
      vertex 3.24664 -0.076561 16.6645
      vertex 3.37347 -0.0590084 16.5019
    endloop
  endfacet
  facet normal 0.0243304 0.991715 0.126132
    outer loop
      vertex 1.80722 0.127156 15.3403
      vertex 3.37347 -0.0590084 16.5019
      vertex 3.49217 -0.0404898 16.3334
    endloop
  endfacet
  facet normal 0.0243558 0.99172 0.126091
    outer loop
      vertex 1.87081 0.137077 15.25
      vertex 3.49217 -0.0404898 16.3334
      vertex 3.60246 -0.02105 16.1592
    endloop
  endfacet
  facet normal 0.0243247 0.991714 0.126144
    outer loop
      vertex 1.92989 0.147491 15.1567
      vertex 3.60246 -0.02105 16.1592
      vertex 3.70407 -0.000735643 15.9799
    endloop
  endfacet
  facet normal 0.02436 0.991722 0.126073
    outer loop
      vertex 1.98432 0.158374 15.0606
      vertex 3.70407 -0.000735643 15.9799
      vertex 3.79675 0.0204044 15.7957
    endloop
  endfacet
  facet normal 0.0243314 0.991713 0.126145
    outer loop
      vertex 2.03398 0.169699 14.962
      vertex 3.79675 0.0204044 15.7957
      vertex 3.88029 0.042319 15.6073
    endloop
  endfacet
  facet normal 0.0243476 0.991718 0.126103
    outer loop
      vertex 3.49217 -0.0404898 16.3334
      vertex 1.87081 0.137077 15.25
      vertex 1.80722 0.127156 15.3403
    endloop
  endfacet
  facet normal 0.0243585 0.991719 0.126098
    outer loop
      vertex 2.96985 -0.108601 16.9698
      vertex 1.59323 0.100832 15.5886
      vertex 2.86085 -0.119122 17.0736
    endloop
  endfacet
  facet normal 0.0243193 0.991714 0.126143
    outer loop
      vertex 1.59323 0.100832 15.5886
      vertex 3.11199 -0.0931052 16.8205
      vertex 1.66714 0.10889 15.511
    endloop
  endfacet
  facet normal 0.0243573 0.991722 0.126072
    outer loop
      vertex 2.07873 0.181439 14.861
      vertex 3.88029 0.042319 15.6073
      vertex 3.95448 0.0649555 15.4149
    endloop
  endfacet
  facet normal 0.0243277 0.991716 0.126128
    outer loop
      vertex 3.24664 -0.076561 16.6645
      vertex 1.73927 0.117753 15.4274
      vertex 1.66714 0.10889 15.511
    endloop
  endfacet
  facet normal 0.0243722 0.991721 0.126076
    outer loop
      vertex 3.37347 -0.0590084 16.5019
      vertex 1.80722 0.127156 15.3403
      vertex 1.73927 0.117753 15.4274
    endloop
  endfacet
  facet normal 0.0243388 0.991714 0.126136
    outer loop
      vertex 2.11847 0.193566 14.758
      vertex 3.95448 0.0649555 15.4149
      vertex 4.01915 0.0882594 15.2192
    endloop
  endfacet
  facet normal 0.0243455 0.991717 0.12611
    outer loop
      vertex 3.60246 -0.02105 16.1592
      vertex 1.92989 0.147491 15.1567
      vertex 1.87081 0.137077 15.25
    endloop
  endfacet
  facet normal 0.0243464 0.991719 0.126098
    outer loop
      vertex 3.70407 -0.000735643 15.9799
      vertex 1.98432 0.158374 15.0606
      vertex 1.92989 0.147491 15.1567
    endloop
  endfacet
  facet normal 0.0243472 0.991719 0.126096
    outer loop
      vertex 2.15312 0.20605 14.6531
      vertex 4.01915 0.0882594 15.2192
      vertex 4.07413 0.112174 15.0205
    endloop
  endfacet
  facet normal 0.0243252 0.991712 0.126157
    outer loop
      vertex 3.79675 0.0204044 15.7957
      vertex 2.03398 0.169699 14.962
      vertex 1.98432 0.158374 15.0606
    endloop
  endfacet
  facet normal 0.0243588 0.991722 0.126068
    outer loop
      vertex 3.88029 0.042319 15.6073
      vertex 2.07873 0.181439 14.861
      vertex 2.03398 0.169699 14.962
    endloop
  endfacet
  facet normal 0.0243399 0.991714 0.126135
    outer loop
      vertex 2.18257 0.218861 14.5467
      vertex 4.07413 0.112174 15.0205
      vertex 4.1193 0.136643 14.8194
    endloop
  endfacet
  facet normal 0.0243334 0.991713 0.126151
    outer loop
      vertex 3.95448 0.0649555 15.4149
      vertex 2.11847 0.193566 14.758
      vertex 2.07873 0.181439 14.861
    endloop
  endfacet
  facet normal 0.0243556 0.991723 0.126068
    outer loop
      vertex 4.01915 0.0882594 15.2192
      vertex 2.15312 0.20605 14.6531
      vertex 2.11847 0.193566 14.758
    endloop
  endfacet
  facet normal 0.0243462 0.991717 0.126116
    outer loop
      vertex 2.20677 0.23197 14.439
      vertex 4.1193 0.136643 14.8194
      vertex 4.15454 0.161606 14.6163
    endloop
  endfacet
  facet normal 0.0243378 0.991714 0.126143
    outer loop
      vertex 4.07413 0.112174 15.0205
      vertex 2.18257 0.218861 14.5467
      vertex 2.15312 0.20605 14.6531
    endloop
  endfacet
  facet normal 0.0243338 0.991709 0.126176
    outer loop
      vertex 4.1193 0.136643 14.8194
      vertex 2.20677 0.23197 14.439
      vertex 2.18257 0.218861 14.5467
    endloop
  endfacet
  facet normal 0.0243409 0.991718 0.12611
    outer loop
      vertex 2.22565 0.245343 14.3301
      vertex 4.15454 0.161606 14.6163
      vertex 4.17978 0.187004 14.4117
    endloop
  endfacet
  facet normal 0.0243565 0.99173 0.126008
    outer loop
      vertex 4.15454 0.161606 14.6163
      vertex 2.22565 0.245343 14.3301
      vertex 2.20677 0.23197 14.439
    endloop
  endfacet
  facet normal 0.0243406 0.991717 0.126117
    outer loop
      vertex 4.17978 0.187004 14.4117
      vertex 2.23917 0.258949 14.2205
      vertex 2.22565 0.245343 14.3301
    endloop
  endfacet
  facet normal 0.0243421 0.991719 0.126102
    outer loop
      vertex 4.19494 0.212775 14.2061
      vertex 2.23917 0.258949 14.2205
      vertex 4.17978 0.187004 14.4117
    endloop
  endfacet
  facet normal 0.0243423 0.991712 0.126151
    outer loop
      vertex 4.19494 0.212775 14.2061
      vertex 2.24729 0.272755 14.1104
      vertex 2.23917 0.258949 14.2205
    endloop
  endfacet
  facet normal 0.024345 0.991719 0.1261
    outer loop
      vertex 4.2 0.238857 14
      vertex 2.24729 0.272755 14.1104
      vertex 4.19494 0.212775 14.2061
    endloop
  endfacet
  facet normal 0.0243454 0.991718 0.126107
    outer loop
      vertex 4.2 0.238857 14
      vertex 2.25 0.286727 14
      vertex 2.24729 0.272755 14.1104
    endloop
  endfacet
  facet normal 0.0243454 0.991717 0.126116
    outer loop
      vertex 4.2 0.238857 14
      vertex 2.24729 0.300833 13.8896
      vertex 2.25 0.286727 14
    endloop
  endfacet
  facet normal 0.0243462 0.991718 0.126103
    outer loop
      vertex 4.19494 0.265188 13.7939
      vertex 2.24729 0.300833 13.8896
      vertex 4.2 0.238857 14
    endloop
  endfacet
  facet normal 0.0243449 0.991722 0.126076
    outer loop
      vertex 4.18965 0.274433 13.7222
      vertex 2.24729 0.300833 13.8896
      vertex 4.19494 0.265188 13.7939
    endloop
  endfacet
  facet normal 0.0243515 0.991712 0.126154
    outer loop
      vertex 2.24729 0.300833 13.8896
      vertex 4.18965 0.274433 13.7222
      vertex 2.23917 0.315038 13.7795
    endloop
  endfacet
  facet normal 0.0243459 0.991739 0.125944
    outer loop
      vertex 2.23917 0.315038 13.7795
      vertex 4.18965 0.274433 13.7222
      vertex 2.23211 0.322488 13.7222
    endloop
  endfacet
  facet normal 0.403595 0.911082 0.0839083
    outer loop
      vertex 39.4149 -7.83582 10.0455
      vertex 38.1098 -7.41491 11.7527
      vertex 39.484 -7.86888 10.0721
    endloop
  endfacet
  facet normal 0.403878 0.910933 0.0841613
    outer loop
      vertex 39.2192 -7.74308 9.98085
      vertex 38.1098 -7.41491 11.7527
      vertex 39.4149 -7.83582 10.0455
    endloop
  endfacet
  facet normal 0.403761 0.910993 0.0840771
    outer loop
      vertex 39.0205 -7.64994 9.92587
      vertex 38.1098 -7.41491 11.7527
      vertex 39.2192 -7.74308 9.98085
    endloop
  endfacet
  facet normal 0.403867 0.91094 0.0841366
    outer loop
      vertex 38.8194 -7.55661 9.8807
      vertex 38.1098 -7.41491 11.7527
      vertex 39.0205 -7.64994 9.92587
    endloop
  endfacet
  facet normal 0.403834 0.910956 0.0841228
    outer loop
      vertex 38.6163 -7.46332 9.84546
      vertex 38.1098 -7.41491 11.7527
      vertex 38.8194 -7.55661 9.8807
    endloop
  endfacet
  facet normal 0.403793 0.910976 0.0841114
    outer loop
      vertex 38.4117 -7.3703 9.82022
      vertex 38.1098 -7.41491 11.7527
      vertex 38.6163 -7.46332 9.84546
    endloop
  endfacet
  facet normal 0.403783 0.91098 0.0841101
    outer loop
      vertex 38.2061 -7.27777 9.80506
      vertex 38.1098 -7.41491 11.7527
      vertex 38.4117 -7.3703 9.82022
    endloop
  endfacet
  facet normal 0.403734 0.911002 0.0841092
    outer loop
      vertex 38.1098 -7.41491 11.7527
      vertex 38.2061 -7.27777 9.80506
      vertex 38 -7.366 11.75
    endloop
  endfacet
  facet normal 0.403787 0.910978 0.0841137
    outer loop
      vertex 38 -7.18595 9.8
      vertex 38 -7.366 11.75
      vertex 38.2061 -7.27777 9.80506
    endloop
  endfacet
  facet normal 0.403821 0.910963 0.0841122
    outer loop
      vertex 38 -7.366 11.75
      vertex 38 -7.18595 9.8
      vertex 37.8896 -7.31731 11.7527
    endloop
  endfacet
  facet normal 0.403766 0.910988 0.0841108
    outer loop
      vertex 37.7939 -7.09507 9.80506
      vertex 37.8896 -7.31731 11.7527
      vertex 38 -7.18595 9.8
    endloop
  endfacet
  facet normal 0.403901 0.910929 0.0840974
    outer loop
      vertex 37.8896 -7.31731 11.7527
      vertex 37.7939 -7.09507 9.80506
      vertex 37.7795 -7.26924 11.7608
    endloop
  endfacet
  facet normal 0.403781 0.910982 0.0841012
    outer loop
      vertex 37.5883 -7.00534 9.82022
      vertex 37.7795 -7.26924 11.7608
      vertex 37.7939 -7.09507 9.80506
    endloop
  endfacet
  facet normal 0.403897 0.910932 0.0840831
    outer loop
      vertex 37.7795 -7.26924 11.7608
      vertex 37.5883 -7.00534 9.82022
      vertex 37.6699 -7.2219 11.7744
    endloop
  endfacet
  facet normal 0.403795 0.910977 0.0840923
    outer loop
      vertex 37.3837 -6.91698 9.84546
      vertex 37.6699 -7.2219 11.7744
      vertex 37.5883 -7.00534 9.82022
    endloop
  endfacet
  facet normal 0.404171 0.910808 0.0841125
    outer loop
      vertex 36.5726 -6.78043 12.2607
      vertex 36.6185 -6.59521 10.0345
      vertex 36.5458 -6.77068 12.2839
    endloop
  endfacet
  facet normal 0.403637 0.911044 0.0841211
    outer loop
      vertex 36.6597 -6.81275 12.1928
      vertex 36.6185 -6.59521 10.0345
      vertex 36.5726 -6.78043 12.2607
    endloop
  endfacet
  facet normal 0.403485 0.911107 0.0841588
    outer loop
      vertex 37.6699 -7.2219 11.7744
      vertex 37.3837 -6.91698 9.84546
      vertex 37.561 -7.17541 11.7932
    endloop
  endfacet
  facet normal 0.403827 0.910961 0.0841084
    outer loop
      vertex 37.1806 -6.8302 9.8807
      vertex 37.561 -7.17541 11.7932
      vertex 37.3837 -6.91698 9.84546
    endloop
  endfacet
  facet normal 0.403847 0.910952 0.0841079
    outer loop
      vertex 36.75 -6.84691 12.1292
      vertex 36.6185 -6.59521 10.0345
      vertex 36.6597 -6.81275 12.1928
    endloop
  endfacet
  facet normal 0.403972 0.9109 0.0840685
    outer loop
      vertex 37.561 -7.17541 11.7932
      vertex 37.1806 -6.8302 9.8807
      vertex 37.4533 -7.12988 11.8174
    endloop
  endfacet
  facet normal 0.403804 0.910971 0.0841128
    outer loop
      vertex 36.8433 -6.88281 12.0701
      vertex 36.6185 -6.59521 10.0345
      vertex 36.75 -6.84691 12.1292
    endloop
  endfacet
  facet normal 0.403875 0.910941 0.0840886
    outer loop
      vertex 36.9795 -6.74521 9.92587
      vertex 37.4533 -7.12988 11.8174
      vertex 37.1806 -6.8302 9.8807
    endloop
  endfacet
  facet normal 0.403766 0.910987 0.0841194
    outer loop
      vertex 36.9394 -6.92038 12.0157
      vertex 36.6185 -6.59521 10.0345
      vertex 36.8433 -6.88281 12.0701
    endloop
  endfacet
  facet normal 0.40394 0.910914 0.0840667
    outer loop
      vertex 37.4533 -7.12988 11.8174
      vertex 36.9795 -6.74521 9.92587
      vertex 37.3469 -7.08542 11.8469
    endloop
  endfacet
  facet normal 0.403967 0.910902 0.0840728
    outer loop
      vertex 37.038 -6.95952 11.966
      vertex 36.6185 -6.59521 10.0345
      vertex 36.9394 -6.92038 12.0157
    endloop
  endfacet
  facet normal 0.403762 0.910989 0.0841139
    outer loop
      vertex 36.7808 -6.66222 9.98085
      vertex 37.3469 -7.08542 11.8469
      vertex 36.9795 -6.74521 9.92587
    endloop
  endfacet
  facet normal 0.403648 0.911035 0.084167
    outer loop
      vertex 37.139 -7.00014 11.9213
      vertex 36.6185 -6.59521 10.0345
      vertex 37.038 -6.95952 11.966
    endloop
  endfacet
  facet normal 0.403893 0.910936 0.0840623
    outer loop
      vertex 36.6185 -6.59521 10.0345
      vertex 37.3469 -7.08542 11.8469
      vertex 36.7808 -6.66222 9.98085
    endloop
  endfacet
  facet normal 0.403927 0.91092 0.0840656
    outer loop
      vertex 37.242 -7.04214 11.8815
      vertex 36.6185 -6.59521 10.0345
      vertex 37.139 -7.00014 11.9213
    endloop
  endfacet
  facet normal 0.403646 0.911034 0.084188
    outer loop
      vertex 37.3469 -7.08542 11.8469
      vertex 36.6185 -6.59521 10.0345
      vertex 37.242 -7.04214 11.8815
    endloop
  endfacet
  facet normal 0.446214 0.885999 0.126094
    outer loop
      vertex 40.779 -8.77996 13.7222
      vertex 40.6645 -9.22388 17.2466
      vertex 40.8205 -9.28329 17.112
    endloop
  endfacet
  facet normal 0.446054 0.886077 0.126107
    outer loop
      vertex 40.779 -8.77996 13.7222
      vertex 40.8205 -9.28329 17.112
      vertex 40.9698 -9.33821 16.9698
    endloop
  endfacet
  facet normal 0.445887 0.886158 0.126131
    outer loop
      vertex 40.779 -8.77996 13.7222
      vertex 40.9698 -9.33821 16.9698
      vertex 41.112 -9.38851 16.8205
    endloop
  endfacet
  facet normal 0.446065 0.886073 0.126095
    outer loop
      vertex 40.779 -8.77996 13.7222
      vertex 41.112 -9.38851 16.8205
      vertex 41.2466 -9.43407 16.6645
    endloop
  endfacet
  facet normal 0.445903 0.886149 0.126138
    outer loop
      vertex 40.779 -8.77996 13.7222
      vertex 41.2466 -9.43407 16.6645
      vertex 41.3735 -9.47478 16.5019
    endloop
  endfacet
  facet normal 0.445978 0.886115 0.126113
    outer loop
      vertex 40.779 -8.77996 13.7222
      vertex 41.3735 -9.47478 16.5019
      vertex 41.4922 -9.51054 16.3334
    endloop
  endfacet
  facet normal 0.446018 0.886097 0.126097
    outer loop
      vertex 40.779 -8.77996 13.7222
      vertex 41.4922 -9.51054 16.3334
      vertex 41.6025 -9.54127 16.1592
    endloop
  endfacet
  facet normal 0.445996 0.886107 0.126108
    outer loop
      vertex 40.779 -8.77996 13.7222
      vertex 41.6025 -9.54127 16.1592
      vertex 41.7041 -9.56689 15.9799
    endloop
  endfacet
  facet normal 0.445982 0.886112 0.126115
    outer loop
      vertex 40.779 -8.77996 13.7222
      vertex 41.7041 -9.56689 15.9799
      vertex 41.7968 -9.58733 15.7957
    endloop
  endfacet
  facet normal 0.446058 0.886081 0.126066
    outer loop
      vertex 40.779 -8.77996 13.7222
      vertex 41.7968 -9.58733 15.7957
      vertex 41.8803 -9.60256 15.6073
    endloop
  endfacet
  facet normal 0.446021 0.886096 0.126094
    outer loop
      vertex 40.779 -8.77996 13.7222
      vertex 41.8803 -9.60256 15.6073
      vertex 41.9545 -9.61253 15.4149
    endloop
  endfacet
  facet normal 0.446102 0.886065 0.126022
    outer loop
      vertex 40.779 -8.77996 13.7222
      vertex 41.9545 -9.61253 15.4149
      vertex 42.0191 -9.61722 15.2192
    endloop
  endfacet
  facet normal 0.445999 0.886102 0.126128
    outer loop
      vertex 40.779 -8.77996 13.7222
      vertex 42.0191 -9.61722 15.2192
      vertex 42.0741 -9.61662 15.0205
    endloop
  endfacet
  facet normal 0.445951 0.886118 0.126187
    outer loop
      vertex 40.779 -8.77996 13.7222
      vertex 42.0741 -9.61662 15.0205
      vertex 42.1193 -9.61073 14.8194
    endloop
  endfacet
  facet normal 0.446053 0.886088 0.12604
    outer loop
      vertex 40.779 -8.77996 13.7222
      vertex 42.1193 -9.61073 14.8194
      vertex 42.1545 -9.59956 14.6163
    endloop
  endfacet
  facet normal 0.445953 0.886113 0.126216
    outer loop
      vertex 40.779 -8.77996 13.7222
      vertex 42.1545 -9.59956 14.6163
      vertex 42.1798 -9.58315 14.4117
    endloop
  endfacet
  facet normal 0.446058 0.886093 0.125981
    outer loop
      vertex 40.779 -8.77996 13.7222
      vertex 42.1798 -9.58315 14.4117
      vertex 42.1949 -9.56152 14.2061
    endloop
  endfacet
  facet normal 0.445994 0.886098 0.126173
    outer loop
      vertex 40.779 -8.77996 13.7222
      vertex 42.1949 -9.56152 14.2061
      vertex 42.2 -9.53474 14
    endloop
  endfacet
  facet normal 0.446026 0.886103 0.126027
    outer loop
      vertex 40.779 -8.77996 13.7222
      vertex 42.2 -9.53474 14
      vertex 42.1949 -9.50286 13.7939
    endloop
  endfacet
  facet normal 0.445972 0.886052 0.126577
    outer loop
      vertex 40.779 -8.77996 13.7222
      vertex 42.1949 -9.50286 13.7939
      vertex 42.1897 -9.49 13.7222
    endloop
  endfacet
  facet normal 0.445812 0.886199 0.126106
    outer loop
      vertex 40.6645 -9.22388 17.2466
      vertex 40.779 -8.77996 13.7222
      vertex 40.584 -9.19232 17.3094
    endloop
  endfacet
  facet normal -0.358611 0.929687 0.0841423
    outer loop
      vertex -33.8202 -5.83733 13.5883
      vertex -35.7679 -6.60074 13.7222
      vertex -33.8103 -5.84563 13.7222
    endloop
  endfacet
  facet normal -0.358602 0.929682 0.0842387
    outer loop
      vertex -33.8455 -5.82855 13.3837
      vertex -35.7679 -6.60074 13.7222
      vertex -33.8202 -5.83733 13.5883
    endloop
  endfacet
  facet normal -0.358575 0.929679 0.0843828
    outer loop
      vertex -35.7679 -6.60074 13.7222
      vertex -33.8455 -5.82855 13.3837
      vertex -35.7744 -6.5985 13.6699
    endloop
  endfacet
  facet normal -0.358659 0.929694 0.0838578
    outer loop
      vertex -35.7744 -6.5985 13.6699
      vertex -33.8455 -5.82855 13.3837
      vertex -35.7932 -6.59593 13.561
    endloop
  endfacet
  facet normal -0.35864 0.929686 0.0840375
    outer loop
      vertex -33.8807 -5.82377 13.1806
      vertex -35.7932 -6.59593 13.561
      vertex -33.8455 -5.82855 13.3837
    endloop
  endfacet
  facet normal -0.358623 0.929685 0.084121
    outer loop
      vertex -35.7932 -6.59593 13.561
      vertex -33.8807 -5.82377 13.1806
      vertex -35.8174 -6.59552 13.4533
    endloop
  endfacet
  facet normal -0.358616 0.929683 0.0841636
    outer loop
      vertex -33.9259 -5.823 12.9795
      vertex -35.8174 -6.59552 13.4533
      vertex -33.8807 -5.82377 13.1806
    endloop
  endfacet
  facet normal -0.358581 0.929684 0.0843026
    outer loop
      vertex -35.8174 -6.59552 13.4533
      vertex -33.9259 -5.823 12.9795
      vertex -35.8469 -6.59725 13.3469
    endloop
  endfacet
  facet normal -0.358611 0.929686 0.0841507
    outer loop
      vertex -33.9809 -5.82623 12.7808
      vertex -35.8469 -6.59725 13.3469
      vertex -33.9259 -5.823 12.9795
    endloop
  endfacet
  facet normal -0.358679 0.929681 0.0839194
    outer loop
      vertex -35.8469 -6.59725 13.3469
      vertex -33.9809 -5.82623 12.7808
      vertex -35.8815 -6.60113 13.242
    endloop
  endfacet
  facet normal -0.35866 0.929681 0.0839988
    outer loop
      vertex -34.0455 -5.83347 12.5851
      vertex -35.8815 -6.60113 13.242
      vertex -33.9809 -5.82623 12.7808
    endloop
  endfacet
  facet normal -0.358557 0.929694 0.084302
    outer loop
      vertex -35.8815 -6.60113 13.242
      vertex -34.0455 -5.83347 12.5851
      vertex -35.9213 -6.60714 13.139
    endloop
  endfacet
  facet normal -0.358619 0.929689 0.0840872
    outer loop
      vertex -34.1197 -5.84469 12.3927
      vertex -35.9213 -6.60714 13.139
      vertex -34.0455 -5.83347 12.5851
    endloop
  endfacet
  facet normal -0.358687 0.929679 0.0839111
    outer loop
      vertex -35.9213 -6.60714 13.139
      vertex -34.1197 -5.84469 12.3927
      vertex -35.966 -6.61527 13.038
    endloop
  endfacet
  facet normal -0.358628 0.929685 0.0840877
    outer loop
      vertex -34.2032 -5.85986 12.2043
      vertex -35.966 -6.61527 13.038
      vertex -34.1197 -5.84469 12.3927
    endloop
  endfacet
  facet normal -0.357261 0.929925 0.0871952
    outer loop
      vertex -35.966 -6.61527 13.038
      vertex -34.2032 -5.85986 12.2043
      vertex -35.9688 -6.61583 13.0325
    endloop
  endfacet
  facet normal -0.358604 0.929692 0.0841194
    outer loop
      vertex -34.2959 -5.87895 12.0201
      vertex -35.9688 -6.61583 13.0325
      vertex -34.2032 -5.85986 12.2043
    endloop
  endfacet
  facet normal -0.358612 0.92969 0.0841049
    outer loop
      vertex -34.3975 -5.90192 11.8408
      vertex -35.9688 -6.61583 13.0325
      vertex -34.2959 -5.87895 12.0201
    endloop
  endfacet
  facet normal -0.358619 0.929688 0.0840948
    outer loop
      vertex -34.5078 -5.92871 11.6666
      vertex -35.9688 -6.61583 13.0325
      vertex -34.3975 -5.90192 11.8408
    endloop
  endfacet
  facet normal -0.358603 0.929693 0.0841146
    outer loop
      vertex -34.6265 -5.95925 11.4981
      vertex -35.9688 -6.61583 13.0325
      vertex -34.5078 -5.92871 11.6666
    endloop
  endfacet
  facet normal -0.358505 0.929722 0.084212
    outer loop
      vertex -35.9688 -6.61583 13.0325
      vertex -34.6265 -5.95925 11.4981
      vertex -34.7081 -5.98125 11.3936
    endloop
  endfacet
  facet normal -0.358631 0.929683 0.0841005
    outer loop
      vertex -34.7081 -5.98125 11.3936
      vertex -36.0157 -6.6255 12.9394
      vertex -35.9688 -6.61583 13.0325
    endloop
  endfacet
  facet normal -0.358681 0.929668 0.0840515
    outer loop
      vertex -34.7081 -5.98125 11.3936
      vertex -36.0701 -6.6378 12.8433
      vertex -36.0157 -6.6255 12.9394
    endloop
  endfacet
  facet normal -0.358587 0.929695 0.0841521
    outer loop
      vertex -34.7081 -5.98125 11.3936
      vertex -36.1292 -6.65215 12.75
      vertex -36.0701 -6.6378 12.8433
    endloop
  endfacet
  facet normal -0.358602 0.929691 0.0841346
    outer loop
      vertex -34.7081 -5.98125 11.3936
      vertex -36.1928 -6.66851 12.6597
      vertex -36.1292 -6.65215 12.75
    endloop
  endfacet
  facet normal -0.35871 0.929662 0.0839922
    outer loop
      vertex -34.7081 -5.98125 11.3936
      vertex -36.2607 -6.68684 12.5726
      vertex -36.1928 -6.66851 12.6597
    endloop
  endfacet
  facet normal -0.358642 0.92968 0.0840928
    outer loop
      vertex -34.7534 -5.99347 11.3355
      vertex -36.2607 -6.68684 12.5726
      vertex -34.7081 -5.98125 11.3936
    endloop
  endfacet
  facet normal -0.358493 0.929719 0.0842956
    outer loop
      vertex -36.2607 -6.68684 12.5726
      vertex -34.7534 -5.99347 11.3355
      vertex -36.3329 -6.7071 12.489
    endloop
  endfacet
  facet normal -0.358648 0.92968 0.0840606
    outer loop
      vertex -34.888 -6.03129 11.1795
      vertex -36.3329 -6.7071 12.489
      vertex -34.7534 -5.99347 11.3355
    endloop
  endfacet
  facet normal -0.35873 0.929658 0.0839586
    outer loop
      vertex -36.3329 -6.7071 12.489
      vertex -34.888 -6.03129 11.1795
      vertex -36.409 -6.72924 12.409
    endloop
  endfacet
  facet normal -0.358555 0.929704 0.0842006
    outer loop
      vertex -35.0302 -6.07261 11.0302
      vertex -36.409 -6.72924 12.409
      vertex -34.888 -6.03129 11.1795
    endloop
  endfacet
  facet normal -0.358549 0.929705 0.0842073
    outer loop
      vertex -36.409 -6.72924 12.409
      vertex -35.0302 -6.07261 11.0302
      vertex -36.489 -6.7532 12.3329
    endloop
  endfacet
  facet normal -0.358633 0.929682 0.0841013
    outer loop
      vertex -35.1795 -6.11734 10.888
      vertex -36.489 -6.7532 12.3329
      vertex -35.0302 -6.07261 11.0302
    endloop
  endfacet
  facet normal -0.358646 0.929679 0.0840879
    outer loop
      vertex -36.489 -6.7532 12.3329
      vertex -35.1795 -6.11734 10.888
      vertex -36.5458 -6.77068 12.2839
    endloop
  endfacet
  facet normal -0.358715 0.929659 0.0840115
    outer loop
      vertex -35.3355 -6.16537 10.7534
      vertex -36.5458 -6.77068 12.2839
      vertex -35.1795 -6.11734 10.888
    endloop
  endfacet
  facet normal -0.358548 0.929709 0.0841628
    outer loop
      vertex -35.4981 -6.21659 10.6265
      vertex -36.5458 -6.77068 12.2839
      vertex -35.3355 -6.16537 10.7534
    endloop
  endfacet
  facet normal -0.358658 0.929674 0.0840817
    outer loop
      vertex -35.6666 -6.27086 10.5078
      vertex -36.5458 -6.77068 12.2839
      vertex -35.4981 -6.21659 10.6265
    endloop
  endfacet
  facet normal -0.358591 0.929697 0.0841213
    outer loop
      vertex -35.8408 -6.32807 10.3975
      vertex -36.5458 -6.77068 12.2839
      vertex -35.6666 -6.27086 10.5078
    endloop
  endfacet
  facet normal -0.358688 0.929663 0.0840772
    outer loop
      vertex -36.0201 -6.38806 10.2959
      vertex -36.5458 -6.77068 12.2839
      vertex -35.8408 -6.32807 10.3975
    endloop
  endfacet
  facet normal -0.358549 0.929713 0.0841235
    outer loop
      vertex -36.2043 -6.45071 10.2032
      vertex -36.5458 -6.77068 12.2839
      vertex -36.0201 -6.38806 10.2959
    endloop
  endfacet
  facet normal -0.358701 0.929657 0.0840899
    outer loop
      vertex -36.3927 -6.51585 10.1197
      vertex -36.5458 -6.77068 12.2839
      vertex -36.2043 -6.45071 10.2032
    endloop
  endfacet
  facet normal -0.358477 0.929741 0.0841156
    outer loop
      vertex -36.5851 -6.58332 10.0455
      vertex -36.5458 -6.77068 12.2839
      vertex -36.3927 -6.51585 10.1197
    endloop
  endfacet
  facet normal -0.358654 0.929673 0.0841131
    outer loop
      vertex -36.5458 -6.77068 12.2839
      vertex -36.5851 -6.58332 10.0455
      vertex -36.6185 -6.59521 10.0345
    endloop
  endfacet
  facet normal -0.448184 0.88996 0.0842788
    outer loop
      vertex -40.779 -8.77996 13.7222
      vertex -41.7968 -9.14878 12.2043
      vertex -41.8685 -9.20022 12.3662
    endloop
  endfacet
  facet normal -0.447937 0.890103 0.0840786
    outer loop
      vertex -40.779 -8.77996 13.7222
      vertex -41.7041 -9.08473 12.0201
      vertex -41.7968 -9.14878 12.2043
    endloop
  endfacet
  facet normal -0.448056 0.890036 0.0841549
    outer loop
      vertex -40.779 -8.77996 13.7222
      vertex -41.6025 -9.01663 11.8408
      vertex -41.7041 -9.08473 12.0201
    endloop
  endfacet
  facet normal -0.447953 0.890093 0.0841029
    outer loop
      vertex -40.779 -8.77996 13.7222
      vertex -41.4922 -8.94466 11.6666
      vertex -41.6025 -9.01663 11.8408
    endloop
  endfacet
  facet normal -0.447997 0.890069 0.0841201
    outer loop
      vertex -40.779 -8.77996 13.7222
      vertex -41.3735 -8.86899 11.4981
      vertex -41.4922 -8.94466 11.6666
    endloop
  endfacet
  facet normal -0.447834 0.890156 0.0840729
    outer loop
      vertex -40.779 -8.77996 13.7222
      vertex -41.2466 -8.78979 11.3355
      vertex -41.3735 -8.86899 11.4981
    endloop
  endfacet
  facet normal -0.448173 0.889978 0.0841401
    outer loop
      vertex -40.779 -8.77996 13.7222
      vertex -41.112 -8.70726 11.1795
      vertex -41.2466 -8.78979 11.3355
    endloop
  endfacet
  facet normal -0.447894 0.890122 0.0841077
    outer loop
      vertex -40.779 -8.77996 13.7222
      vertex -40.9698 -8.6216 11.0302
      vertex -41.112 -8.70726 11.1795
    endloop
  endfacet
  facet normal -0.448018 0.890059 0.0841128
    outer loop
      vertex -40.9698 -8.6216 11.0302
      vertex -40.779 -8.77996 13.7222
      vertex -40.8793 -8.5679 10.944
    endloop
  endfacet
  facet normal -0.401989 0.906918 0.126114
    outer loop
      vertex -37.7939 -8.07869 18.1949
      vertex -37.8896 -7.85028 16.2473
      vertex -38 -7.89959 16.25
    endloop
  endfacet
  facet normal -0.402125 0.906839 0.126247
    outer loop
      vertex -36.3927 -7.41384 17.8803
      vertex -37.7795 -7.80033 16.2392
      vertex -37.8896 -7.85028 16.2473
    endloop
  endfacet
  facet normal -0.401983 0.906922 0.126106
    outer loop
      vertex -36.3927 -7.41384 17.8803
      vertex -37.6699 -7.74986 16.2256
      vertex -37.7795 -7.80033 16.2392
    endloop
  endfacet
  facet normal -0.401849 0.906998 0.125988
    outer loop
      vertex -36.3927 -7.41384 17.8803
      vertex -37.561 -7.699 16.2068
      vertex -37.6699 -7.74986 16.2256
    endloop
  endfacet
  facet normal -0.402092 0.906863 0.12618
    outer loop
      vertex -36.3927 -7.41384 17.8803
      vertex -37.4533 -7.64788 16.1826
      vertex -37.561 -7.699 16.2068
    endloop
  endfacet
  facet normal -0.402086 0.906866 0.126176
    outer loop
      vertex -36.3927 -7.41384 17.8803
      vertex -37.3469 -7.5966 16.1531
      vertex -37.4533 -7.64788 16.1826
    endloop
  endfacet
  facet normal -0.40194 0.906943 0.126088
    outer loop
      vertex -36.3927 -7.41384 17.8803
      vertex -37.242 -7.5453 16.1185
      vertex -37.3469 -7.5966 16.1531
    endloop
  endfacet
  facet normal -0.402056 0.906884 0.126148
    outer loop
      vertex -36.3927 -7.41384 17.8803
      vertex -37.139 -7.4941 16.0787
      vertex -37.242 -7.5453 16.1185
    endloop
  endfacet
  facet normal -0.401908 0.906961 0.126065
    outer loop
      vertex -36.299 -7.3665 17.8387
      vertex -37.038 -7.44313 16.034
      vertex -37.139 -7.4941 16.0787
    endloop
  endfacet
  facet normal -0.402086 0.906871 0.126142
    outer loop
      vertex -36.299 -7.3665 17.8387
      vertex -36.9394 -7.3925 15.9843
      vertex -37.038 -7.44313 16.034
    endloop
  endfacet
  facet normal -0.402051 0.906888 0.12613
    outer loop
      vertex -36.299 -7.3665 17.8387
      vertex -36.8433 -7.34233 15.9299
      vertex -36.9394 -7.3925 15.9843
    endloop
  endfacet
  facet normal -0.401968 0.906929 0.126106
    outer loop
      vertex -36.299 -7.3665 17.8387
      vertex -36.75 -7.29276 15.8708
      vertex -36.8433 -7.34233 15.9299
    endloop
  endfacet
  facet normal -0.401996 0.906915 0.126112
    outer loop
      vertex -36.299 -7.3665 17.8387
      vertex -36.6597 -7.24389 15.8072
      vertex -36.75 -7.29276 15.8708
    endloop
  endfacet
  facet normal -0.401924 0.906949 0.126101
    outer loop
      vertex -36.299 -7.3665 17.8387
      vertex -36.5726 -7.19585 15.7393
      vertex -36.6597 -7.24389 15.8072
    endloop
  endfacet
  facet normal -0.401949 0.906937 0.126104
    outer loop
      vertex -36.299 -7.3665 17.8387
      vertex -36.489 -7.14876 15.6671
      vertex -36.5726 -7.19585 15.7393
    endloop
  endfacet
  facet normal -0.402065 0.906885 0.126109
    outer loop
      vertex -36.299 -7.3665 17.8387
      vertex -36.409 -7.10271 15.591
      vertex -36.489 -7.14876 15.6671
    endloop
  endfacet
  facet normal -0.398052 0.908652 0.12612
    outer loop
      vertex -36.409 -7.10271 15.591
      vertex -36.299 -7.3665 17.8387
      vertex -36.4084 -7.10235 15.5903
    endloop
  endfacet
  facet normal -0.40198 0.906922 0.126113
    outer loop
      vertex -38 -7.89959 16.25
      vertex -38 -8.17075 18.2
      vertex -37.7939 -8.07869 18.1949
    endloop
  endfacet
  facet normal -0.40202 0.906904 0.126114
    outer loop
      vertex -37.8896 -7.85028 16.2473
      vertex -37.7939 -8.07869 18.1949
      vertex -37.5883 -7.98545 18.1798
    endloop
  endfacet
  facet normal -0.402011 0.906909 0.126111
    outer loop
      vertex -38 -8.17075 18.2
      vertex -38 -7.89959 16.25
      vertex -38.2061 -8.2614 18.1949
    endloop
  endfacet
  facet normal -0.401966 0.906929 0.126107
    outer loop
      vertex -37.8896 -7.85028 16.2473
      vertex -37.5883 -7.98545 18.1798
      vertex -37.3837 -7.89125 18.1545
    endloop
  endfacet
  facet normal -0.401995 0.906915 0.126114
    outer loop
      vertex -38.1104 -7.94815 16.2473
      vertex -38.2061 -8.2614 18.1949
      vertex -38 -7.89959 16.25
    endloop
  endfacet
  facet normal -0.40203 0.906898 0.126123
    outer loop
      vertex -37.8896 -7.85028 16.2473
      vertex -37.3837 -7.89125 18.1545
      vertex -37.1806 -7.79632 18.1193
    endloop
  endfacet
  facet normal -0.401945 0.906937 0.12612
    outer loop
      vertex -38.2061 -8.2614 18.1949
      vertex -38.1104 -7.94815 16.2473
      vertex -38.4117 -8.35042 18.1798
    endloop
  endfacet
  facet normal -0.40205 0.906888 0.126131
    outer loop
      vertex -37.8896 -7.85028 16.2473
      vertex -37.1806 -7.79632 18.1193
      vertex -36.9795 -7.70088 18.0741
    endloop
  endfacet
  facet normal -0.402091 0.906877 0.126085
    outer loop
      vertex -38.2205 -7.99584 16.2392
      vertex -38.4117 -8.35042 18.1798
      vertex -38.1104 -7.94815 16.2473
    endloop
  endfacet
  facet normal -0.401956 0.906937 0.12608
    outer loop
      vertex -37.8896 -7.85028 16.2473
      vertex -36.9795 -7.70088 18.0741
      vertex -36.7808 -7.60517 18.0191
    endloop
  endfacet
  facet normal -0.402024 0.906905 0.126097
    outer loop
      vertex -38.4117 -8.35042 18.1798
      vertex -38.2205 -7.99584 16.2392
      vertex -38.6163 -8.4376 18.1545
    endloop
  endfacet
  facet normal -0.402095 0.906862 0.126178
    outer loop
      vertex -37.8896 -7.85028 16.2473
      vertex -36.7808 -7.60517 18.0191
      vertex -36.5851 -7.50941 17.9545
    endloop
  endfacet
  facet normal -0.402134 0.90686 0.126064
    outer loop
      vertex -38.3301 -8.04255 16.2256
      vertex -38.6163 -8.4376 18.1545
      vertex -38.2205 -7.99584 16.2392
    endloop
  endfacet
  facet normal -0.377999 0.916405 0.1316
    outer loop
      vertex -38.3316 -8.04314 16.2254
      vertex -38.6163 -8.4376 18.1545
      vertex -38.3301 -8.04255 16.2256
    endloop
  endfacet
  facet normal -0.401913 0.906965 0.126018
    outer loop
      vertex -37.8896 -7.85028 16.2473
      vertex -36.5851 -7.50941 17.9545
      vertex -36.3927 -7.41384 17.8803
    endloop
  endfacet
  facet normal -0.40214 0.906841 0.126185
    outer loop
      vertex -37.139 -7.4941 16.0787
      vertex -36.3927 -7.41384 17.8803
      vertex -36.299 -7.3665 17.8387
    endloop
  endfacet
  facet normal -0.401994 0.906915 0.126118
    outer loop
      vertex -38.6163 -8.4376 18.1545
      vertex -38.3316 -8.04314 16.2254
      vertex -38.8194 -8.52273 18.1193
    endloop
  endfacet
  facet normal -0.402093 0.906876 0.126083
    outer loop
      vertex -38.8194 -8.52273 18.1193
      vertex -38.3316 -8.04314 16.2254
      vertex -39.0205 -8.60561 18.0741
    endloop
  endfacet
  facet normal -0.401974 0.906921 0.12614
    outer loop
      vertex -39.0205 -8.60561 18.0741
      vertex -38.3316 -8.04314 16.2254
      vertex -39.2192 -8.68603 18.0191
    endloop
  endfacet
  facet normal -0.40206 0.90689 0.126087
    outer loop
      vertex -39.2192 -8.68603 18.0191
      vertex -38.3316 -8.04314 16.2254
      vertex -39.4149 -8.76381 17.9545
    endloop
  endfacet
  facet normal -0.401819 0.906971 0.126272
    outer loop
      vertex -39.4149 -8.76381 17.9545
      vertex -38.3316 -8.04314 16.2254
      vertex -39.5571 -8.81918 17.8997
    endloop
  endfacet
  facet normal -0.40221 0.906838 0.125986
    outer loop
      vertex -38.861 -8.25745 16.0787
      vertex -39.6073 -8.83875 17.8803
      vertex -39.5571 -8.81918 17.8997
    endloop
  endfacet
  facet normal -0.402068 0.90689 0.126061
    outer loop
      vertex -39.6073 -8.83875 17.8803
      vertex -38.861 -8.25745 16.0787
      vertex -39.7957 -8.91067 17.7968
    endloop
  endfacet
  facet normal -0.401905 0.906946 0.126176
    outer loop
      vertex -39.7957 -8.91067 17.7968
      vertex -38.962 -8.29598 16.034
      vertex -39.9799 -8.9794 17.7041
    endloop
  endfacet
  facet normal -0.402154 0.906862 0.12599
    outer loop
      vertex -39.0606 -8.3328 15.9843
      vertex -39.9799 -8.9794 17.7041
      vertex -38.962 -8.29598 16.034
    endloop
  endfacet
  facet normal -0.401922 0.906939 0.126171
    outer loop
      vertex -39.1567 -8.36782 15.9299
      vertex -40.1592 -9.04478 17.6025
      vertex -39.0606 -8.3328 15.9843
    endloop
  endfacet
  facet normal -0.401941 0.906933 0.126158
    outer loop
      vertex -40.1592 -9.04478 17.6025
      vertex -39.1567 -8.36782 15.9299
      vertex -40.3334 -9.10664 17.4922
    endloop
  endfacet
  facet normal -0.401935 0.906934 0.126169
    outer loop
      vertex -38.439 -8.08815 16.2068
      vertex -39.5571 -8.81918 17.8997
      vertex -38.3316 -8.04314 16.2254
    endloop
  endfacet
  facet normal -0.402166 0.906857 0.125984
    outer loop
      vertex -38.5467 -8.13255 16.1826
      vertex -39.5571 -8.81918 17.8997
      vertex -38.439 -8.08815 16.2068
    endloop
  endfacet
  facet normal -0.402184 0.906851 0.125971
    outer loop
      vertex -38.6531 -8.17564 16.1531
      vertex -39.5571 -8.81918 17.8997
      vertex -38.5467 -8.13255 16.1826
    endloop
  endfacet
  facet normal -0.401824 0.906978 0.126204
    outer loop
      vertex -38.758 -8.2173 16.1185
      vertex -39.5571 -8.81918 17.8997
      vertex -38.6531 -8.17564 16.1531
    endloop
  endfacet
  facet normal -0.402182 0.906848 0.125999
    outer loop
      vertex -38.861 -8.25745 16.0787
      vertex -39.5571 -8.81918 17.8997
      vertex -38.758 -8.2173 16.1185
    endloop
  endfacet
  facet normal -0.401851 0.906966 0.126208
    outer loop
      vertex -39.7957 -8.91067 17.7968
      vertex -38.861 -8.25745 16.0787
      vertex -38.962 -8.29598 16.034
    endloop
  endfacet
  facet normal -0.402098 0.906882 0.126027
    outer loop
      vertex -39.9799 -8.9794 17.7041
      vertex -39.0606 -8.3328 15.9843
      vertex -40.1592 -9.04478 17.6025
    endloop
  endfacet
  facet normal -0.402008 0.906912 0.126097
    outer loop
      vertex -39.25 -8.40096 15.8708
      vertex -40.3334 -9.10664 17.4922
      vertex -39.1567 -8.36782 15.9299
    endloop
  endfacet
  facet normal -0.402081 0.906888 0.126038
    outer loop
      vertex -40.3334 -9.10664 17.4922
      vertex -39.25 -8.40096 15.8708
      vertex -40.5019 -9.16485 17.3735
    endloop
  endfacet
  facet normal -0.401988 0.906916 0.12613
    outer loop
      vertex -39.3403 -8.43214 15.8072
      vertex -40.5019 -9.16485 17.3735
      vertex -39.25 -8.40096 15.8708
    endloop
  endfacet
  facet normal -0.401952 0.906928 0.126162
    outer loop
      vertex -40.5019 -9.16485 17.3735
      vertex -39.3403 -8.43214 15.8072
      vertex -40.584 -9.19232 17.3094
    endloop
  endfacet
  facet normal -0.401911 0.90694 0.126202
    outer loop
      vertex -39.4274 -8.46129 15.7393
      vertex -40.584 -9.19232 17.3094
      vertex -39.3403 -8.43214 15.8072
    endloop
  endfacet
  facet normal -0.402082 0.906886 0.126051
    outer loop
      vertex -39.511 -8.48832 15.6671
      vertex -40.584 -9.19232 17.3094
      vertex -39.4274 -8.46129 15.7393
    endloop
  endfacet
  facet normal -0.401949 0.90693 0.126157
    outer loop
      vertex -39.591 -8.51319 15.591
      vertex -40.584 -9.19232 17.3094
      vertex -39.511 -8.48832 15.6671
    endloop
  endfacet
  facet normal -0.402148 0.906861 0.126015
    outer loop
      vertex -39.6671 -8.53582 15.511
      vertex -40.584 -9.19232 17.3094
      vertex -39.591 -8.51319 15.591
    endloop
  endfacet
  facet normal -0.401805 0.906983 0.126234
    outer loop
      vertex -39.7393 -8.55617 15.4274
      vertex -40.584 -9.19232 17.3094
      vertex -39.6671 -8.53582 15.511
    endloop
  endfacet
  facet normal -0.402185 0.906845 0.126017
    outer loop
      vertex -39.8072 -8.57418 15.3403
      vertex -40.584 -9.19232 17.3094
      vertex -39.7393 -8.55617 15.4274
    endloop
  endfacet
  facet normal -0.401963 0.906927 0.12613
    outer loop
      vertex -39.8708 -8.58981 15.25
      vertex -40.584 -9.19232 17.3094
      vertex -39.8072 -8.57418 15.3403
    endloop
  endfacet
  facet normal -0.401977 0.906922 0.126124
    outer loop
      vertex -39.9299 -8.60303 15.1567
      vertex -40.584 -9.19232 17.3094
      vertex -39.8708 -8.58981 15.25
    endloop
  endfacet
  facet normal -0.402094 0.906877 0.126076
    outer loop
      vertex -39.9843 -8.61379 15.0606
      vertex -40.584 -9.19232 17.3094
      vertex -39.9299 -8.60303 15.1567
    endloop
  endfacet
  facet normal -0.401804 0.906991 0.126183
    outer loop
      vertex -40.034 -8.62209 14.962
      vertex -40.584 -9.19232 17.3094
      vertex -39.9843 -8.61379 15.0606
    endloop
  endfacet
  facet normal -0.402243 0.906816 0.126037
    outer loop
      vertex -40.0787 -8.62788 14.861
      vertex -40.584 -9.19232 17.3094
      vertex -40.034 -8.62209 14.962
    endloop
  endfacet
  facet normal -0.401757 0.907011 0.126183
    outer loop
      vertex -40.1185 -8.63118 14.758
      vertex -40.584 -9.19232 17.3094
      vertex -40.0787 -8.62788 14.861
    endloop
  endfacet
  facet normal -0.401637 0.907115 0.125817
    outer loop
      vertex -40.779 -8.77996 13.7222
      vertex -40.1185 -8.63118 14.758
      vertex -40.1531 -8.63195 14.6531
    endloop
  endfacet
  facet normal -0.402398 0.906697 0.126395
    outer loop
      vertex -40.779 -8.77996 13.7222
      vertex -40.1531 -8.63195 14.6531
      vertex -40.1826 -8.63021 14.5467
    endloop
  endfacet
  facet normal -0.402217 0.906798 0.126245
    outer loop
      vertex -40.779 -8.77996 13.7222
      vertex -40.1826 -8.63021 14.5467
      vertex -40.2068 -8.62595 14.439
    endloop
  endfacet
  facet normal -0.401556 0.907176 0.125636
    outer loop
      vertex -40.779 -8.77996 13.7222
      vertex -40.2068 -8.62595 14.439
      vertex -40.2256 -8.61919 14.3301
    endloop
  endfacet
  facet normal -0.402317 0.906726 0.126448
    outer loop
      vertex -40.779 -8.77996 13.7222
      vertex -40.2256 -8.61919 14.3301
      vertex -40.2392 -8.60994 14.2205
    endloop
  endfacet
  facet normal -0.402061 0.906886 0.126116
    outer loop
      vertex -40.779 -8.77996 13.7222
      vertex -40.2392 -8.60994 14.2205
      vertex -40.2473 -8.59822 14.1104
    endloop
  endfacet
  facet normal -0.402034 0.906904 0.126071
    outer loop
      vertex -40.779 -8.77996 13.7222
      vertex -40.2473 -8.59822 14.1104
      vertex -40.25 -8.58407 14
    endloop
  endfacet
  facet normal -0.402053 0.906889 0.126118
    outer loop
      vertex -40.779 -8.77996 13.7222
      vertex -40.25 -8.58407 14
      vertex -40.2473 -8.56752 13.8896
    endloop
  endfacet
  facet normal -0.402084 0.906856 0.126257
    outer loop
      vertex -40.779 -8.77996 13.7222
      vertex -40.2473 -8.56752 13.8896
      vertex -40.2392 -8.5486 13.7795
    endloop
  endfacet
  facet normal -0.402041 0.906896 0.126105
    outer loop
      vertex -40.1185 -8.63118 14.758
      vertex -40.779 -8.77996 13.7222
      vertex -40.584 -9.19232 17.3094
    endloop
  endfacet
  facet normal -0.402056 0.906965 0.12556
    outer loop
      vertex -40.779 -8.77996 13.7222
      vertex -40.2392 -8.5486 13.7795
      vertex -40.2321 -8.53752 13.7222
    endloop
  endfacet
  facet normal -0.0244753 0.996146 0.0842301
    outer loop
      vertex -4.15454 0.303876 13.3837
      vertex -2.23211 0.322488 13.7222
      vertex -2.22565 0.327069 13.6699
    endloop
  endfacet
  facet normal -0.0244543 0.996156 0.0841168
    outer loop
      vertex -2.23211 0.322488 13.7222
      vertex -4.17978 0.285982 13.5883
      vertex -4.18965 0.274433 13.7222
    endloop
  endfacet
  facet normal -0.0244479 0.996162 0.0840439
    outer loop
      vertex -4.15454 0.303876 13.3837
      vertex -2.22565 0.327069 13.6699
      vertex -2.20677 0.33672 13.561
    endloop
  endfacet
  facet normal -0.0244608 0.996153 0.0841482
    outer loop
      vertex -4.1193 0.321891 13.1806
      vertex -2.20677 0.33672 13.561
      vertex -2.18257 0.346412 13.4533
    endloop
  endfacet
  facet normal -0.0244536 0.996157 0.0841057
    outer loop
      vertex -2.23211 0.322488 13.7222
      vertex -4.15454 0.303876 13.3837
      vertex -4.17978 0.285982 13.5883
    endloop
  endfacet
  facet normal -0.0244612 0.996154 0.0841379
    outer loop
      vertex -4.07413 0.339982 12.9795
      vertex -2.18257 0.346412 13.4533
      vertex -2.15312 0.356122 13.3469
    endloop
  endfacet
  facet normal -0.0244468 0.996159 0.0840767
    outer loop
      vertex -4.01915 0.358107 12.7808
      vertex -2.15312 0.356122 13.3469
      vertex -2.11847 0.365826 13.242
    endloop
  endfacet
  facet normal -0.0244544 0.996156 0.0841161
    outer loop
      vertex -2.20677 0.33672 13.561
      vertex -4.1193 0.321891 13.1806
      vertex -4.15454 0.303876 13.3837
    endloop
  endfacet
  facet normal -0.0244612 0.996154 0.0841331
    outer loop
      vertex -3.95448 0.376222 12.5851
      vertex -2.11847 0.365826 13.242
      vertex -2.07873 0.375501 13.139
    endloop
  endfacet
  facet normal -0.0244456 0.996159 0.0840802
    outer loop
      vertex -3.88029 0.394282 12.3927
      vertex -2.07873 0.375501 13.139
      vertex -2.03398 0.385124 13.038
    endloop
  endfacet
  facet normal -0.024457 0.996155 0.084121
    outer loop
      vertex -2.18257 0.346412 13.4533
      vertex -4.07413 0.339982 12.9795
      vertex -4.1193 0.321891 13.1806
    endloop
  endfacet
  facet normal -0.0244672 0.996153 0.0841403
    outer loop
      vertex -3.79675 0.412246 12.2043
      vertex -2.03398 0.385124 13.038
      vertex -1.98432 0.394672 12.9394
    endloop
  endfacet
  facet normal -0.024456 0.996157 0.0841055
    outer loop
      vertex -3.70407 0.430068 12.0201
      vertex -1.98432 0.394672 12.9394
      vertex -1.92989 0.404122 12.8433
    endloop
  endfacet
  facet normal -0.0244541 0.996157 0.084101
    outer loop
      vertex -2.15312 0.356122 13.3469
      vertex -4.01915 0.358107 12.7808
      vertex -4.07413 0.339982 12.9795
    endloop
  endfacet
  facet normal -0.0244545 0.996156 0.0841091
    outer loop
      vertex -3.60246 0.447707 11.8408
      vertex -1.92989 0.404122 12.8433
      vertex -1.87081 0.41345 12.75
    endloop
  endfacet
  facet normal -0.0244486 0.996158 0.0840977
    outer loop
      vertex -3.49217 0.46512 11.6666
      vertex -1.87081 0.41345 12.75
      vertex -1.80722 0.422634 12.6597
    endloop
  endfacet
  facet normal -0.0244589 0.996155 0.0841267
    outer loop
      vertex -2.11847 0.365826 13.242
      vertex -3.95448 0.376222 12.5851
      vertex -4.01915 0.358107 12.7808
    endloop
  endfacet
  facet normal -0.0244364 0.996159 0.0840861
    outer loop
      vertex -3.37347 0.482264 11.4981
      vertex -1.80722 0.422634 12.6597
      vertex -1.73927 0.431653 12.5726
    endloop
  endfacet
  facet normal -0.0244702 0.996155 0.0841268
    outer loop
      vertex -3.24664 0.4991 11.3355
      vertex -1.73927 0.431653 12.5726
      vertex -1.66714 0.440485 12.489
    endloop
  endfacet
  facet normal -0.0244406 0.996158 0.0840965
    outer loop
      vertex -3.11199 0.515585 11.1795
      vertex -1.66714 0.440485 12.489
      vertex -1.59099 0.449107 12.409
    endloop
  endfacet
  facet normal -0.0244456 0.996159 0.0840801
    outer loop
      vertex -2.07873 0.375501 13.139
      vertex -3.88029 0.394282 12.3927
      vertex -3.95448 0.376222 12.5851
    endloop
  endfacet
  facet normal -0.0244792 0.996153 0.0841375
    outer loop
      vertex -2.96985 0.53168 11.0302
      vertex -1.59099 0.449107 12.409
      vertex -1.51101 0.4575 12.3329
    endloop
  endfacet
  facet normal -0.0244215 0.99616 0.084077
    outer loop
      vertex -2.82055 0.547347 10.888
      vertex -1.51101 0.4575 12.3329
      vertex -1.42738 0.465644 12.2607
    endloop
  endfacet
  facet normal -0.0244649 0.996154 0.0841354
    outer loop
      vertex -2.03398 0.385124 13.038
      vertex -3.79675 0.412246 12.2043
      vertex -3.88029 0.394282 12.3927
    endloop
  endfacet
  facet normal -0.0244797 0.996154 0.0841313
    outer loop
      vertex -2.59578 0.568759 10.6998
      vertex -1.42738 0.465644 12.2607
      vertex -1.34032 0.473518 12.1928
    endloop
  endfacet
  facet normal -0.0243032 0.996171 0.0839839
    outer loop
      vertex -2.59578 0.568759 10.6998
      vertex -1.34032 0.473518 12.1928
      vertex -1.32363 0.47492 12.181
    endloop
  endfacet
  facet normal -0.0244439 0.996159 0.084083
    outer loop
      vertex -1.98432 0.394672 12.9394
      vertex -3.70407 0.430068 12.0201
      vertex -3.79675 0.412246 12.2043
    endloop
  endfacet
  facet normal -0.0244685 0.996154 0.0841323
    outer loop
      vertex -1.92989 0.404122 12.8433
      vertex -3.60246 0.447707 11.8408
      vertex -3.70407 0.430068 12.0201
    endloop
  endfacet
  facet normal -0.0244482 0.996158 0.084097
    outer loop
      vertex -1.87081 0.41345 12.75
      vertex -3.49217 0.46512 11.6666
      vertex -3.60246 0.447707 11.8408
    endloop
  endfacet
  facet normal -0.0244624 0.996155 0.084121
    outer loop
      vertex -1.80722 0.422634 12.6597
      vertex -3.37347 0.482264 11.4981
      vertex -3.49217 0.46512 11.6666
    endloop
  endfacet
  facet normal -0.0244355 0.996159 0.0840847
    outer loop
      vertex -1.73927 0.431653 12.5726
      vertex -3.24664 0.4991 11.3355
      vertex -3.37347 0.482264 11.4981
    endloop
  endfacet
  facet normal -0.0244785 0.996153 0.0841382
    outer loop
      vertex -1.66714 0.440485 12.489
      vertex -3.11199 0.515585 11.1795
      vertex -3.24664 0.4991 11.3355
    endloop
  endfacet
  facet normal -0.0244514 0.996156 0.0841099
    outer loop
      vertex -1.59099 0.449107 12.409
      vertex -2.96985 0.53168 11.0302
      vertex -3.11199 0.515585 11.1795
    endloop
  endfacet
  facet normal -0.0244393 0.996158 0.084093
    outer loop
      vertex -1.51101 0.4575 12.3329
      vertex -2.82055 0.547347 10.888
      vertex -2.96985 0.53168 11.0302
    endloop
  endfacet
  facet normal -0.024468 0.996155 0.084124
    outer loop
      vertex -1.42738 0.465644 12.2607
      vertex -2.66445 0.562548 10.7534
      vertex -2.82055 0.547347 10.888
    endloop
  endfacet
  facet normal -0.024449 0.996157 0.0841085
    outer loop
      vertex -1.42738 0.465644 12.2607
      vertex -2.59578 0.568759 10.6998
      vertex -2.66445 0.562548 10.7534
    endloop
  endfacet
  facet normal -0.0243717 0.991716 0.126113
    outer loop
      vertex -0.110402 0.0534771 16.2473
      vertex -0.206083 -0.196543 18.1949
      vertex 0 -0.192127 18.2
    endloop
  endfacet
  facet normal -0.0243035 0.991718 0.126116
    outer loop
      vertex -0.206083 -0.196543 18.1949
      vertex -0.110402 0.0534771 16.2473
      vertex -0.411672 -0.199661 18.1798
    endloop
  endfacet
  facet normal -0.0243871 0.991717 0.126107
    outer loop
      vertex -0.411672 -0.199661 18.1798
      vertex -0.220538 0.0518066 16.2392
      vertex -0.616267 -0.201475 18.1545
    endloop
  endfacet
  facet normal -0.0244375 0.991717 0.126097
    outer loop
      vertex -0.330143 0.050835 16.2256
      vertex -0.616267 -0.201475 18.1545
      vertex -0.220538 0.0518066 16.2392
    endloop
  endfacet
  facet normal -0.0242555 0.991717 0.12613
    outer loop
      vertex -0.438952 0.0505648 16.2068
      vertex -0.819379 -0.201979 18.1193
      vertex -0.330143 0.050835 16.2256
    endloop
  endfacet
  facet normal -0.0243649 0.991717 0.126109
    outer loop
      vertex -0.819379 -0.201979 18.1193
      vertex -0.438952 0.0505648 16.2068
      vertex -1.02052 -0.201173 18.0741
    endloop
  endfacet
  facet normal -0.0243589 0.991717 0.126111
    outer loop
      vertex -1.02052 -0.201173 18.0741
      vertex -0.546705 0.0509966 16.1826
      vertex -1.2192 -0.199059 18.0191
    endloop
  endfacet
  facet normal -0.0243958 0.991718 0.126098
    outer loop
      vertex -0.65314 0.0521293 16.1531
      vertex -1.2192 -0.199059 18.0191
      vertex -0.546705 0.0509966 16.1826
    endloop
  endfacet
  facet normal -0.0243013 0.991716 0.126127
    outer loop
      vertex -0.758001 0.0539602 16.1185
      vertex -1.41494 -0.195641 17.9545
      vertex -0.65314 0.0521293 16.1531
    endloop
  endfacet
  facet normal -0.0243506 0.991717 0.126109
    outer loop
      vertex -1.41494 -0.195641 17.9545
      vertex -0.758001 0.0539602 16.1185
      vertex -1.60727 -0.190928 17.8803
    endloop
  endfacet
  facet normal -0.024321 0.991717 0.126118
    outer loop
      vertex -1.60727 -0.190928 17.8803
      vertex -0.861037 0.056485 16.0787
      vertex -1.79573 -0.184931 17.7968
    endloop
  endfacet
  facet normal -0.024289 0.991716 0.126135
    outer loop
      vertex -0.961999 0.0596976 16.034
      vertex -1.79573 -0.184931 17.7968
      vertex -0.861037 0.056485 16.0787
    endloop
  endfacet
  facet normal -0.0243916 0.99172 0.126082
    outer loop
      vertex -1.06064 0.0635901 15.9843
      vertex -1.97987 -0.177665 17.7041
      vertex -0.961999 0.0596976 16.034
    endloop
  endfacet
  facet normal -0.0243385 0.991718 0.12611
    outer loop
      vertex -1.97987 -0.177665 17.7041
      vertex -1.06064 0.0635901 15.9843
      vertex -2.15923 -0.169147 17.6025
    endloop
  endfacet
  facet normal -0.0243516 0.991718 0.126105
    outer loop
      vertex -2.15923 -0.169147 17.6025
      vertex -1.15673 0.0681533 15.9299
      vertex -2.33339 -0.159398 17.4922
    endloop
  endfacet
  facet normal -0.0243339 0.991718 0.126111
    outer loop
      vertex -0.110402 0.0534771 16.2473
      vertex 0 -0.192127 18.2
      vertex 0 0.0558427 16.25
    endloop
  endfacet
  facet normal -0.0243171 0.991718 0.126114
    outer loop
      vertex -0.411672 -0.199661 18.1798
      vertex -0.110402 0.0534771 16.2473
      vertex -0.220538 0.0518066 16.2392
    endloop
  endfacet
  facet normal -0.0243169 0.991718 0.126115
    outer loop
      vertex -0.616267 -0.201475 18.1545
      vertex -0.330143 0.050835 16.2256
      vertex -0.819379 -0.201979 18.1193
    endloop
  endfacet
  facet normal -0.0243494 0.991717 0.126114
    outer loop
      vertex -0.546705 0.0509966 16.1826
      vertex -1.02052 -0.201173 18.0741
      vertex -0.438952 0.0505648 16.2068
    endloop
  endfacet
  facet normal -0.0243075 0.991717 0.126124
    outer loop
      vertex -1.2192 -0.199059 18.0191
      vertex -0.65314 0.0521293 16.1531
      vertex -1.41494 -0.195641 17.9545
    endloop
  endfacet
  facet normal -0.024402 0.991719 0.126085
    outer loop
      vertex -0.861037 0.056485 16.0787
      vertex -1.60727 -0.190928 17.8803
      vertex -0.758001 0.0539602 16.1185
    endloop
  endfacet
  facet normal -0.0243521 0.991718 0.126106
    outer loop
      vertex -1.79573 -0.184931 17.7968
      vertex -0.961999 0.0596976 16.034
      vertex -1.97987 -0.177665 17.7041
    endloop
  endfacet
  facet normal -0.0243106 0.991716 0.126129
    outer loop
      vertex -1.15673 0.0681533 15.9299
      vertex -2.15923 -0.169147 17.6025
      vertex -1.06064 0.0635901 15.9843
    endloop
  endfacet
  facet normal -0.0243605 0.991719 0.126098
    outer loop
      vertex -1.25003 0.0733761 15.8708
      vertex -2.33339 -0.159398 17.4922
      vertex -1.15673 0.0681533 15.9299
    endloop
  endfacet
  facet normal -0.0243427 0.991718 0.12611
    outer loop
      vertex -2.33339 -0.159398 17.4922
      vertex -1.25003 0.0733761 15.8708
      vertex -2.50194 -0.148441 17.3735
    endloop
  endfacet
  facet normal -0.0243531 0.991718 0.126101
    outer loop
      vertex -1.34032 0.0792459 15.8072
      vertex -2.50194 -0.148441 17.3735
      vertex -1.25003 0.0733761 15.8708
    endloop
  endfacet
  facet normal -0.024381 0.99172 0.126081
    outer loop
      vertex -2.50194 -0.148441 17.3735
      vertex -1.34032 0.0792459 15.8072
      vertex -2.66445 -0.136303 17.2466
    endloop
  endfacet
  facet normal -0.02431 0.991714 0.126145
    outer loop
      vertex -1.42738 0.0857486 15.7393
      vertex -2.66445 -0.136303 17.2466
      vertex -1.34032 0.0792459 15.8072
    endloop
  endfacet
  facet normal -0.024323 0.991715 0.126135
    outer loop
      vertex -2.66445 -0.136303 17.2466
      vertex -1.42738 0.0857486 15.7393
      vertex -2.82055 -0.123012 17.112
    endloop
  endfacet
  facet normal -0.0243989 0.991723 0.126059
    outer loop
      vertex -1.51101 0.0928685 15.6671
      vertex -2.82055 -0.123012 17.112
      vertex -1.42738 0.0857486 15.7393
    endloop
  endfacet
  facet normal -0.0243933 0.991722 0.126064
    outer loop
      vertex -2.82055 -0.123012 17.112
      vertex -1.51101 0.0928685 15.6671
      vertex -2.86085 -0.119122 17.0736
    endloop
  endfacet
  facet normal -0.0243008 0.991713 0.126151
    outer loop
      vertex -1.59099 0.100589 15.591
      vertex -2.86085 -0.119122 17.0736
      vertex -1.51101 0.0928685 15.6671
    endloop
  endfacet
  facet normal -0.0260138 0.991853 0.124705
    outer loop
      vertex -2.86085 -0.119122 17.0736
      vertex -1.59099 0.100589 15.591
      vertex -1.59323 0.100832 15.5886
    endloop
  endfacet
  facet normal 0.3567 0.925708 0.125813
    outer loop
      vertex 35.8143 -6.72905 14.5326
      vertex 34.3975 -6.40419 16.1592
      vertex 34.4154 -6.41492 16.1874
    endloop
  endfacet
  facet normal 0.357036 0.925534 0.12614
    outer loop
      vertex 34.3975 -6.40419 16.1592
      vertex 35.8143 -6.72905 14.5326
      vertex 34.2959 -6.34056 15.9799
    endloop
  endfacet
  facet normal 0.35697 0.92557 0.126062
    outer loop
      vertex 34.2959 -6.34056 15.9799
      vertex 35.8143 -6.72905 14.5326
      vertex 34.2032 -6.27972 15.7957
    endloop
  endfacet
  facet normal 0.357078 0.925507 0.126221
    outer loop
      vertex 34.2032 -6.27972 15.7957
      vertex 35.8143 -6.72905 14.5326
      vertex 34.1197 -6.22181 15.6073
    endloop
  endfacet
  facet normal 0.356985 0.925567 0.126046
    outer loop
      vertex 34.1197 -6.22181 15.6073
      vertex 35.8143 -6.72905 14.5326
      vertex 34.0455 -6.16699 15.4149
    endloop
  endfacet
  facet normal 0.357069 0.925506 0.126254
    outer loop
      vertex 34.0455 -6.16699 15.4149
      vertex 35.8143 -6.72905 14.5326
      vertex 33.9809 -6.11537 15.2192
    endloop
  endfacet
  facet normal 0.357015 0.925552 0.126069
    outer loop
      vertex 33.9809 -6.11537 15.2192
      vertex 35.8143 -6.72905 14.5326
      vertex 33.9259 -6.06709 15.0205
    endloop
  endfacet
  facet normal 0.357018 0.925549 0.126082
    outer loop
      vertex 33.9259 -6.06709 15.0205
      vertex 35.8143 -6.72905 14.5326
      vertex 33.8807 -6.02226 14.8194
    endloop
  endfacet
  facet normal 0.35701 0.925565 0.125992
    outer loop
      vertex 35.7932 -6.70817 14.439
      vertex 33.8807 -6.02226 14.8194
      vertex 35.8143 -6.72905 14.5326
    endloop
  endfacet
  facet normal 0.357036 0.925528 0.126188
    outer loop
      vertex 33.8807 -6.02226 14.8194
      vertex 35.7932 -6.70817 14.439
      vertex 33.8455 -5.98099 14.6163
    endloop
  endfacet
  facet normal 0.357039 0.925516 0.12627
    outer loop
      vertex 35.7744 -6.68606 14.3301
      vertex 33.8455 -5.98099 14.6163
      vertex 35.7932 -6.70817 14.439
    endloop
  endfacet
  facet normal 0.357015 0.925563 0.125992
    outer loop
      vertex 33.8455 -5.98099 14.6163
      vertex 35.7744 -6.68606 14.3301
      vertex 33.8202 -5.94338 14.4117
    endloop
  endfacet
  facet normal 0.357016 0.92559 0.125784
    outer loop
      vertex 35.7608 -6.66592 14.2205
      vertex 33.8202 -5.94338 14.4117
      vertex 35.7744 -6.68606 14.3301
    endloop
  endfacet
  facet normal 0.357034 0.925527 0.126202
    outer loop
      vertex 35.7608 -6.66592 14.2205
      vertex 33.8051 -5.90952 14.2061
      vertex 33.8202 -5.94338 14.4117
    endloop
  endfacet
  facet normal 0.357033 0.925524 0.126222
    outer loop
      vertex 35.7527 -6.64778 14.1104
      vertex 33.8051 -5.90952 14.2061
      vertex 35.7608 -6.66592 14.2205
    endloop
  endfacet
  facet normal 0.357033 0.925533 0.126158
    outer loop
      vertex 35.75 -6.63169 14
      vertex 33.8051 -5.90952 14.2061
      vertex 35.7527 -6.64778 14.1104
    endloop
  endfacet
  facet normal 0.357026 0.925554 0.126024
    outer loop
      vertex 35.75 -6.63169 14
      vertex 33.8 -5.87949 14
      vertex 33.8051 -5.90952 14.2061
    endloop
  endfacet
  facet normal 0.357023 0.925545 0.126101
    outer loop
      vertex 35.7527 -6.61769 13.8896
      vertex 33.8 -5.87949 14
      vertex 35.75 -6.63169 14
    endloop
  endfacet
  facet normal 0.357023 0.925534 0.126177
    outer loop
      vertex 35.7527 -6.61769 13.8896
      vertex 33.8051 -5.85336 13.7939
      vertex 33.8 -5.87949 14
    endloop
  endfacet
  facet normal 0.357023 0.925552 0.126051
    outer loop
      vertex 33.8103 -5.84563 13.7222
      vertex 35.7527 -6.61769 13.8896
      vertex 35.7608 -6.60582 13.7795
    endloop
  endfacet
  facet normal 0.357005 0.925526 0.12629
    outer loop
      vertex 33.8103 -5.84563 13.7222
      vertex 35.7608 -6.60582 13.7795
      vertex 35.7679 -6.60074 13.7222
    endloop
  endfacet
  facet normal 0.357067 0.925584 0.125684
    outer loop
      vertex 35.7527 -6.61769 13.8896
      vertex 33.8103 -5.84563 13.7222
      vertex 33.8051 -5.85336 13.7939
    endloop
  endfacet
  facet normal -0.357036 0.925534 0.12614
    outer loop
      vertex -35.8143 -6.72905 14.5326
      vertex -34.3975 -6.40419 16.1592
      vertex -34.2959 -6.34056 15.9799
    endloop
  endfacet
  facet normal -0.35697 0.92557 0.126062
    outer loop
      vertex -35.8143 -6.72905 14.5326
      vertex -34.2959 -6.34056 15.9799
      vertex -34.2032 -6.27972 15.7957
    endloop
  endfacet
  facet normal -0.357078 0.925507 0.126221
    outer loop
      vertex -35.8143 -6.72905 14.5326
      vertex -34.2032 -6.27972 15.7957
      vertex -34.1197 -6.22181 15.6073
    endloop
  endfacet
  facet normal -0.356985 0.925567 0.126046
    outer loop
      vertex -35.8143 -6.72905 14.5326
      vertex -34.1197 -6.22181 15.6073
      vertex -34.0455 -6.16699 15.4149
    endloop
  endfacet
  facet normal -0.357069 0.925506 0.126254
    outer loop
      vertex -35.8143 -6.72905 14.5326
      vertex -34.0455 -6.16699 15.4149
      vertex -33.9809 -6.11537 15.2192
    endloop
  endfacet
  facet normal -0.357015 0.925552 0.126069
    outer loop
      vertex -35.8143 -6.72905 14.5326
      vertex -33.9809 -6.11537 15.2192
      vertex -33.9259 -6.06709 15.0205
    endloop
  endfacet
  facet normal -0.357018 0.925549 0.126082
    outer loop
      vertex -35.8143 -6.72905 14.5326
      vertex -33.9259 -6.06709 15.0205
      vertex -33.8807 -6.02226 14.8194
    endloop
  endfacet
  facet normal -0.357036 0.925528 0.126188
    outer loop
      vertex -35.7932 -6.70817 14.439
      vertex -33.8807 -6.02226 14.8194
      vertex -33.8455 -5.98099 14.6163
    endloop
  endfacet
  facet normal -0.3567 0.925708 0.125813
    outer loop
      vertex -34.3975 -6.40419 16.1592
      vertex -35.8143 -6.72905 14.5326
      vertex -34.4154 -6.41492 16.1874
    endloop
  endfacet
  facet normal -0.35701 0.925565 0.125992
    outer loop
      vertex -33.8807 -6.02226 14.8194
      vertex -35.7932 -6.70817 14.439
      vertex -35.8143 -6.72905 14.5326
    endloop
  endfacet
  facet normal -0.357015 0.925563 0.125992
    outer loop
      vertex -35.7744 -6.68606 14.3301
      vertex -33.8455 -5.98099 14.6163
      vertex -33.8202 -5.94338 14.4117
    endloop
  endfacet
  facet normal -0.357039 0.925516 0.12627
    outer loop
      vertex -33.8455 -5.98099 14.6163
      vertex -35.7744 -6.68606 14.3301
      vertex -35.7932 -6.70817 14.439
    endloop
  endfacet
  facet normal -0.357016 0.92559 0.125784
    outer loop
      vertex -33.8202 -5.94338 14.4117
      vertex -35.7608 -6.66592 14.2205
      vertex -35.7744 -6.68606 14.3301
    endloop
  endfacet
  facet normal -0.357034 0.925527 0.126202
    outer loop
      vertex -33.8051 -5.90952 14.2061
      vertex -35.7608 -6.66592 14.2205
      vertex -33.8202 -5.94338 14.4117
    endloop
  endfacet
  facet normal -0.357033 0.925524 0.126222
    outer loop
      vertex -33.8051 -5.90952 14.2061
      vertex -35.7527 -6.64778 14.1104
      vertex -35.7608 -6.66592 14.2205
    endloop
  endfacet
  facet normal -0.357033 0.925551 0.126023
    outer loop
      vertex -33.8 -5.87949 14
      vertex -35.7527 -6.64778 14.1104
      vertex -33.8051 -5.90952 14.2061
    endloop
  endfacet
  facet normal -0.35702 0.925538 0.126159
    outer loop
      vertex -33.8 -5.87949 14
      vertex -35.75 -6.63169 14
      vertex -35.7527 -6.64778 14.1104
    endloop
  endfacet
  facet normal -0.357023 0.925545 0.126101
    outer loop
      vertex -33.8 -5.87949 14
      vertex -35.7527 -6.61769 13.8896
      vertex -35.75 -6.63169 14
    endloop
  endfacet
  facet normal -0.357023 0.925534 0.126177
    outer loop
      vertex -33.8051 -5.85336 13.7939
      vertex -35.7527 -6.61769 13.8896
      vertex -33.8 -5.87949 14
    endloop
  endfacet
  facet normal -0.357067 0.925584 0.125684
    outer loop
      vertex -33.8103 -5.84563 13.7222
      vertex -35.7527 -6.61769 13.8896
      vertex -33.8051 -5.85336 13.7939
    endloop
  endfacet
  facet normal -0.357023 0.925552 0.126051
    outer loop
      vertex -35.7527 -6.61769 13.8896
      vertex -33.8103 -5.84563 13.7222
      vertex -35.7608 -6.60582 13.7795
    endloop
  endfacet
  facet normal -0.357005 0.925526 0.12629
    outer loop
      vertex -35.7608 -6.60582 13.7795
      vertex -33.8103 -5.84563 13.7222
      vertex -35.7679 -6.60074 13.7222
    endloop
  endfacet
  facet normal -0.356922 0.925584 0.126098
    outer loop
      vertex -36.4084 -7.10235 15.5903
      vertex -36.2043 -7.32425 17.7968
      vertex -36.0201 -7.24059 17.7041
    endloop
  endfacet
  facet normal -0.357112 0.925507 0.126128
    outer loop
      vertex -36.4084 -7.10235 15.5903
      vertex -36.0201 -7.24059 17.7041
      vertex -35.8408 -7.15756 17.6025
    endloop
  endfacet
  facet normal -0.356966 0.925569 0.126088
    outer loop
      vertex -36.4084 -7.10235 15.5903
      vertex -35.8408 -7.15756 17.6025
      vertex -35.6666 -7.07535 17.4922
    endloop
  endfacet
  facet normal -0.357091 0.925513 0.126138
    outer loop
      vertex -36.4084 -7.10235 15.5903
      vertex -35.6666 -7.07535 17.4922
      vertex -35.4981 -6.99416 17.3735
    endloop
  endfacet
  facet normal -0.35688 0.925611 0.126024
    outer loop
      vertex -36.4084 -7.10235 15.5903
      vertex -35.4981 -6.99416 17.3735
      vertex -35.3355 -6.91419 17.2466
    endloop
  endfacet
  facet normal -0.357157 0.925477 0.126219
    outer loop
      vertex -36.4084 -7.10235 15.5903
      vertex -35.3355 -6.91419 17.2466
      vertex -35.1795 -6.83563 17.112
    endloop
  endfacet
  facet normal -0.357008 0.925553 0.126085
    outer loop
      vertex -36.4084 -7.10235 15.5903
      vertex -35.1795 -6.83563 17.112
      vertex -35.0302 -6.75867 16.9698
    endloop
  endfacet
  facet normal -0.356959 0.925579 0.12603
    outer loop
      vertex -36.4084 -7.10235 15.5903
      vertex -35.0302 -6.75867 16.9698
      vertex -34.888 -6.6835 16.8205
    endloop
  endfacet
  facet normal -0.357093 0.925501 0.126225
    outer loop
      vertex -36.3329 -7.0624 15.511
      vertex -34.888 -6.6835 16.8205
      vertex -34.7534 -6.61029 16.6645
    endloop
  endfacet
  facet normal -0.356949 0.925589 0.125983
    outer loop
      vertex -36.2607 -7.02319 15.4274
      vertex -34.7534 -6.61029 16.6645
      vertex -34.6265 -6.53922 16.5019
    endloop
  endfacet
  facet normal -0.35702 0.925542 0.126129
    outer loop
      vertex -36.1928 -6.98511 15.3403
      vertex -34.6265 -6.53922 16.5019
      vertex -34.5078 -6.47047 16.3334
    endloop
  endfacet
  facet normal -0.35705 0.925524 0.126174
    outer loop
      vertex -36.1292 -6.94828 15.25
      vertex -34.5078 -6.47047 16.3334
      vertex -34.4154 -6.41492 16.1874
    endloop
  endfacet
  facet normal -0.357115 0.925508 0.126108
    outer loop
      vertex -36.2043 -7.32425 17.7968
      vertex -36.4084 -7.10235 15.5903
      vertex -36.299 -7.3665 17.8387
    endloop
  endfacet
  facet normal -0.357111 0.925491 0.126248
    outer loop
      vertex -34.888 -6.6835 16.8205
      vertex -36.3329 -7.0624 15.511
      vertex -36.4084 -7.10235 15.5903
    endloop
  endfacet
  facet normal -0.356895 0.925621 0.125906
    outer loop
      vertex -34.7534 -6.61029 16.6645
      vertex -36.2607 -7.02319 15.4274
      vertex -36.3329 -7.0624 15.511
    endloop
  endfacet
  facet normal -0.357095 0.925497 0.126247
    outer loop
      vertex -34.6265 -6.53922 16.5019
      vertex -36.1928 -6.98511 15.3403
      vertex -36.2607 -7.02319 15.4274
    endloop
  endfacet
  facet normal -0.35699 0.925562 0.126067
    outer loop
      vertex -34.5078 -6.47047 16.3334
      vertex -36.1292 -6.94828 15.25
      vertex -36.1928 -6.98511 15.3403
    endloop
  endfacet
  facet normal -0.35699 0.925566 0.12604
    outer loop
      vertex -34.4154 -6.41492 16.1874
      vertex -36.0701 -6.91278 15.1567
      vertex -36.1292 -6.94828 15.25
    endloop
  endfacet
  facet normal -0.357066 0.925517 0.126186
    outer loop
      vertex -34.4154 -6.41492 16.1874
      vertex -36.0157 -6.87869 15.0606
      vertex -36.0701 -6.91278 15.1567
    endloop
  endfacet
  facet normal -0.356997 0.925559 0.12607
    outer loop
      vertex -34.4154 -6.41492 16.1874
      vertex -35.966 -6.84609 14.962
      vertex -36.0157 -6.87869 15.0606
    endloop
  endfacet
  facet normal -0.357092 0.925504 0.126209
    outer loop
      vertex -34.4154 -6.41492 16.1874
      vertex -35.9213 -6.81507 14.861
      vertex -35.966 -6.84609 14.962
    endloop
  endfacet
  facet normal -0.356936 0.925591 0.126006
    outer loop
      vertex -34.4154 -6.41492 16.1874
      vertex -35.8815 -6.7857 14.758
      vertex -35.9213 -6.81507 14.861
    endloop
  endfacet
  facet normal -0.357079 0.925513 0.126173
    outer loop
      vertex -34.4154 -6.41492 16.1874
      vertex -35.8469 -6.75805 14.6531
      vertex -35.8815 -6.7857 14.758
    endloop
  endfacet
  facet normal -0.356919 0.925598 0.126004
    outer loop
      vertex -34.4154 -6.41492 16.1874
      vertex -35.8174 -6.73219 14.5467
      vertex -35.8469 -6.75805 14.6531
    endloop
  endfacet
  facet normal -0.358198 0.924936 0.127226
    outer loop
      vertex -35.8174 -6.73219 14.5467
      vertex -34.4154 -6.41492 16.1874
      vertex -35.8143 -6.72905 14.5326
    endloop
  endfacet
  facet normal 0.402011 0.906909 0.126111
    outer loop
      vertex 38 -7.89959 16.25
      vertex 38 -8.17075 18.2
      vertex 38.2061 -8.2614 18.1949
    endloop
  endfacet
  facet normal 0.401945 0.906937 0.12612
    outer loop
      vertex 38.1104 -7.94815 16.2473
      vertex 38.2061 -8.2614 18.1949
      vertex 38.4117 -8.35042 18.1798
    endloop
  endfacet
  facet normal 0.40198 0.906922 0.126113
    outer loop
      vertex 38 -8.17075 18.2
      vertex 38 -7.89959 16.25
      vertex 37.7939 -8.07869 18.1949
    endloop
  endfacet
  facet normal 0.402024 0.906905 0.126097
    outer loop
      vertex 38.2205 -7.99584 16.2392
      vertex 38.4117 -8.35042 18.1798
      vertex 38.6163 -8.4376 18.1545
    endloop
  endfacet
  facet normal 0.401989 0.906918 0.126114
    outer loop
      vertex 37.8896 -7.85028 16.2473
      vertex 37.7939 -8.07869 18.1949
      vertex 38 -7.89959 16.25
    endloop
  endfacet
  facet normal 0.401994 0.906915 0.126118
    outer loop
      vertex 38.3316 -8.04314 16.2254
      vertex 38.6163 -8.4376 18.1545
      vertex 38.8194 -8.52273 18.1193
    endloop
  endfacet
  facet normal 0.40202 0.906904 0.126114
    outer loop
      vertex 37.7939 -8.07869 18.1949
      vertex 37.8896 -7.85028 16.2473
      vertex 37.5883 -7.98545 18.1798
    endloop
  endfacet
  facet normal 0.402093 0.906876 0.126083
    outer loop
      vertex 38.3316 -8.04314 16.2254
      vertex 38.8194 -8.52273 18.1193
      vertex 39.0205 -8.60561 18.0741
    endloop
  endfacet
  facet normal 0.402139 0.906849 0.126128
    outer loop
      vertex 37.7795 -7.80033 16.2392
      vertex 37.5883 -7.98545 18.1798
      vertex 37.8896 -7.85028 16.2473
    endloop
  endfacet
  facet normal 0.401974 0.906921 0.12614
    outer loop
      vertex 38.3316 -8.04314 16.2254
      vertex 39.0205 -8.60561 18.0741
      vertex 39.2192 -8.68603 18.0191
    endloop
  endfacet
  facet normal 0.401964 0.906928 0.126119
    outer loop
      vertex 37.5883 -7.98545 18.1798
      vertex 37.7795 -7.80033 16.2392
      vertex 37.3837 -7.89125 18.1545
    endloop
  endfacet
  facet normal 0.40206 0.90689 0.126087
    outer loop
      vertex 38.3316 -8.04314 16.2254
      vertex 39.2192 -8.68603 18.0191
      vertex 39.4149 -8.76381 17.9545
    endloop
  endfacet
  facet normal 0.40198 0.906921 0.126122
    outer loop
      vertex 37.6699 -7.74986 16.2256
      vertex 37.3837 -7.89125 18.1545
      vertex 37.7795 -7.80033 16.2392
    endloop
  endfacet
  facet normal 0.401819 0.906971 0.126272
    outer loop
      vertex 38.3316 -8.04314 16.2254
      vertex 39.4149 -8.76381 17.9545
      vertex 39.5571 -8.81918 17.8997
    endloop
  endfacet
  facet normal 0.402029 0.906898 0.126127
    outer loop
      vertex 37.3837 -7.89125 18.1545
      vertex 37.6699 -7.74986 16.2256
      vertex 37.1806 -7.79632 18.1193
    endloop
  endfacet
  facet normal 0.401831 0.906993 0.126078
    outer loop
      vertex 37.561 -7.699 16.2068
      vertex 37.1806 -7.79632 18.1193
      vertex 37.6699 -7.74986 16.2256
    endloop
  endfacet
  facet normal 0.402054 0.906889 0.126117
    outer loop
      vertex 37.1806 -7.79632 18.1193
      vertex 37.561 -7.699 16.2068
      vertex 36.9795 -7.70088 18.0741
    endloop
  endfacet
  facet normal 0.401995 0.906915 0.126114
    outer loop
      vertex 38.2061 -8.2614 18.1949
      vertex 38.1104 -7.94815 16.2473
      vertex 38 -7.89959 16.25
    endloop
  endfacet
  facet normal 0.402091 0.906877 0.126085
    outer loop
      vertex 38.4117 -8.35042 18.1798
      vertex 38.2205 -7.99584 16.2392
      vertex 38.1104 -7.94815 16.2473
    endloop
  endfacet
  facet normal 0.402134 0.90686 0.126064
    outer loop
      vertex 38.6163 -8.4376 18.1545
      vertex 38.3301 -8.04255 16.2256
      vertex 38.2205 -7.99584 16.2392
    endloop
  endfacet
  facet normal 0.377999 0.916405 0.1316
    outer loop
      vertex 38.6163 -8.4376 18.1545
      vertex 38.3316 -8.04314 16.2254
      vertex 38.3301 -8.04255 16.2256
    endloop
  endfacet
  facet normal 0.402103 0.906865 0.126133
    outer loop
      vertex 37.4533 -7.64788 16.1826
      vertex 36.9795 -7.70088 18.0741
      vertex 37.561 -7.699 16.2068
    endloop
  endfacet
  facet normal 0.401951 0.906937 0.126097
    outer loop
      vertex 36.9795 -7.70088 18.0741
      vertex 37.4533 -7.64788 16.1826
      vertex 36.7808 -7.60517 18.0191
    endloop
  endfacet
  facet normal 0.402093 0.906867 0.12615
    outer loop
      vertex 37.3469 -7.5966 16.1531
      vertex 36.7808 -7.60517 18.0191
      vertex 37.4533 -7.64788 16.1826
    endloop
  endfacet
  facet normal 0.402103 0.906862 0.126153
    outer loop
      vertex 36.7808 -7.60517 18.0191
      vertex 37.3469 -7.5966 16.1531
      vertex 36.5851 -7.50941 17.9545
    endloop
  endfacet
  facet normal 0.401942 0.906943 0.126082
    outer loop
      vertex 37.242 -7.5453 16.1185
      vertex 36.5851 -7.50941 17.9545
      vertex 37.3469 -7.5966 16.1531
    endloop
  endfacet
  facet normal 0.401896 0.906966 0.126064
    outer loop
      vertex 36.5851 -7.50941 17.9545
      vertex 37.242 -7.5453 16.1185
      vertex 36.3927 -7.41384 17.8803
    endloop
  endfacet
  facet normal 0.402056 0.906884 0.126148
    outer loop
      vertex 37.139 -7.4941 16.0787
      vertex 36.3927 -7.41384 17.8803
      vertex 37.242 -7.5453 16.1185
    endloop
  endfacet
  facet normal 0.40214 0.906841 0.126185
    outer loop
      vertex 36.3927 -7.41384 17.8803
      vertex 37.139 -7.4941 16.0787
      vertex 36.299 -7.3665 17.8387
    endloop
  endfacet
  facet normal 0.401908 0.906961 0.126065
    outer loop
      vertex 37.038 -7.44313 16.034
      vertex 36.299 -7.3665 17.8387
      vertex 37.139 -7.4941 16.0787
    endloop
  endfacet
  facet normal 0.402086 0.906871 0.126142
    outer loop
      vertex 36.9394 -7.3925 15.9843
      vertex 36.299 -7.3665 17.8387
      vertex 37.038 -7.44313 16.034
    endloop
  endfacet
  facet normal 0.402051 0.906888 0.12613
    outer loop
      vertex 36.8433 -7.34233 15.9299
      vertex 36.299 -7.3665 17.8387
      vertex 36.9394 -7.3925 15.9843
    endloop
  endfacet
  facet normal 0.401968 0.906929 0.126106
    outer loop
      vertex 36.75 -7.29276 15.8708
      vertex 36.299 -7.3665 17.8387
      vertex 36.8433 -7.34233 15.9299
    endloop
  endfacet
  facet normal 0.401996 0.906915 0.126112
    outer loop
      vertex 36.6597 -7.24389 15.8072
      vertex 36.299 -7.3665 17.8387
      vertex 36.75 -7.29276 15.8708
    endloop
  endfacet
  facet normal 0.401924 0.906949 0.126101
    outer loop
      vertex 36.5726 -7.19585 15.7393
      vertex 36.299 -7.3665 17.8387
      vertex 36.6597 -7.24389 15.8072
    endloop
  endfacet
  facet normal 0.401949 0.906937 0.126104
    outer loop
      vertex 36.489 -7.14876 15.6671
      vertex 36.299 -7.3665 17.8387
      vertex 36.5726 -7.19585 15.7393
    endloop
  endfacet
  facet normal 0.402065 0.906885 0.126109
    outer loop
      vertex 36.409 -7.10271 15.591
      vertex 36.299 -7.3665 17.8387
      vertex 36.489 -7.14876 15.6671
    endloop
  endfacet
  facet normal 0.398052 0.908652 0.12612
    outer loop
      vertex 36.299 -7.3665 17.8387
      vertex 36.409 -7.10271 15.591
      vertex 36.4084 -7.10235 15.5903
    endloop
  endfacet
  facet normal 0.357115 0.925508 0.126108
    outer loop
      vertex 36.4084 -7.10235 15.5903
      vertex 36.2043 -7.32425 17.7968
      vertex 36.299 -7.3665 17.8387
    endloop
  endfacet
  facet normal 0.356922 0.925584 0.126098
    outer loop
      vertex 36.2043 -7.32425 17.7968
      vertex 36.4084 -7.10235 15.5903
      vertex 36.0201 -7.24059 17.7041
    endloop
  endfacet
  facet normal 0.357112 0.925507 0.126128
    outer loop
      vertex 36.0201 -7.24059 17.7041
      vertex 36.4084 -7.10235 15.5903
      vertex 35.8408 -7.15756 17.6025
    endloop
  endfacet
  facet normal 0.356966 0.925569 0.126088
    outer loop
      vertex 35.8408 -7.15756 17.6025
      vertex 36.4084 -7.10235 15.5903
      vertex 35.6666 -7.07535 17.4922
    endloop
  endfacet
  facet normal 0.357091 0.925513 0.126138
    outer loop
      vertex 35.6666 -7.07535 17.4922
      vertex 36.4084 -7.10235 15.5903
      vertex 35.4981 -6.99416 17.3735
    endloop
  endfacet
  facet normal 0.35688 0.925611 0.126024
    outer loop
      vertex 35.4981 -6.99416 17.3735
      vertex 36.4084 -7.10235 15.5903
      vertex 35.3355 -6.91419 17.2466
    endloop
  endfacet
  facet normal 0.357157 0.925477 0.126219
    outer loop
      vertex 35.3355 -6.91419 17.2466
      vertex 36.4084 -7.10235 15.5903
      vertex 35.1795 -6.83563 17.112
    endloop
  endfacet
  facet normal 0.357008 0.925553 0.126085
    outer loop
      vertex 35.1795 -6.83563 17.112
      vertex 36.4084 -7.10235 15.5903
      vertex 35.0302 -6.75867 16.9698
    endloop
  endfacet
  facet normal 0.356959 0.925579 0.12603
    outer loop
      vertex 35.0302 -6.75867 16.9698
      vertex 36.4084 -7.10235 15.5903
      vertex 34.888 -6.6835 16.8205
    endloop
  endfacet
  facet normal 0.357111 0.925491 0.126248
    outer loop
      vertex 36.3329 -7.0624 15.511
      vertex 34.888 -6.6835 16.8205
      vertex 36.4084 -7.10235 15.5903
    endloop
  endfacet
  facet normal 0.357093 0.925501 0.126225
    outer loop
      vertex 34.888 -6.6835 16.8205
      vertex 36.3329 -7.0624 15.511
      vertex 34.7534 -6.61029 16.6645
    endloop
  endfacet
  facet normal 0.356895 0.925621 0.125906
    outer loop
      vertex 36.2607 -7.02319 15.4274
      vertex 34.7534 -6.61029 16.6645
      vertex 36.3329 -7.0624 15.511
    endloop
  endfacet
  facet normal 0.356949 0.925589 0.125983
    outer loop
      vertex 34.7534 -6.61029 16.6645
      vertex 36.2607 -7.02319 15.4274
      vertex 34.6265 -6.53922 16.5019
    endloop
  endfacet
  facet normal 0.357095 0.925497 0.126247
    outer loop
      vertex 36.1928 -6.98511 15.3403
      vertex 34.6265 -6.53922 16.5019
      vertex 36.2607 -7.02319 15.4274
    endloop
  endfacet
  facet normal 0.35702 0.925542 0.126129
    outer loop
      vertex 34.6265 -6.53922 16.5019
      vertex 36.1928 -6.98511 15.3403
      vertex 34.5078 -6.47047 16.3334
    endloop
  endfacet
  facet normal 0.35699 0.925562 0.126067
    outer loop
      vertex 36.1292 -6.94828 15.25
      vertex 34.5078 -6.47047 16.3334
      vertex 36.1928 -6.98511 15.3403
    endloop
  endfacet
  facet normal 0.35705 0.925524 0.126174
    outer loop
      vertex 34.5078 -6.47047 16.3334
      vertex 36.1292 -6.94828 15.25
      vertex 34.4154 -6.41492 16.1874
    endloop
  endfacet
  facet normal 0.35699 0.925566 0.12604
    outer loop
      vertex 36.0701 -6.91278 15.1567
      vertex 34.4154 -6.41492 16.1874
      vertex 36.1292 -6.94828 15.25
    endloop
  endfacet
  facet normal 0.357066 0.925517 0.126186
    outer loop
      vertex 36.0157 -6.87869 15.0606
      vertex 34.4154 -6.41492 16.1874
      vertex 36.0701 -6.91278 15.1567
    endloop
  endfacet
  facet normal 0.356997 0.925559 0.12607
    outer loop
      vertex 35.966 -6.84609 14.962
      vertex 34.4154 -6.41492 16.1874
      vertex 36.0157 -6.87869 15.0606
    endloop
  endfacet
  facet normal 0.357092 0.925504 0.126209
    outer loop
      vertex 35.9213 -6.81507 14.861
      vertex 34.4154 -6.41492 16.1874
      vertex 35.966 -6.84609 14.962
    endloop
  endfacet
  facet normal 0.356936 0.925591 0.126006
    outer loop
      vertex 35.8815 -6.7857 14.758
      vertex 34.4154 -6.41492 16.1874
      vertex 35.9213 -6.81507 14.861
    endloop
  endfacet
  facet normal 0.357079 0.925513 0.126173
    outer loop
      vertex 35.8469 -6.75805 14.6531
      vertex 34.4154 -6.41492 16.1874
      vertex 35.8815 -6.7857 14.758
    endloop
  endfacet
  facet normal 0.356919 0.925598 0.126004
    outer loop
      vertex 35.8174 -6.73219 14.5467
      vertex 34.4154 -6.41492 16.1874
      vertex 35.8469 -6.75805 14.6531
    endloop
  endfacet
  facet normal 0.358198 0.924936 0.127226
    outer loop
      vertex 34.4154 -6.41492 16.1874
      vertex 35.8174 -6.73219 14.5467
      vertex 35.8143 -6.72905 14.5326
    endloop
  endfacet
  facet normal 0.447996 0.890074 0.084069
    outer loop
      vertex 42.1798 -9.47237 13.5883
      vertex 40.779 -8.77996 13.7222
      vertex 42.1897 -9.49 13.7222
    endloop
  endfacet
  facet normal 0.447991 0.890088 0.0839459
    outer loop
      vertex 42.1545 -9.44034 13.3837
      vertex 40.779 -8.77996 13.7222
      vertex 42.1798 -9.47237 13.5883
    endloop
  endfacet
  facet normal 0.448037 0.890038 0.0842299
    outer loop
      vertex 42.1193 -9.4034 13.1806
      vertex 40.779 -8.77996 13.7222
      vertex 42.1545 -9.44034 13.3837
    endloop
  endfacet
  facet normal 0.447986 0.890081 0.0840529
    outer loop
      vertex 42.0741 -9.36166 12.9795
      vertex 40.779 -8.77996 13.7222
      vertex 42.1193 -9.4034 13.1806
    endloop
  endfacet
  facet normal 0.447992 0.890076 0.0840687
    outer loop
      vertex 42.0191 -9.31521 12.7808
      vertex 40.779 -8.77996 13.7222
      vertex 42.0741 -9.36166 12.9795
    endloop
  endfacet
  facet normal 0.448099 0.890005 0.0842492
    outer loop
      vertex 41.9545 -9.26416 12.5851
      vertex 40.779 -8.77996 13.7222
      vertex 42.0191 -9.31521 12.7808
    endloop
  endfacet
  facet normal 0.447973 0.890084 0.0840848
    outer loop
      vertex 41.8803 -9.20864 12.3927
      vertex 40.779 -8.77996 13.7222
      vertex 41.9545 -9.26416 12.5851
    endloop
  endfacet
  facet normal 0.447521 0.890355 0.0836239
    outer loop
      vertex 40.779 -8.77996 13.7222
      vertex 41.8803 -9.20864 12.3927
      vertex 41.8685 -9.20022 12.3662
    endloop
  endfacet
  facet normal 0.448184 0.88996 0.0842788
    outer loop
      vertex 41.7968 -9.14878 12.2043
      vertex 40.779 -8.77996 13.7222
      vertex 41.8685 -9.20022 12.3662
    endloop
  endfacet
  facet normal 0.447937 0.890103 0.0840786
    outer loop
      vertex 41.7041 -9.08473 12.0201
      vertex 40.779 -8.77996 13.7222
      vertex 41.7968 -9.14878 12.2043
    endloop
  endfacet
  facet normal 0.448056 0.890036 0.0841549
    outer loop
      vertex 41.6025 -9.01663 11.8408
      vertex 40.779 -8.77996 13.7222
      vertex 41.7041 -9.08473 12.0201
    endloop
  endfacet
  facet normal 0.447953 0.890093 0.0841029
    outer loop
      vertex 41.4922 -8.94466 11.6666
      vertex 40.779 -8.77996 13.7222
      vertex 41.6025 -9.01663 11.8408
    endloop
  endfacet
  facet normal 0.447997 0.890069 0.0841201
    outer loop
      vertex 41.3735 -8.86899 11.4981
      vertex 40.779 -8.77996 13.7222
      vertex 41.4922 -8.94466 11.6666
    endloop
  endfacet
  facet normal 0.447834 0.890156 0.0840729
    outer loop
      vertex 41.2466 -8.78979 11.3355
      vertex 40.779 -8.77996 13.7222
      vertex 41.3735 -8.86899 11.4981
    endloop
  endfacet
  facet normal 0.448173 0.889978 0.0841401
    outer loop
      vertex 41.112 -8.70726 11.1795
      vertex 40.779 -8.77996 13.7222
      vertex 41.2466 -8.78979 11.3355
    endloop
  endfacet
  facet normal 0.447894 0.890122 0.0841077
    outer loop
      vertex 40.9698 -8.6216 11.0302
      vertex 40.779 -8.77996 13.7222
      vertex 41.112 -8.70726 11.1795
    endloop
  endfacet
  facet normal 0.448018 0.890059 0.0841128
    outer loop
      vertex 40.779 -8.77996 13.7222
      vertex 40.9698 -8.6216 11.0302
      vertex 40.8793 -8.5679 10.944
    endloop
  endfacet
  facet normal 0.403834 0.910974 0.0839308
    outer loop
      vertex 40.779 -8.77996 13.7222
      vertex 40.2256 -8.52982 13.6699
      vertex 40.2321 -8.53752 13.7222
    endloop
  endfacet
  facet normal 0.403783 0.910955 0.0843772
    outer loop
      vertex 40.779 -8.77996 13.7222
      vertex 40.2068 -8.5114 13.561
      vertex 40.2256 -8.52982 13.6699
    endloop
  endfacet
  facet normal 0.403862 0.910948 0.0840838
    outer loop
      vertex 40.779 -8.77996 13.7222
      vertex 40.1826 -8.49073 13.4533
      vertex 40.2068 -8.5114 13.561
    endloop
  endfacet
  facet normal 0.403901 0.910939 0.0839879
    outer loop
      vertex 40.779 -8.77996 13.7222
      vertex 40.1531 -8.46784 13.3469
      vertex 40.1826 -8.49073 13.4533
    endloop
  endfacet
  facet normal 0.403802 0.910966 0.0841745
    outer loop
      vertex 40.779 -8.77996 13.7222
      vertex 40.1185 -8.44281 13.242
      vertex 40.1531 -8.46784 13.3469
    endloop
  endfacet
  facet normal 0.404035 0.910896 0.0838061
    outer loop
      vertex 40.779 -8.77996 13.7222
      vertex 40.0787 -8.41568 13.139
      vertex 40.1185 -8.44281 13.242
    endloop
  endfacet
  facet normal 0.403611 0.91103 0.084398
    outer loop
      vertex 40.779 -8.77996 13.7222
      vertex 40.034 -8.38652 13.038
      vertex 40.0787 -8.41568 13.139
    endloop
  endfacet
  facet normal 0.403835 0.910957 0.0841128
    outer loop
      vertex 40.8793 -8.5679 10.944
      vertex 40.034 -8.38652 13.038
      vertex 40.779 -8.77996 13.7222
    endloop
  endfacet
  facet normal 0.403696 0.911024 0.0840508
    outer loop
      vertex 40.034 -8.38652 13.038
      vertex 40.8793 -8.5679 10.944
      vertex 39.9843 -8.3554 12.9394
    endloop
  endfacet
  facet normal 0.40391 0.910919 0.0841583
    outer loop
      vertex 39.9843 -8.3554 12.9394
      vertex 40.8793 -8.5679 10.944
      vertex 39.9299 -8.3224 12.8433
    endloop
  endfacet
  facet normal 0.403802 0.910973 0.0840972
    outer loop
      vertex 39.9299 -8.3224 12.8433
      vertex 40.8793 -8.5679 10.944
      vertex 39.8708 -8.28759 12.75
    endloop
  endfacet
  facet normal 0.403751 0.910998 0.084065
    outer loop
      vertex 39.8708 -8.28759 12.75
      vertex 40.8793 -8.5679 10.944
      vertex 39.8072 -8.25107 12.6597
    endloop
  endfacet
  facet normal 0.403931 0.910907 0.084194
    outer loop
      vertex 39.8072 -8.25107 12.6597
      vertex 40.8793 -8.5679 10.944
      vertex 39.7393 -8.21291 12.5726
    endloop
  endfacet
  facet normal 0.403629 0.911063 0.0839485
    outer loop
      vertex 39.7393 -8.21291 12.5726
      vertex 40.8793 -8.5679 10.944
      vertex 39.6671 -8.17322 12.489
    endloop
  endfacet
  facet normal 0.403915 0.910912 0.084212
    outer loop
      vertex 40.8793 -8.5679 10.944
      vertex 39.591 -8.13208 12.409
      vertex 39.6671 -8.17322 12.489
    endloop
  endfacet
  facet normal 0.403821 0.910963 0.0841142
    outer loop
      vertex 40.8793 -8.5679 10.944
      vertex 39.511 -8.08959 12.3329
      vertex 39.591 -8.13208 12.409
    endloop
  endfacet
  facet normal 0.403781 0.910985 0.0840668
    outer loop
      vertex 40.8205 -8.53667 10.888
      vertex 39.511 -8.08959 12.3329
      vertex 40.8793 -8.5679 10.944
    endloop
  endfacet
  facet normal 0.403795 0.910978 0.0840816
    outer loop
      vertex 39.511 -8.08959 12.3329
      vertex 40.8205 -8.53667 10.888
      vertex 39.4274 -8.04587 12.2607
    endloop
  endfacet
  facet normal 0.403917 0.91091 0.08423
    outer loop
      vertex 40.6645 -8.45505 10.7534
      vertex 39.4274 -8.04587 12.2607
      vertex 40.8205 -8.53667 10.888
    endloop
  endfacet
  facet normal 0.403759 0.910994 0.0840775
    outer loop
      vertex 39.4274 -8.04587 12.2607
      vertex 40.6645 -8.45505 10.7534
      vertex 39.3403 -8.001 12.1928
    endloop
  endfacet
  facet normal 0.403687 0.911033 0.0839989
    outer loop
      vertex 40.5019 -8.3713 10.6265
      vertex 39.3403 -8.001 12.1928
      vertex 40.6645 -8.45505 10.7534
    endloop
  endfacet
  facet normal 0.403758 0.910996 0.0840603
    outer loop
      vertex 39.3403 -8.001 12.1928
      vertex 40.5019 -8.3713 10.6265
      vertex 39.25 -7.95511 12.1292
    endloop
  endfacet
  facet normal 0.40386 0.910941 0.0841606
    outer loop
      vertex 40.3334 -8.28563 10.5078
      vertex 39.25 -7.95511 12.1292
      vertex 40.5019 -8.3713 10.6265
    endloop
  endfacet
  facet normal 0.403781 0.910982 0.0840994
    outer loop
      vertex 39.25 -7.95511 12.1292
      vertex 40.3334 -8.28563 10.5078
      vertex 39.1567 -7.9083 12.0701
    endloop
  endfacet
  facet normal 0.403739 0.911004 0.0840627
    outer loop
      vertex 40.1592 -8.19825 10.3975
      vertex 39.1567 -7.9083 12.0701
      vertex 40.3334 -8.28563 10.5078
    endloop
  endfacet
  facet normal 0.403801 0.910973 0.0841047
    outer loop
      vertex 39.1567 -7.9083 12.0701
      vertex 40.1592 -8.19825 10.3975
      vertex 39.0606 -7.86068 12.0157
    endloop
  endfacet
  facet normal 0.403899 0.910922 0.0841818
    outer loop
      vertex 39.9799 -8.10936 10.2959
      vertex 39.0606 -7.86068 12.0157
      vertex 40.1592 -8.19825 10.3975
    endloop
  endfacet
  facet normal 0.403888 0.910927 0.0841755
    outer loop
      vertex 39.0606 -7.86068 12.0157
      vertex 39.9799 -8.10936 10.2959
      vertex 38.962 -7.81237 11.966
    endloop
  endfacet
  facet normal 0.403712 0.911017 0.0840525
    outer loop
      vertex 39.7957 -8.01918 10.2032
      vertex 38.962 -7.81237 11.966
      vertex 39.9799 -8.10936 10.2959
    endloop
  endfacet
  facet normal 0.403763 0.910992 0.0840792
    outer loop
      vertex 38.962 -7.81237 11.966
      vertex 39.7957 -8.01918 10.2032
      vertex 38.861 -7.76348 11.9213
    endloop
  endfacet
  facet normal 0.403898 0.910925 0.0841625
    outer loop
      vertex 39.6073 -7.92793 10.1197
      vertex 38.861 -7.76348 11.9213
      vertex 39.7957 -8.01918 10.2032
    endloop
  endfacet
  facet normal 0.403802 0.910971 0.0841187
    outer loop
      vertex 39.484 -7.86888 10.0721
      vertex 38.861 -7.76348 11.9213
      vertex 39.6073 -7.92793 10.1197
    endloop
  endfacet
  facet normal 0.403857 0.910945 0.0841388
    outer loop
      vertex 38.861 -7.76348 11.9213
      vertex 39.484 -7.86888 10.0721
      vertex 38.758 -7.71414 11.8815
    endloop
  endfacet
  facet normal 0.403718 0.911012 0.0840771
    outer loop
      vertex 38.758 -7.71414 11.8815
      vertex 39.484 -7.86888 10.0721
      vertex 38.6531 -7.66446 11.8469
    endloop
  endfacet
  facet normal 0.403879 0.910933 0.0841619
    outer loop
      vertex 38.6531 -7.66446 11.8469
      vertex 39.484 -7.86888 10.0721
      vertex 38.5467 -7.61456 11.8174
    endloop
  endfacet
  facet normal 0.403961 0.910892 0.084212
    outer loop
      vertex 38.5467 -7.61456 11.8174
      vertex 39.484 -7.86888 10.0721
      vertex 38.439 -7.56456 11.7932
    endloop
  endfacet
  facet normal 0.403572 0.911089 0.0839408
    outer loop
      vertex 38.439 -7.56456 11.7932
      vertex 39.484 -7.86888 10.0721
      vertex 38.3301 -7.51459 11.7744
    endloop
  endfacet
  facet normal 0.403816 0.910964 0.084132
    outer loop
      vertex 38.3301 -7.51459 11.7744
      vertex 39.484 -7.86888 10.0721
      vertex 38.2205 -7.46475 11.7608
    endloop
  endfacet
  facet normal 0.40392 0.910909 0.0842227
    outer loop
      vertex 38.2205 -7.46475 11.7608
      vertex 39.484 -7.86888 10.0721
      vertex 38.1104 -7.41518 11.7527
    endloop
  endfacet
  facet normal 0.408741 0.908314 0.0888641
    outer loop
      vertex 38.1104 -7.41518 11.7527
      vertex 39.484 -7.86888 10.0721
      vertex 38.1098 -7.41491 11.7527
    endloop
  endfacet
  facet normal 0.402068 0.90689 0.126061
    outer loop
      vertex 38.861 -8.25745 16.0787
      vertex 39.6073 -8.83875 17.8803
      vertex 39.7957 -8.91067 17.7968
    endloop
  endfacet
  facet normal 0.401905 0.906946 0.126176
    outer loop
      vertex 38.962 -8.29598 16.034
      vertex 39.7957 -8.91067 17.7968
      vertex 39.9799 -8.9794 17.7041
    endloop
  endfacet
  facet normal 0.402098 0.906882 0.126027
    outer loop
      vertex 39.0606 -8.3328 15.9843
      vertex 39.9799 -8.9794 17.7041
      vertex 40.1592 -9.04478 17.6025
    endloop
  endfacet
  facet normal 0.401941 0.906933 0.126158
    outer loop
      vertex 39.1567 -8.36782 15.9299
      vertex 40.1592 -9.04478 17.6025
      vertex 40.3334 -9.10664 17.4922
    endloop
  endfacet
  facet normal 0.402081 0.906888 0.126038
    outer loop
      vertex 39.25 -8.40096 15.8708
      vertex 40.3334 -9.10664 17.4922
      vertex 40.5019 -9.16485 17.3735
    endloop
  endfacet
  facet normal 0.401952 0.906928 0.126162
    outer loop
      vertex 39.3403 -8.43214 15.8072
      vertex 40.5019 -9.16485 17.3735
      vertex 40.584 -9.19232 17.3094
    endloop
  endfacet
  facet normal 0.401922 0.906939 0.126171
    outer loop
      vertex 40.1592 -9.04478 17.6025
      vertex 39.1567 -8.36782 15.9299
      vertex 39.0606 -8.3328 15.9843
    endloop
  endfacet
  facet normal 0.401935 0.906934 0.126169
    outer loop
      vertex 39.5571 -8.81918 17.8997
      vertex 38.439 -8.08815 16.2068
      vertex 38.3316 -8.04314 16.2254
    endloop
  endfacet
  facet normal 0.402166 0.906857 0.125984
    outer loop
      vertex 39.5571 -8.81918 17.8997
      vertex 38.5467 -8.13255 16.1826
      vertex 38.439 -8.08815 16.2068
    endloop
  endfacet
  facet normal 0.402184 0.906851 0.125971
    outer loop
      vertex 39.5571 -8.81918 17.8997
      vertex 38.6531 -8.17564 16.1531
      vertex 38.5467 -8.13255 16.1826
    endloop
  endfacet
  facet normal 0.401824 0.906978 0.126204
    outer loop
      vertex 39.5571 -8.81918 17.8997
      vertex 38.758 -8.2173 16.1185
      vertex 38.6531 -8.17564 16.1531
    endloop
  endfacet
  facet normal 0.402182 0.906848 0.125999
    outer loop
      vertex 39.5571 -8.81918 17.8997
      vertex 38.861 -8.25745 16.0787
      vertex 38.758 -8.2173 16.1185
    endloop
  endfacet
  facet normal 0.40221 0.906838 0.125986
    outer loop
      vertex 39.6073 -8.83875 17.8803
      vertex 38.861 -8.25745 16.0787
      vertex 39.5571 -8.81918 17.8997
    endloop
  endfacet
  facet normal 0.401851 0.906966 0.126208
    outer loop
      vertex 38.861 -8.25745 16.0787
      vertex 39.7957 -8.91067 17.7968
      vertex 38.962 -8.29598 16.034
    endloop
  endfacet
  facet normal 0.402154 0.906862 0.12599
    outer loop
      vertex 39.9799 -8.9794 17.7041
      vertex 39.0606 -8.3328 15.9843
      vertex 38.962 -8.29598 16.034
    endloop
  endfacet
  facet normal 0.402008 0.906912 0.126097
    outer loop
      vertex 40.3334 -9.10664 17.4922
      vertex 39.25 -8.40096 15.8708
      vertex 39.1567 -8.36782 15.9299
    endloop
  endfacet
  facet normal 0.401988 0.906916 0.12613
    outer loop
      vertex 40.5019 -9.16485 17.3735
      vertex 39.3403 -8.43214 15.8072
      vertex 39.25 -8.40096 15.8708
    endloop
  endfacet
  facet normal 0.401911 0.90694 0.126202
    outer loop
      vertex 40.584 -9.19232 17.3094
      vertex 39.4274 -8.46129 15.7393
      vertex 39.3403 -8.43214 15.8072
    endloop
  endfacet
  facet normal 0.402082 0.906886 0.126051
    outer loop
      vertex 40.584 -9.19232 17.3094
      vertex 39.511 -8.48832 15.6671
      vertex 39.4274 -8.46129 15.7393
    endloop
  endfacet
  facet normal 0.401949 0.90693 0.126157
    outer loop
      vertex 40.584 -9.19232 17.3094
      vertex 39.591 -8.51319 15.591
      vertex 39.511 -8.48832 15.6671
    endloop
  endfacet
  facet normal 0.402148 0.906861 0.126015
    outer loop
      vertex 40.584 -9.19232 17.3094
      vertex 39.6671 -8.53582 15.511
      vertex 39.591 -8.51319 15.591
    endloop
  endfacet
  facet normal 0.401805 0.906983 0.126234
    outer loop
      vertex 40.584 -9.19232 17.3094
      vertex 39.7393 -8.55617 15.4274
      vertex 39.6671 -8.53582 15.511
    endloop
  endfacet
  facet normal 0.402185 0.906845 0.126017
    outer loop
      vertex 40.584 -9.19232 17.3094
      vertex 39.8072 -8.57418 15.3403
      vertex 39.7393 -8.55617 15.4274
    endloop
  endfacet
  facet normal 0.401963 0.906927 0.12613
    outer loop
      vertex 40.584 -9.19232 17.3094
      vertex 39.8708 -8.58981 15.25
      vertex 39.8072 -8.57418 15.3403
    endloop
  endfacet
  facet normal 0.401977 0.906922 0.126124
    outer loop
      vertex 40.584 -9.19232 17.3094
      vertex 39.9299 -8.60303 15.1567
      vertex 39.8708 -8.58981 15.25
    endloop
  endfacet
  facet normal 0.402094 0.906877 0.126076
    outer loop
      vertex 40.584 -9.19232 17.3094
      vertex 39.9843 -8.61379 15.0606
      vertex 39.9299 -8.60303 15.1567
    endloop
  endfacet
  facet normal 0.401804 0.906991 0.126183
    outer loop
      vertex 40.584 -9.19232 17.3094
      vertex 40.034 -8.62209 14.962
      vertex 39.9843 -8.61379 15.0606
    endloop
  endfacet
  facet normal 0.402243 0.906816 0.126037
    outer loop
      vertex 40.584 -9.19232 17.3094
      vertex 40.0787 -8.62788 14.861
      vertex 40.034 -8.62209 14.962
    endloop
  endfacet
  facet normal 0.401757 0.907011 0.126183
    outer loop
      vertex 40.584 -9.19232 17.3094
      vertex 40.1185 -8.63118 14.758
      vertex 40.0787 -8.62788 14.861
    endloop
  endfacet
  facet normal 0.402041 0.906896 0.126105
    outer loop
      vertex 40.779 -8.77996 13.7222
      vertex 40.1185 -8.63118 14.758
      vertex 40.584 -9.19232 17.3094
    endloop
  endfacet
  facet normal 0.401637 0.907115 0.125817
    outer loop
      vertex 40.1185 -8.63118 14.758
      vertex 40.779 -8.77996 13.7222
      vertex 40.1531 -8.63195 14.6531
    endloop
  endfacet
  facet normal 0.402398 0.906697 0.126395
    outer loop
      vertex 40.1531 -8.63195 14.6531
      vertex 40.779 -8.77996 13.7222
      vertex 40.1826 -8.63021 14.5467
    endloop
  endfacet
  facet normal 0.402217 0.906798 0.126245
    outer loop
      vertex 40.1826 -8.63021 14.5467
      vertex 40.779 -8.77996 13.7222
      vertex 40.2068 -8.62595 14.439
    endloop
  endfacet
  facet normal 0.401556 0.907176 0.125636
    outer loop
      vertex 40.2068 -8.62595 14.439
      vertex 40.779 -8.77996 13.7222
      vertex 40.2256 -8.61919 14.3301
    endloop
  endfacet
  facet normal 0.402317 0.906726 0.126448
    outer loop
      vertex 40.2256 -8.61919 14.3301
      vertex 40.779 -8.77996 13.7222
      vertex 40.2392 -8.60994 14.2205
    endloop
  endfacet
  facet normal 0.402061 0.906886 0.126116
    outer loop
      vertex 40.2392 -8.60994 14.2205
      vertex 40.779 -8.77996 13.7222
      vertex 40.2473 -8.59822 14.1104
    endloop
  endfacet
  facet normal 0.402034 0.906904 0.126071
    outer loop
      vertex 40.2473 -8.59822 14.1104
      vertex 40.779 -8.77996 13.7222
      vertex 40.25 -8.58407 14
    endloop
  endfacet
  facet normal 0.402053 0.906889 0.126118
    outer loop
      vertex 40.25 -8.58407 14
      vertex 40.779 -8.77996 13.7222
      vertex 40.2473 -8.56752 13.8896
    endloop
  endfacet
  facet normal 0.402084 0.906856 0.126257
    outer loop
      vertex 40.2473 -8.56752 13.8896
      vertex 40.779 -8.77996 13.7222
      vertex 40.2392 -8.5486 13.7795
    endloop
  endfacet
  facet normal 0.402056 0.906965 0.12556
    outer loop
      vertex 40.2392 -8.5486 13.7795
      vertex 40.779 -8.77996 13.7222
      vertex 40.2321 -8.53752 13.7222
    endloop
  endfacet
  facet normal -0.949601 0 0.313461
    outer loop
      vertex -34.0455 -4.75879 12.5851
      vertex -33.9809 -5.82623 12.7808
      vertex -33.9809 -4.75158 12.7808
    endloop
  endfacet
  facet normal -0.949601 0 0.313461
    outer loop
      vertex -33.9809 -5.82623 12.7808
      vertex -34.0455 -4.75879 12.5851
      vertex -34.0455 -5.83347 12.5851
    endloop
  endfacet
  facet normal -0.999694 0 -0.0247377
    outer loop
      vertex -33.8 -5.87949 14
      vertex -33.8051 -4.82948 14.2061
      vertex -33.8 -4.7994 14
    endloop
  endfacet
  facet normal -0.999694 -0 -0.0247377
    outer loop
      vertex -33.8051 -4.82948 14.2061
      vertex -33.8 -5.87949 14
      vertex -33.8051 -5.90952 14.2061
    endloop
  endfacet
  facet normal -0.724115 0 -0.689679
    outer loop
      vertex -34.888 -6.6835 16.8205
      vertex -35.0302 -5.67918 16.9698
      vertex -34.888 -5.60397 16.8205
    endloop
  endfacet
  facet normal -0.724115 -0 -0.689679
    outer loop
      vertex -35.0302 -5.67918 16.9698
      vertex -34.888 -6.6835 16.8205
      vertex -35.0302 -6.75867 16.9698
    endloop
  endfacet
  facet normal -0.985311 0 -0.170768
    outer loop
      vertex -33.8455 -5.98099 14.6163
      vertex -33.8807 -4.94234 14.8194
      vertex -33.8455 -4.90103 14.6163
    endloop
  endfacet
  facet normal -0.985311 -0 -0.170768
    outer loop
      vertex -33.8807 -4.94234 14.8194
      vertex -33.8455 -5.98099 14.6163
      vertex -33.8807 -6.02226 14.8194
    endloop
  endfacet
  facet normal 0.689679 0 -0.724115
    outer loop
      vertex -40.9698 -8.21446 16.9698
      vertex -40.8205 -9.28329 17.112
      vertex -40.9698 -9.33821 16.9698
    endloop
  endfacet
  facet normal 0.689679 0 -0.724115
    outer loop
      vertex -40.8205 -9.28329 17.112
      vertex -40.9698 -8.21446 16.9698
      vertex -40.8205 -8.16808 17.112
    endloop
  endfacet
  facet normal 0.817519 0 -0.575902
    outer loop
      vertex -41.3735 -9.47478 16.5019
      vertex -41.4922 -8.38286 16.3334
      vertex -41.3735 -8.34713 16.5019
    endloop
  endfacet
  facet normal 0.817519 0 -0.575902
    outer loop
      vertex -41.4922 -8.38286 16.3334
      vertex -41.3735 -9.47478 16.5019
      vertex -41.4922 -9.51054 16.3334
    endloop
  endfacet
  facet normal -0.992441 0 -0.122721
    outer loop
      vertex -33.8202 -5.94338 14.4117
      vertex -33.8455 -4.90103 14.6163
      vertex -33.8202 -4.86338 14.4117
    endloop
  endfacet
  facet normal -0.992441 -0 -0.122721
    outer loop
      vertex -33.8455 -4.90103 14.6163
      vertex -33.8202 -5.94338 14.4117
      vertex -33.8455 -5.98099 14.6163
    endloop
  endfacet
  facet normal 0.997314 0 0.0732463
    outer loop
      vertex -42.1949 -8.37707 13.7939
      vertex -42.1798 -9.47237 13.5883
      vertex -42.1798 -8.34998 13.5883
    endloop
  endfacet
  facet normal 0.997279 -8.99164e-05 0.0737227
    outer loop
      vertex -42.1949 -8.37707 13.7939
      vertex -42.1897 -9.49 13.7222
      vertex -42.1798 -9.47237 13.5883
    endloop
  endfacet
  facet normal 0.99738 0 0.0723344
    outer loop
      vertex -42.1897 -9.49 13.7222
      vertex -42.1949 -8.37707 13.7939
      vertex -42.1949 -9.50286 13.7939
    endloop
  endfacet
  facet normal 0.35961 -4.59913e-05 -0.933103
    outer loop
      vertex -39.6073 -7.73726 17.8803
      vertex -39.4149 -8.76381 17.9545
      vertex -39.5571 -8.81918 17.8997
    endloop
  endfacet
  facet normal 0.360473 0 -0.93277
    outer loop
      vertex -39.6073 -7.73726 17.8803
      vertex -39.5571 -8.81918 17.8997
      vertex -39.6073 -8.83875 17.8803
    endloop
  endfacet
  facet normal 0.359824 0 -0.93302
    outer loop
      vertex -39.4149 -8.76381 17.9545
      vertex -39.6073 -7.73726 17.8803
      vertex -39.4149 -7.66234 17.9545
    endloop
  endfacet
  facet normal 0.219293 0 -0.975659
    outer loop
      vertex -39.0205 -7.50417 18.0741
      vertex -38.8194 -8.52273 18.1193
      vertex -39.0205 -8.60561 18.0741
    endloop
  endfacet
  facet normal 0.219293 0 -0.975659
    outer loop
      vertex -38.8194 -8.52273 18.1193
      vertex -39.0205 -7.50417 18.0741
      vertex -38.8194 -7.4213 18.1193
    endloop
  endfacet
  facet normal 0.266678 0 0.963786
    outer loop
      vertex -39.2192 -6.64597 9.98085
      vertex -39.0205 -7.64994 9.92587
      vertex -39.0205 -6.55282 9.92587
    endloop
  endfacet
  facet normal 0.266678 0 0.963786
    outer loop
      vertex -39.0205 -7.64994 9.92587
      vertex -39.2192 -6.64597 9.98085
      vertex -39.2192 -7.74308 9.98085
    endloop
  endfacet
  facet normal -0.963761 0 -0.266768
    outer loop
      vertex -33.9259 -6.06709 15.0205
      vertex -33.9809 -5.03553 15.2192
      vertex -33.9259 -4.98721 15.0205
    endloop
  endfacet
  facet normal -0.963761 -0 -0.266768
    outer loop
      vertex -33.9809 -5.03553 15.2192
      vertex -33.9259 -6.06709 15.0205
      vertex -33.9809 -6.11537 15.2192
    endloop
  endfacet
  facet normal -0.359824 -0 -0.93302
    outer loop
      vertex -36.5851 -6.41333 17.9545
      vertex -36.3927 -7.41384 17.8803
      vertex -36.5851 -7.50941 17.9545
    endloop
  endfacet
  facet normal -0.359824 0 -0.93302
    outer loop
      vertex -36.3927 -7.41384 17.8803
      vertex -36.5851 -6.41333 17.9545
      vertex -36.3927 -6.32902 17.8803
    endloop
  endfacet
  facet normal 0.493 0 0.870029
    outer loop
      vertex -40.1592 -7.10119 10.3975
      vertex -39.9799 -8.10936 10.2959
      vertex -39.9799 -7.01229 10.2959
    endloop
  endfacet
  facet normal 0.493 0 0.870029
    outer loop
      vertex -39.9799 -8.10936 10.2959
      vertex -40.1592 -7.10119 10.3975
      vertex -40.1592 -8.19825 10.3975
    endloop
  endfacet
  facet normal -0.53496 0 0.844878
    outer loop
      vertex -35.8408 -5.25309 10.3975
      vertex -35.6666 -6.27086 10.5078
      vertex -35.6666 -5.1959 10.5078
    endloop
  endfacet
  facet normal -0.53496 0 0.844878
    outer loop
      vertex -35.6666 -6.27086 10.5078
      vertex -35.8408 -5.25309 10.3975
      vertex -35.8408 -6.32807 10.3975
    endloop
  endfacet
  facet normal -0.0735358 0 0.997293
    outer loop
      vertex -37.7939 -5.99793 9.80506
      vertex -37.5883 -7.00534 9.82022
      vertex -37.5883 -5.9082 9.82022
    endloop
  endfacet
  facet normal -0.0735358 0 0.997293
    outer loop
      vertex -37.5883 -7.00534 9.82022
      vertex -37.7939 -5.99793 9.80506
      vertex -37.7939 -7.09507 9.80506
    endloop
  endfacet
  facet normal -0.844878 0 -0.53496
    outer loop
      vertex -34.3975 -6.40419 16.1592
      vertex -34.5078 -5.39085 16.3334
      vertex -34.3975 -5.32454 16.1592
    endloop
  endfacet
  facet normal -0.844314 0.000214092 -0.535848
    outer loop
      vertex -34.4154 -6.41492 16.1874
      vertex -34.5078 -5.39085 16.3334
      vertex -34.3975 -6.40419 16.1592
    endloop
  endfacet
  facet normal -0.844993 -0 -0.534777
    outer loop
      vertex -34.5078 -5.39085 16.3334
      vertex -34.4154 -6.41492 16.1874
      vertex -34.5078 -6.47047 16.3334
    endloop
  endfacet
  facet normal 0.615394 3.63421e-05 -0.788219
    outer loop
      vertex -40.6645 -8.11764 17.2466
      vertex -40.5019 -9.16485 17.3735
      vertex -40.584 -9.19232 17.3094
    endloop
  endfacet
  facet normal 0.615093 0 -0.788455
    outer loop
      vertex -40.6645 -8.11764 17.2466
      vertex -40.584 -9.19232 17.3094
      vertex -40.6645 -9.22388 17.2466
    endloop
  endfacet
  facet normal 0.615249 0 -0.788333
    outer loop
      vertex -40.5019 -9.16485 17.3735
      vertex -40.6645 -8.11764 17.2466
      vertex -40.5019 -8.06326 17.3735
    endloop
  endfacet
  facet normal 0.870029 0 0.493
    outer loop
      vertex -41.7041 -7.96212 12.0201
      vertex -41.6025 -9.01663 11.8408
      vertex -41.6025 -7.894 11.8408
    endloop
  endfacet
  facet normal 0.870029 0 0.493
    outer loop
      vertex -41.6025 -9.01663 11.8408
      vertex -41.7041 -7.96212 12.0201
      vertex -41.7041 -9.08473 12.0201
    endloop
  endfacet
  facet normal -0.992441 0 0.122721
    outer loop
      vertex -33.8455 -5.82855 13.3837
      vertex -33.8202 -4.76278 13.5883
      vertex -33.8455 -4.75398 13.3837
    endloop
  endfacet
  facet normal -0.992441 0 0.122721
    outer loop
      vertex -33.8202 -4.76278 13.5883
      vertex -33.8455 -5.82855 13.3837
      vertex -33.8202 -5.83733 13.5883
    endloop
  endfacet
  facet normal 0.170768 0 -0.985311
    outer loop
      vertex -38.8194 -7.4213 18.1193
      vertex -38.6163 -8.4376 18.1545
      vertex -38.8194 -8.52273 18.1193
    endloop
  endfacet
  facet normal 0.170768 0 -0.985311
    outer loop
      vertex -38.6163 -8.4376 18.1545
      vertex -38.8194 -7.4213 18.1193
      vertex -38.6163 -7.33617 18.1545
    endloop
  endfacet
  facet normal -0.266678 0 0.963786
    outer loop
      vertex -36.9795 -5.64961 9.92587
      vertex -36.7808 -6.66222 9.98085
      vertex -36.7808 -5.57795 9.98085
    endloop
  endfacet
  facet normal -0.266678 0 0.963786
    outer loop
      vertex -36.7808 -6.66222 9.98085
      vertex -36.9795 -5.64961 9.92587
      vertex -36.9795 -6.74521 9.92587
    endloop
  endfacet
  facet normal -0.653266 -0 -0.757128
    outer loop
      vertex -35.3355 -5.83475 17.2466
      vertex -35.1795 -6.83563 17.112
      vertex -35.3355 -6.91419 17.2466
    endloop
  endfacet
  facet normal -0.653266 0 -0.757128
    outer loop
      vertex -35.1795 -6.83563 17.112
      vertex -35.3355 -5.83475 17.2466
      vertex -35.1795 -5.75617 17.112
    endloop
  endfacet
  facet normal -0.975659 0 -0.219293
    outer loop
      vertex -33.8807 -6.02226 14.8194
      vertex -33.9259 -4.98721 15.0205
      vertex -33.8807 -4.94234 14.8194
    endloop
  endfacet
  facet normal -0.975659 -0 -0.219293
    outer loop
      vertex -33.9259 -4.98721 15.0205
      vertex -33.8807 -6.02226 14.8194
      vertex -33.9259 -6.06709 15.0205
    endloop
  endfacet
  facet normal -0.266768 -0 -0.963761
    outer loop
      vertex -36.9795 -6.59944 18.0741
      vertex -36.7808 -7.60517 18.0191
      vertex -36.9795 -7.70088 18.0741
    endloop
  endfacet
  facet normal -0.266768 0 -0.963761
    outer loop
      vertex -36.7808 -7.60517 18.0191
      vertex -36.9795 -6.59944 18.0741
      vertex -36.7808 -6.50371 18.0191
    endloop
  endfacet
  facet normal 0.914231 0 -0.405193
    outer loop
      vertex -41.7968 -9.58733 15.7957
      vertex -41.8803 -8.47472 15.6073
      vertex -41.7968 -8.45954 15.7957
    endloop
  endfacet
  facet normal 0.914231 0 -0.405193
    outer loop
      vertex -41.8803 -8.47472 15.6073
      vertex -41.7968 -9.58733 15.7957
      vertex -41.8803 -9.60256 15.6073
    endloop
  endfacet
  facet normal -0.0245438 0 0.999699
    outer loop
      vertex -38 -6.08881 9.8
      vertex -37.7939 -7.09507 9.80506
      vertex -37.7939 -5.99793 9.80506
    endloop
  endfacet
  facet normal -0.0245438 0 0.999699
    outer loop
      vertex -37.7939 -7.09507 9.80506
      vertex -38 -6.08881 9.8
      vertex -38 -7.18595 9.8
    endloop
  endfacet
  facet normal 0.575902 0 -0.817519
    outer loop
      vertex -40.5019 -8.06326 17.3735
      vertex -40.3334 -9.10664 17.4922
      vertex -40.5019 -9.16485 17.3735
    endloop
  endfacet
  facet normal 0.575902 0 -0.817519
    outer loop
      vertex -40.3334 -9.10664 17.4922
      vertex -40.5019 -8.06326 17.3735
      vertex -40.3334 -8.00508 17.4922
    endloop
  endfacet
  facet normal -0.844878 0 0.53496
    outer loop
      vertex -34.5078 -4.8539 11.6666
      vertex -34.3975 -5.90192 11.8408
      vertex -34.3975 -4.82714 11.8408
    endloop
  endfacet
  facet normal -0.844878 0 0.53496
    outer loop
      vertex -34.3975 -5.90192 11.8408
      vertex -34.5078 -4.8539 11.6666
      vertex -34.5078 -5.92871 11.6666
    endloop
  endfacet
  facet normal -0.615249 0 0.788333
    outer loop
      vertex -35.4981 -5.14165 10.6265
      vertex -35.3355 -6.16537 10.7534
      vertex -35.3355 -5.09045 10.7534
    endloop
  endfacet
  facet normal -0.615249 0 0.788333
    outer loop
      vertex -35.3355 -6.16537 10.7534
      vertex -35.4981 -5.14165 10.6265
      vertex -35.4981 -6.21659 10.6265
    endloop
  endfacet
  facet normal 0.0245407 0 0.999699
    outer loop
      vertex -38.1715 -6.16522 9.80421
      vertex -38 -7.18595 9.8
      vertex -38 -6.08881 9.8
    endloop
  endfacet
  facet normal 0.0245578 2.87057e-06 0.999698
    outer loop
      vertex -38.2061 -6.18063 9.80506
      vertex -38 -7.18595 9.8
      vertex -38.1715 -6.16522 9.80421
    endloop
  endfacet
  facet normal 0.0245438 0 0.999699
    outer loop
      vertex -38 -7.18595 9.8
      vertex -38.2061 -6.18063 9.80506
      vertex -38.2061 -7.27777 9.80506
    endloop
  endfacet
  facet normal -0.89326 0 -0.44954
    outer loop
      vertex -34.2032 -6.27972 15.7957
      vertex -34.2959 -5.26087 15.9799
      vertex -34.2032 -5.19999 15.7957
    endloop
  endfacet
  facet normal -0.89326 -0 -0.44954
    outer loop
      vertex -34.2959 -5.26087 15.9799
      vertex -34.2032 -6.27972 15.7957
      vertex -34.2959 -6.34056 15.9799
    endloop
  endfacet
  facet normal -0.493 -0 -0.870029
    outer loop
      vertex -36.0201 -6.16125 17.7041
      vertex -35.8408 -7.15756 17.6025
      vertex -36.0201 -7.24059 17.7041
    endloop
  endfacet
  facet normal -0.493 0 -0.870029
    outer loop
      vertex -35.8408 -7.15756 17.6025
      vertex -36.0201 -6.16125 17.7041
      vertex -35.8408 -6.07819 17.6025
    endloop
  endfacet
  facet normal 0.757128 0 0.653266
    outer loop
      vertex -41.2466 -7.66994 11.3355
      vertex -41.112 -8.70726 11.1795
      vertex -41.112 -7.59582 11.1795
    endloop
  endfacet
  facet normal 0.757128 0 0.653266
    outer loop
      vertex -41.112 -8.70726 11.1795
      vertex -41.2466 -7.66994 11.3355
      vertex -41.2466 -8.78979 11.3355
    endloop
  endfacet
  facet normal -0.0247377 -0 -0.999694
    outer loop
      vertex -38 -7.06933 18.2
      vertex -37.7939 -8.07869 18.1949
      vertex -38 -8.17075 18.2
    endloop
  endfacet
  facet normal -0.0247377 0 -0.999694
    outer loop
      vertex -37.7939 -8.07869 18.1949
      vertex -38 -7.06933 18.2
      vertex -37.7939 -6.97728 18.1949
    endloop
  endfacet
  facet normal -0.359824 0 0.93302
    outer loop
      vertex -36.5851 -5.50831 10.0455
      vertex -36.3927 -6.51585 10.1197
      vertex -36.3927 -5.44084 10.1197
    endloop
  endfacet
  facet normal -0.359824 0 0.93302
    outer loop
      vertex -36.3927 -6.51585 10.1197
      vertex -36.5851 -5.50831 10.0455
      vertex -36.5851 -6.58332 10.0455
    endloop
  endfacet
  facet normal -0.999671 0 0.0256326
    outer loop
      vertex -33.8051 -5.85336 13.7939
      vertex -33.8038 -4.77967 13.8446
      vertex -33.8051 -4.77556 13.7939
    endloop
  endfacet
  facet normal -0.999701 5.57468e-05 0.0244528
    outer loop
      vertex -33.8038 -4.77967 13.8446
      vertex -33.8051 -5.85336 13.7939
      vertex -33.8 -4.7994 14
    endloop
  endfacet
  facet normal -0.999694 0 0.0247377
    outer loop
      vertex -33.8 -4.7994 14
      vertex -33.8051 -5.85336 13.7939
      vertex -33.8 -5.87949 14
    endloop
  endfacet
  facet normal -0.313679 0 0.949529
    outer loop
      vertex -36.7808 -5.57795 9.98085
      vertex -36.5851 -6.58332 10.0455
      vertex -36.5851 -5.50831 10.0455
    endloop
  endfacet
  facet normal -0.312869 0.000174849 0.949796
    outer loop
      vertex -36.5851 -6.58332 10.0455
      vertex -36.7808 -5.57795 9.98085
      vertex -36.6185 -6.59521 10.0345
    endloop
  endfacet
  facet normal -0.313857 0 0.94947
    outer loop
      vertex -36.6185 -6.59521 10.0345
      vertex -36.7808 -5.57795 9.98085
      vertex -36.7808 -6.66222 9.98085
    endloop
  endfacet
  facet normal -0.40466 0.000120696 -0.914467
    outer loop
      vertex -36.3927 -6.32902 17.8803
      vertex -36.2043 -7.32425 17.7968
      vertex -36.299 -7.3665 17.8387
    endloop
  endfacet
  facet normal -0.405776 -0 -0.913972
    outer loop
      vertex -36.3927 -6.32902 17.8803
      vertex -36.299 -7.3665 17.8387
      vertex -36.3927 -7.41384 17.8803
    endloop
  endfacet
  facet normal -0.405193 0 -0.914231
    outer loop
      vertex -36.2043 -7.32425 17.7968
      vertex -36.3927 -6.32902 17.8803
      vertex -36.2043 -6.24492 17.7968
    endloop
  endfacet
  facet normal 0.985311 0 0.170768
    outer loop
      vertex -42.1545 -8.31792 13.3837
      vertex -42.1193 -9.4034 13.1806
      vertex -42.1193 -8.28096 13.1806
    endloop
  endfacet
  facet normal 0.985311 0 0.170768
    outer loop
      vertex -42.1193 -9.4034 13.1806
      vertex -42.1545 -8.31792 13.3837
      vertex -42.1545 -9.44034 13.3837
    endloop
  endfacet
  facet normal -0.575902 0 0.817519
    outer loop
      vertex -35.6666 -5.1959 10.5078
      vertex -35.4981 -6.21659 10.6265
      vertex -35.4981 -5.14165 10.6265
    endloop
  endfacet
  facet normal -0.575902 0 0.817519
    outer loop
      vertex -35.4981 -6.21659 10.6265
      vertex -35.6666 -5.1959 10.5078
      vertex -35.6666 -6.27086 10.5078
    endloop
  endfacet
  facet normal 0.170956 0 0.985279
    outer loop
      vertex -38.8194 -6.45948 9.8807
      vertex -38.6163 -7.46332 9.84546
      vertex -38.6163 -6.36619 9.84546
    endloop
  endfacet
  facet normal 0.170956 0 0.985279
    outer loop
      vertex -38.6163 -7.46332 9.84546
      vertex -38.8194 -6.45948 9.8807
      vertex -38.8194 -7.55661 9.8807
    endloop
  endfacet
  facet normal -0.405193 0 0.914231
    outer loop
      vertex -36.3927 -5.44084 10.1197
      vertex -36.2043 -6.45071 10.2032
      vertex -36.2043 -5.37571 10.2032
    endloop
  endfacet
  facet normal -0.405193 0 0.914231
    outer loop
      vertex -36.2043 -6.45071 10.2032
      vertex -36.3927 -5.44084 10.1197
      vertex -36.3927 -6.51585 10.1197
    endloop
  endfacet
  facet normal 0.723332 0 -0.6905
    outer loop
      vertex -40.9698 -9.33821 16.9698
      vertex -41.0371 -8.23442 16.8993
      vertex -40.9698 -8.21446 16.9698
    endloop
  endfacet
  facet normal 0.724784 0.000185912 -0.688976
    outer loop
      vertex -41.0371 -8.23442 16.8993
      vertex -40.9698 -9.33821 16.9698
      vertex -41.112 -8.26093 16.8205
    endloop
  endfacet
  facet normal 0.724115 0 -0.689679
    outer loop
      vertex -41.112 -8.26093 16.8205
      vertex -40.9698 -9.33821 16.9698
      vertex -41.112 -9.38851 16.8205
    endloop
  endfacet
  facet normal 0.964222 0 -0.265096
    outer loop
      vertex -42.0639 -8.48878 15.0576
      vertex -42.0741 -9.61662 15.0205
      vertex -42.0741 -8.48866 15.0205
    endloop
  endfacet
  facet normal 0.963654 0 -0.267152
    outer loop
      vertex -42.0191 -9.61722 15.2192
      vertex -42.0639 -8.48878 15.0576
      vertex -42.0191 -8.4893 15.2192
    endloop
  endfacet
  facet normal 0.963761 5.91697e-05 -0.266768
    outer loop
      vertex -42.0639 -8.48878 15.0576
      vertex -42.0191 -9.61722 15.2192
      vertex -42.0741 -9.61662 15.0205
    endloop
  endfacet
  facet normal -0.170768 -0 -0.985311
    outer loop
      vertex -37.3837 -6.78983 18.1545
      vertex -37.1806 -7.79632 18.1193
      vertex -37.3837 -7.89125 18.1545
    endloop
  endfacet
  facet normal -0.170768 0 -0.985311
    outer loop
      vertex -37.1806 -7.79632 18.1193
      vertex -37.3837 -6.78983 18.1545
      vertex -37.1806 -6.69489 18.1193
    endloop
  endfacet
  facet normal 0.788333 0 -0.615249
    outer loop
      vertex -41.2466 -9.43407 16.6645
      vertex -41.3735 -8.34713 16.5019
      vertex -41.2466 -8.30645 16.6645
    endloop
  endfacet
  facet normal 0.788333 0 -0.615249
    outer loop
      vertex -41.3735 -8.34713 16.5019
      vertex -41.2466 -9.43407 16.6645
      vertex -41.3735 -9.47478 16.5019
    endloop
  endfacet
  facet normal -0.44954 -0 -0.89326
    outer loop
      vertex -36.2043 -6.24492 17.7968
      vertex -36.0201 -7.24059 17.7041
      vertex -36.2043 -7.32425 17.7968
    endloop
  endfacet
  facet normal -0.44954 0 -0.89326
    outer loop
      vertex -36.0201 -7.24059 17.7041
      vertex -36.2043 -6.24492 17.7968
      vertex -36.0201 -6.16125 17.7041
    endloop
  endfacet
  facet normal -0.997314 0 -0.0732463
    outer loop
      vertex -33.8051 -5.90952 14.2061
      vertex -33.8202 -4.86338 14.4117
      vertex -33.8051 -4.82948 14.2061
    endloop
  endfacet
  facet normal -0.997314 -0 -0.0732463
    outer loop
      vertex -33.8202 -4.86338 14.4117
      vertex -33.8051 -5.90952 14.2061
      vertex -33.8202 -5.94338 14.4117
    endloop
  endfacet
  facet normal 0.963765 3.24296e-06 0.266752
    outer loop
      vertex -42.0191 -9.31521 12.7808
      vertex -42.0294 -8.20141 12.818
      vertex -42.0741 -8.23919 12.9795
    endloop
  endfacet
  facet normal 0.96374 0 0.266842
    outer loop
      vertex -42.0294 -8.20141 12.818
      vertex -42.0191 -9.31521 12.7808
      vertex -42.0191 -8.19271 12.7808
    endloop
  endfacet
  facet normal 0.963761 0 0.266768
    outer loop
      vertex -42.0191 -9.31521 12.7808
      vertex -42.0741 -8.23919 12.9795
      vertex -42.0741 -9.36166 12.9795
    endloop
  endfacet
  facet normal 0.493 0 -0.870029
    outer loop
      vertex -40.1592 -7.94324 17.6025
      vertex -39.9799 -8.9794 17.7041
      vertex -40.1592 -9.04478 17.6025
    endloop
  endfacet
  facet normal 0.493 0 -0.870029
    outer loop
      vertex -39.9799 -8.9794 17.7041
      vertex -40.1592 -7.94324 17.6025
      vertex -39.9799 -7.87788 17.7041
    endloop
  endfacet
  facet normal 0.0732463 0 -0.997314
    outer loop
      vertex -38.4117 -7.249 18.1798
      vertex -38.2061 -8.2614 18.1949
      vertex -38.4117 -8.35042 18.1798
    endloop
  endfacet
  facet normal 0.0732463 0 -0.997314
    outer loop
      vertex -38.2061 -8.2614 18.1949
      vertex -38.4117 -7.249 18.1798
      vertex -38.2061 -7.15998 18.1949
    endloop
  endfacet
  facet normal -0.788333 0 0.615249
    outer loop
      vertex -34.7534 -4.91862 11.3355
      vertex -34.6265 -5.95925 11.4981
      vertex -34.6265 -4.88442 11.4981
    endloop
  endfacet
  facet normal -0.788178 4.98913e-05 0.615447
    outer loop
      vertex -34.7534 -4.91862 11.3355
      vertex -34.7081 -5.98125 11.3936
      vertex -34.6265 -5.95925 11.4981
    endloop
  endfacet
  facet normal -0.788621 0 0.61488
    outer loop
      vertex -34.7081 -5.98125 11.3936
      vertex -34.7534 -4.91862 11.3355
      vertex -34.7534 -5.99347 11.3355
    endloop
  endfacet
  facet normal 0.405259 0 -0.914202
    outer loop
      vertex -39.6073 -8.83875 17.8803
      vertex -39.781 -7.80354 17.8033
      vertex -39.6073 -7.73726 17.8803
    endloop
  endfacet
  facet normal 0.405193 0 -0.914231
    outer loop
      vertex -39.7957 -7.80917 17.7968
      vertex -39.6073 -8.83875 17.8803
      vertex -39.7957 -8.91067 17.7968
    endloop
  endfacet
  facet normal 0.404457 -0.000160939 -0.914557
    outer loop
      vertex -39.6073 -8.83875 17.8803
      vertex -39.7957 -7.80917 17.7968
      vertex -39.781 -7.80354 17.8033
    endloop
  endfacet
  facet normal -0.724115 0 0.689679
    outer loop
      vertex -35.0302 -4.99772 11.0302
      vertex -34.888 -6.03129 11.1795
      vertex -34.888 -4.95642 11.1795
    endloop
  endfacet
  facet normal -0.724115 0 0.689679
    outer loop
      vertex -34.888 -6.03129 11.1795
      vertex -35.0302 -4.99772 11.0302
      vertex -35.0302 -6.07261 11.0302
    endloop
  endfacet
  facet normal -0.757137 -2.60188e-06 0.653256
    outer loop
      vertex -34.7534 -5.99347 11.3355
      vertex -34.8553 -4.94722 11.2174
      vertex -34.888 -4.95642 11.1795
    endloop
  endfacet
  facet normal -0.757126 0 0.653269
    outer loop
      vertex -34.8553 -4.94722 11.2174
      vertex -34.7534 -5.99347 11.3355
      vertex -34.7534 -4.91862 11.3355
    endloop
  endfacet
  facet normal -0.757128 0 0.653266
    outer loop
      vertex -34.7534 -5.99347 11.3355
      vertex -34.888 -4.95642 11.1795
      vertex -34.888 -6.03129 11.1795
    endloop
  endfacet
  facet normal 0.844878 0 -0.53496
    outer loop
      vertex -41.4922 -9.51054 16.3334
      vertex -41.6025 -8.41355 16.1592
      vertex -41.4922 -8.38286 16.3334
    endloop
  endfacet
  facet normal 0.844878 0 -0.53496
    outer loop
      vertex -41.6025 -8.41355 16.1592
      vertex -41.4922 -9.51054 16.3334
      vertex -41.6025 -9.54127 16.1592
    endloop
  endfacet
  facet normal 0.0735358 0 0.997293
    outer loop
      vertex -38.4117 -6.27317 9.82022
      vertex -38.2061 -7.27777 9.80506
      vertex -38.2061 -6.18063 9.80506
    endloop
  endfacet
  facet normal 0.0735358 0 0.997293
    outer loop
      vertex -38.2061 -7.27777 9.80506
      vertex -38.4117 -6.27317 9.82022
      vertex -38.4117 -7.3703 9.82022
    endloop
  endfacet
  facet normal 0.89326 0 0.44954
    outer loop
      vertex -41.7968 -8.0262 12.2043
      vertex -41.7041 -9.08473 12.0201
      vertex -41.7041 -7.96212 12.0201
    endloop
  endfacet
  facet normal 0.89326 0 0.44954
    outer loop
      vertex -41.7041 -9.08473 12.0201
      vertex -41.7968 -8.0262 12.2043
      vertex -41.7968 -9.14878 12.2043
    endloop
  endfacet
  facet normal -0.817519 0 -0.575902
    outer loop
      vertex -34.5078 -6.47047 16.3334
      vertex -34.6265 -5.45964 16.5019
      vertex -34.5078 -5.39085 16.3334
    endloop
  endfacet
  facet normal -0.817519 -0 -0.575902
    outer loop
      vertex -34.6265 -5.45964 16.5019
      vertex -34.5078 -6.47047 16.3334
      vertex -34.6265 -6.53922 16.5019
    endloop
  endfacet
  facet normal 0.575902 0 0.817519
    outer loop
      vertex -40.5019 -7.27427 10.6265
      vertex -40.3334 -8.28563 10.5078
      vertex -40.3334 -7.18859 10.5078
    endloop
  endfacet
  facet normal 0.575902 0 0.817519
    outer loop
      vertex -40.3334 -8.28563 10.5078
      vertex -40.5019 -7.27427 10.6265
      vertex -40.5019 -8.3713 10.6265
    endloop
  endfacet
  facet normal 0.997314 0 -0.0732463
    outer loop
      vertex -42.1798 -8.45506 14.4117
      vertex -42.1949 -9.56152 14.2061
      vertex -42.1949 -8.43339 14.2061
    endloop
  endfacet
  facet normal 0.997314 0 -0.0732463
    outer loop
      vertex -42.1949 -9.56152 14.2061
      vertex -42.1798 -8.45506 14.4117
      vertex -42.1798 -9.58315 14.4117
    endloop
  endfacet
  facet normal -0.615249 -0 -0.788333
    outer loop
      vertex -35.4981 -5.91475 17.3735
      vertex -35.3355 -6.91419 17.2466
      vertex -35.4981 -6.99416 17.3735
    endloop
  endfacet
  facet normal -0.615249 0 -0.788333
    outer loop
      vertex -35.3355 -6.91419 17.2466
      vertex -35.4981 -5.91475 17.3735
      vertex -35.3355 -5.83475 17.2466
    endloop
  endfacet
  facet normal -0.93302 0 -0.359824
    outer loop
      vertex -34.0455 -6.16699 15.4149
      vertex -34.1197 -5.14205 15.6073
      vertex -34.0455 -5.08719 15.4149
    endloop
  endfacet
  facet normal -0.93302 -0 -0.359824
    outer loop
      vertex -34.1197 -5.14205 15.6073
      vertex -34.0455 -6.16699 15.4149
      vertex -34.1197 -6.22181 15.6073
    endloop
  endfacet
  facet normal 0.653266 0 -0.757128
    outer loop
      vertex -40.8205 -8.16808 17.112
      vertex -40.6645 -9.22388 17.2466
      vertex -40.8205 -9.28329 17.112
    endloop
  endfacet
  facet normal 0.653266 0 -0.757128
    outer loop
      vertex -40.6645 -9.22388 17.2466
      vertex -40.8205 -8.16808 17.112
      vertex -40.6645 -8.11764 17.2466
    endloop
  endfacet
  facet normal -0.53496 -0 -0.844878
    outer loop
      vertex -35.8408 -6.07819 17.6025
      vertex -35.6666 -7.07535 17.4922
      vertex -35.8408 -7.15756 17.6025
    endloop
  endfacet
  facet normal -0.53496 0 -0.844878
    outer loop
      vertex -35.6666 -7.07535 17.4922
      vertex -35.8408 -6.07819 17.6025
      vertex -35.6666 -5.99596 17.4922
    endloop
  endfacet
  facet normal -0.784883 0 -0.619644
    outer loop
      vertex -34.6265 -6.53922 16.5019
      vertex -34.628 -5.46043 16.5038
      vertex -34.6265 -5.45964 16.5019
    endloop
  endfacet
  facet normal -0.788371 -1.26779e-05 -0.6152
    outer loop
      vertex -34.6265 -6.53922 16.5019
      vertex -34.7534 -5.53073 16.6645
      vertex -34.628 -5.46043 16.5038
    endloop
  endfacet
  facet normal -0.788333 -0 -0.615249
    outer loop
      vertex -34.7534 -5.53073 16.6645
      vertex -34.6265 -6.53922 16.5019
      vertex -34.7534 -6.61029 16.6645
    endloop
  endfacet
  facet normal 0.999701 5.3371e-05 0.024454
    outer loop
      vertex -42.1949 -9.50286 13.7939
      vertex -42.1962 -8.3825 13.8446
      vertex -42.2 -8.40656 14
    endloop
  endfacet
  facet normal 0.999671 0 0.0256326
    outer loop
      vertex -42.1962 -8.3825 13.8446
      vertex -42.1949 -9.50286 13.7939
      vertex -42.1949 -8.37707 13.7939
    endloop
  endfacet
  facet normal 0.999694 0 0.0247377
    outer loop
      vertex -42.1949 -9.50286 13.7939
      vertex -42.2 -8.40656 14
      vertex -42.2 -9.53474 14
    endloop
  endfacet
  facet normal -0.997314 0 0.0732463
    outer loop
      vertex -33.8202 -5.83733 13.5883
      vertex -33.8051 -4.77556 13.7939
      vertex -33.8202 -4.76278 13.5883
    endloop
  endfacet
  facet normal -0.997278 -9.3921e-05 0.0737287
    outer loop
      vertex -33.8103 -5.84563 13.7222
      vertex -33.8051 -4.77556 13.7939
      vertex -33.8202 -5.83733 13.5883
    endloop
  endfacet
  facet normal -0.99738 0 0.0723344
    outer loop
      vertex -33.8051 -4.77556 13.7939
      vertex -33.8103 -5.84563 13.7222
      vertex -33.8051 -5.85336 13.7939
    endloop
  endfacet
  facet normal -0.914231 0 0.405193
    outer loop
      vertex -34.2032 -4.78513 12.2043
      vertex -34.1197 -5.84469 12.3927
      vertex -34.1197 -4.76998 12.3927
    endloop
  endfacet
  facet normal -0.914231 0 0.405193
    outer loop
      vertex -34.1197 -5.84469 12.3927
      vertex -34.2032 -4.78513 12.2043
      vertex -34.2032 -5.85986 12.2043
    endloop
  endfacet
  facet normal -0.949601 0 -0.313461
    outer loop
      vertex -33.9809 -6.11537 15.2192
      vertex -34.0455 -5.08719 15.4149
      vertex -33.9809 -5.03553 15.2192
    endloop
  endfacet
  facet normal -0.949601 -0 -0.313461
    outer loop
      vertex -34.0455 -5.08719 15.4149
      vertex -33.9809 -6.11537 15.2192
      vertex -34.0455 -6.16699 15.4149
    endloop
  endfacet
  facet normal -0.914231 0 -0.405193
    outer loop
      vertex -34.1197 -6.22181 15.6073
      vertex -34.2032 -5.19999 15.7957
      vertex -34.1197 -5.14205 15.6073
    endloop
  endfacet
  facet normal -0.914231 -0 -0.405193
    outer loop
      vertex -34.2032 -5.19999 15.7957
      vertex -34.1197 -6.22181 15.6073
      vertex -34.2032 -6.27972 15.7957
    endloop
  endfacet
  facet normal -0.870029 0 -0.493
    outer loop
      vertex -34.2959 -6.34056 15.9799
      vertex -34.3975 -5.32454 16.1592
      vertex -34.2959 -5.26087 15.9799
    endloop
  endfacet
  facet normal -0.870029 -0 -0.493
    outer loop
      vertex -34.3975 -5.32454 16.1592
      vertex -34.2959 -6.34056 15.9799
      vertex -34.3975 -6.40419 16.1592
    endloop
  endfacet
  facet normal -0.122435 0 0.992477
    outer loop
      vertex -37.5883 -5.9082 9.82022
      vertex -37.3837 -6.91698 9.84546
      vertex -37.3837 -5.81985 9.84546
    endloop
  endfacet
  facet normal -0.122435 0 0.992477
    outer loop
      vertex -37.3837 -6.91698 9.84546
      vertex -37.5883 -5.9082 9.82022
      vertex -37.5883 -7.00534 9.82022
    endloop
  endfacet
  facet normal -0.219338 0 0.975649
    outer loop
      vertex -37.0061 -5.65934 9.91989
      vertex -36.9795 -6.74521 9.92587
      vertex -36.9795 -5.64961 9.92587
    endloop
  endfacet
  facet normal -0.219129 5.38187e-06 0.975696
    outer loop
      vertex -37.1806 -5.73307 9.8807
      vertex -36.9795 -6.74521 9.92587
      vertex -37.0061 -5.65934 9.91989
    endloop
  endfacet
  facet normal -0.219154 0 0.97569
    outer loop
      vertex -36.9795 -6.74521 9.92587
      vertex -37.1806 -5.73307 9.8807
      vertex -37.1806 -6.8302 9.8807
    endloop
  endfacet
  facet normal 0.44954 0 0.89326
    outer loop
      vertex -39.9799 -7.01229 10.2959
      vertex -39.7957 -8.01918 10.2032
      vertex -39.7957 -6.92209 10.2032
    endloop
  endfacet
  facet normal 0.44954 0 0.89326
    outer loop
      vertex -39.7957 -8.01918 10.2032
      vertex -39.9799 -7.01229 10.2959
      vertex -39.9799 -8.10936 10.2959
    endloop
  endfacet
  facet normal -0.0732463 -0 -0.997314
    outer loop
      vertex -37.7939 -6.97728 18.1949
      vertex -37.5883 -7.98545 18.1798
      vertex -37.7939 -8.07869 18.1949
    endloop
  endfacet
  facet normal -0.0732463 0 -0.997314
    outer loop
      vertex -37.5883 -7.98545 18.1798
      vertex -37.7939 -6.97728 18.1949
      vertex -37.5883 -6.88403 18.1798
    endloop
  endfacet
  facet normal 0.0247377 0 -0.999694
    outer loop
      vertex -38.2061 -7.15998 18.1949
      vertex -38 -8.17075 18.2
      vertex -38.2061 -8.2614 18.1949
    endloop
  endfacet
  facet normal 0.0247377 0 -0.999694
    outer loop
      vertex -38 -8.17075 18.2
      vertex -38.2061 -7.15998 18.1949
      vertex -38 -7.06933 18.2
    endloop
  endfacet
  facet normal 0.89326 0 -0.44954
    outer loop
      vertex -41.7041 -9.56689 15.9799
      vertex -41.7968 -8.45954 15.7957
      vertex -41.7041 -8.43913 15.9799
    endloop
  endfacet
  facet normal 0.89326 0 -0.44954
    outer loop
      vertex -41.7968 -8.45954 15.7957
      vertex -41.7041 -9.56689 15.9799
      vertex -41.7968 -9.58733 15.7957
    endloop
  endfacet
  facet normal -0.575902 -0 -0.817519
    outer loop
      vertex -35.6666 -5.99596 17.4922
      vertex -35.4981 -6.99416 17.3735
      vertex -35.6666 -7.07535 17.4922
    endloop
  endfacet
  facet normal -0.575902 0 -0.817519
    outer loop
      vertex -35.4981 -6.99416 17.3735
      vertex -35.6666 -5.99596 17.4922
      vertex -35.4981 -5.91475 17.3735
    endloop
  endfacet
  facet normal 0.93302 0 0.359824
    outer loop
      vertex -41.9545 -8.14163 12.5851
      vertex -41.8803 -9.20864 12.3927
      vertex -41.8803 -8.08609 12.3927
    endloop
  endfacet
  facet normal 0.93302 0 0.359824
    outer loop
      vertex -41.8803 -9.20864 12.3927
      vertex -41.9545 -8.14163 12.5851
      vertex -41.9545 -9.26416 12.5851
    endloop
  endfacet
  facet normal -0.653266 0 0.757128
    outer loop
      vertex -35.3355 -5.09045 10.7534
      vertex -35.1795 -6.11734 10.888
      vertex -35.1795 -5.04243 10.888
    endloop
  endfacet
  facet normal -0.653266 0 0.757128
    outer loop
      vertex -35.1795 -6.11734 10.888
      vertex -35.3355 -5.09045 10.7534
      vertex -35.3355 -6.16537 10.7534
    endloop
  endfacet
  facet normal 0.615249 0 0.788333
    outer loop
      vertex -40.6645 -7.35804 10.7534
      vertex -40.5019 -8.3713 10.6265
      vertex -40.5019 -7.27427 10.6265
    endloop
  endfacet
  facet normal 0.615249 0 0.788333
    outer loop
      vertex -40.5019 -8.3713 10.6265
      vertex -40.6645 -7.35804 10.7534
      vertex -40.6645 -8.45505 10.7534
    endloop
  endfacet
  facet normal 0.975659 0 -0.219293
    outer loop
      vertex -42.0741 -8.48866 15.0205
      vertex -42.1193 -9.61073 14.8194
      vertex -42.1193 -8.48273 14.8194
    endloop
  endfacet
  facet normal 0.975659 0 -0.219293
    outer loop
      vertex -42.1193 -9.61073 14.8194
      vertex -42.0741 -8.48866 15.0205
      vertex -42.0741 -9.61662 15.0205
    endloop
  endfacet
  facet normal -0.870029 0 0.493
    outer loop
      vertex -34.3975 -4.82714 11.8408
      vertex -34.2959 -5.87895 12.0201
      vertex -34.2959 -4.8042 12.0201
    endloop
  endfacet
  facet normal -0.870029 0 0.493
    outer loop
      vertex -34.2959 -5.87895 12.0201
      vertex -34.3975 -4.82714 11.8408
      vertex -34.3975 -5.90192 11.8408
    endloop
  endfacet
  facet normal -0.122721 -0 -0.992441
    outer loop
      vertex -37.5883 -6.88403 18.1798
      vertex -37.3837 -7.89125 18.1545
      vertex -37.5883 -7.98545 18.1798
    endloop
  endfacet
  facet normal -0.122721 0 -0.992441
    outer loop
      vertex -37.3837 -7.89125 18.1545
      vertex -37.5883 -6.88403 18.1798
      vertex -37.3837 -6.78983 18.1545
    endloop
  endfacet
  facet normal -0.689679 -0 -0.724115
    outer loop
      vertex -35.1795 -5.75617 17.112
      vertex -35.0302 -6.75867 16.9698
      vertex -35.1795 -6.83563 17.112
    endloop
  endfacet
  facet normal -0.689679 0 -0.724115
    outer loop
      vertex -35.0302 -6.75867 16.9698
      vertex -35.1795 -5.75617 17.112
      vertex -35.0302 -5.67918 16.9698
    endloop
  endfacet
  facet normal 0.122721 0 -0.992441
    outer loop
      vertex -38.6163 -7.33617 18.1545
      vertex -38.4117 -8.35042 18.1798
      vertex -38.6163 -8.4376 18.1545
    endloop
  endfacet
  facet normal 0.122721 0 -0.992441
    outer loop
      vertex -38.4117 -8.35042 18.1798
      vertex -38.6163 -7.33617 18.1545
      vertex -38.4117 -7.249 18.1798
    endloop
  endfacet
  facet normal 0.53496 0 -0.844878
    outer loop
      vertex -40.3334 -8.00508 17.4922
      vertex -40.1592 -9.04478 17.6025
      vertex -40.3334 -9.10664 17.4922
    endloop
  endfacet
  facet normal 0.53496 0 -0.844878
    outer loop
      vertex -40.1592 -9.04478 17.6025
      vertex -40.3334 -8.00508 17.4922
      vertex -40.1592 -7.94324 17.6025
    endloop
  endfacet
  facet normal 0.870029 0 -0.493
    outer loop
      vertex -41.6025 -9.54127 16.1592
      vertex -41.7041 -8.43913 15.9799
      vertex -41.6025 -8.41355 16.1592
    endloop
  endfacet
  facet normal 0.870029 0 -0.493
    outer loop
      vertex -41.7041 -8.43913 15.9799
      vertex -41.6025 -9.54127 16.1592
      vertex -41.7041 -9.56689 15.9799
    endloop
  endfacet
  facet normal 0.949601 0 -0.313461
    outer loop
      vertex -41.9545 -9.61253 15.4149
      vertex -42.0191 -8.4893 15.2192
      vertex -41.9545 -8.48466 15.4149
    endloop
  endfacet
  facet normal 0.949601 0 -0.313461
    outer loop
      vertex -42.0191 -8.4893 15.2192
      vertex -41.9545 -9.61253 15.4149
      vertex -42.0191 -9.61722 15.2192
    endloop
  endfacet
  facet normal -0.757128 0 -0.653266
    outer loop
      vertex -34.7534 -6.61029 16.6645
      vertex -34.888 -5.60397 16.8205
      vertex -34.7534 -5.53073 16.6645
    endloop
  endfacet
  facet normal -0.757128 -0 -0.653266
    outer loop
      vertex -34.888 -5.60397 16.8205
      vertex -34.7534 -6.61029 16.6645
      vertex -34.888 -6.6835 16.8205
    endloop
  endfacet
  facet normal 0.975659 0 0.219293
    outer loop
      vertex -42.1193 -8.28096 13.1806
      vertex -42.0741 -9.36166 12.9795
      vertex -42.0741 -8.23919 12.9795
    endloop
  endfacet
  facet normal 0.975659 0 0.219293
    outer loop
      vertex -42.0741 -9.36166 12.9795
      vertex -42.1193 -8.28096 13.1806
      vertex -42.1193 -9.4034 13.1806
    endloop
  endfacet
  facet normal 0.93302 0 -0.359824
    outer loop
      vertex -41.8803 -9.60256 15.6073
      vertex -41.9545 -8.48466 15.4149
      vertex -41.8803 -8.47472 15.6073
    endloop
  endfacet
  facet normal 0.93302 0 -0.359824
    outer loop
      vertex -41.9545 -8.48466 15.4149
      vertex -41.8803 -9.60256 15.6073
      vertex -41.9545 -9.61253 15.4149
    endloop
  endfacet
  facet normal 0.689679 0 0.724115
    outer loop
      vertex -40.9698 -7.519 11.0302
      vertex -40.8205 -8.53667 10.888
      vertex -40.8205 -7.43968 10.888
    endloop
  endfacet
  facet normal 0.689657 -6.28692e-06 0.724136
    outer loop
      vertex -40.8205 -8.53667 10.888
      vertex -40.9698 -7.519 11.0302
      vertex -40.8793 -8.5679 10.944
    endloop
  endfacet
  facet normal 0.689695 0 0.7241
    outer loop
      vertex -40.8793 -8.5679 10.944
      vertex -40.9698 -7.519 11.0302
      vertex -40.9698 -8.6216 11.0302
    endloop
  endfacet
  facet normal 0.724115 0 0.689679
    outer loop
      vertex -41.112 -7.59582 11.1795
      vertex -40.9698 -8.6216 11.0302
      vertex -40.9698 -7.519 11.0302
    endloop
  endfacet
  facet normal 0.724115 0 0.689679
    outer loop
      vertex -40.9698 -8.6216 11.0302
      vertex -41.112 -7.59582 11.1795
      vertex -41.112 -8.70726 11.1795
    endloop
  endfacet
  facet normal 0.914231 0 0.405193
    outer loop
      vertex -41.8803 -8.08609 12.3927
      vertex -41.7968 -9.14878 12.2043
      vertex -41.7968 -8.0262 12.2043
    endloop
  endfacet
  facet normal 0.91434 5.21716e-05 0.404947
    outer loop
      vertex -41.8803 -8.08609 12.3927
      vertex -41.8685 -9.20022 12.3662
      vertex -41.7968 -9.14878 12.2043
    endloop
  endfacet
  facet normal 0.913527 0 0.406778
    outer loop
      vertex -41.8685 -9.20022 12.3662
      vertex -41.8803 -8.08609 12.3927
      vertex -41.8803 -9.20864 12.3927
    endloop
  endfacet
  facet normal -0.219293 -0 -0.975659
    outer loop
      vertex -37.1806 -6.69489 18.1193
      vertex -36.9795 -7.70088 18.0741
      vertex -37.1806 -7.79632 18.1193
    endloop
  endfacet
  facet normal -0.219293 0 -0.975659
    outer loop
      vertex -36.9795 -7.70088 18.0741
      vertex -37.1806 -6.69489 18.1193
      vertex -36.9795 -6.59944 18.0741
    endloop
  endfacet
  facet normal -0.44954 0 0.89326
    outer loop
      vertex -36.2043 -5.37571 10.2032
      vertex -36.0201 -6.38806 10.2959
      vertex -36.0201 -5.31308 10.2959
    endloop
  endfacet
  facet normal -0.44954 0 0.89326
    outer loop
      vertex -36.0201 -6.38806 10.2959
      vertex -36.2043 -5.37571 10.2032
      vertex -36.2043 -6.45071 10.2032
    endloop
  endfacet
  facet normal 0.992441 0 0.122721
    outer loop
      vertex -42.1798 -8.34998 13.5883
      vertex -42.1545 -9.44034 13.3837
      vertex -42.1545 -8.31792 13.3837
    endloop
  endfacet
  facet normal 0.992441 0 0.122721
    outer loop
      vertex -42.1545 -9.44034 13.3837
      vertex -42.1798 -8.34998 13.5883
      vertex -42.1798 -9.47237 13.5883
    endloop
  endfacet
  facet normal -0.963761 0 0.266768
    outer loop
      vertex -33.9809 -4.75158 12.7808
      vertex -33.9259 -5.823 12.9795
      vertex -33.9259 -4.74837 12.9795
    endloop
  endfacet
  facet normal -0.963761 0 0.266768
    outer loop
      vertex -33.9259 -5.823 12.9795
      vertex -33.9809 -4.75158 12.7808
      vertex -33.9809 -5.82623 12.7808
    endloop
  endfacet
  facet normal 0.405193 0 0.914231
    outer loop
      vertex -39.7957 -6.92209 10.2032
      vertex -39.6073 -7.92793 10.1197
      vertex -39.6073 -6.83083 10.1197
    endloop
  endfacet
  facet normal 0.405193 0 0.914231
    outer loop
      vertex -39.6073 -7.92793 10.1197
      vertex -39.7957 -6.92209 10.2032
      vertex -39.7957 -8.01918 10.2032
    endloop
  endfacet
  facet normal -0.89326 0 0.44954
    outer loop
      vertex -34.2959 -4.8042 12.0201
      vertex -34.2032 -5.85986 12.2043
      vertex -34.2032 -4.78513 12.2043
    endloop
  endfacet
  facet normal -0.89326 0 0.44954
    outer loop
      vertex -34.2032 -5.85986 12.2043
      vertex -34.2959 -4.8042 12.0201
      vertex -34.2959 -5.87895 12.0201
    endloop
  endfacet
  facet normal -0.985311 0 0.170768
    outer loop
      vertex -33.8807 -5.82377 13.1806
      vertex -33.8455 -4.75398 13.3837
      vertex -33.8807 -4.74917 13.1806
    endloop
  endfacet
  facet normal -0.985311 0 0.170768
    outer loop
      vertex -33.8455 -4.75398 13.3837
      vertex -33.8807 -5.82377 13.1806
      vertex -33.8455 -5.82855 13.3837
    endloop
  endfacet
  facet normal -0.493 0 0.870029
    outer loop
      vertex -36.0201 -5.31308 10.2959
      vertex -35.8408 -6.32807 10.3975
      vertex -35.8408 -5.25309 10.3975
    endloop
  endfacet
  facet normal -0.493 0 0.870029
    outer loop
      vertex -35.8408 -6.32807 10.3975
      vertex -36.0201 -5.31308 10.2959
      vertex -36.0201 -6.38806 10.2959
    endloop
  endfacet
  facet normal -0.170956 0 0.985279
    outer loop
      vertex -37.3837 -5.81985 9.84546
      vertex -37.1806 -6.8302 9.8807
      vertex -37.1806 -5.73307 9.8807
    endloop
  endfacet
  facet normal -0.170956 0 0.985279
    outer loop
      vertex -37.1806 -6.8302 9.8807
      vertex -37.3837 -5.81985 9.84546
      vertex -37.3837 -6.91698 9.84546
    endloop
  endfacet
  facet normal 0.999694 0 -0.0247377
    outer loop
      vertex -42.1949 -8.43339 14.2061
      vertex -42.2 -9.53474 14
      vertex -42.2 -8.40656 14
    endloop
  endfacet
  facet normal 0.999694 0 -0.0247377
    outer loop
      vertex -42.2 -9.53474 14
      vertex -42.1949 -8.43339 14.2061
      vertex -42.1949 -9.56152 14.2061
    endloop
  endfacet
  facet normal -0.975659 0 0.219293
    outer loop
      vertex -33.9259 -5.823 12.9795
      vertex -33.8807 -4.74917 13.1806
      vertex -33.9259 -4.74837 12.9795
    endloop
  endfacet
  facet normal -0.975659 0 0.219293
    outer loop
      vertex -33.8807 -4.74917 13.1806
      vertex -33.9259 -5.823 12.9795
      vertex -33.8807 -5.82377 13.1806
    endloop
  endfacet
  facet normal 0.122435 0 0.992477
    outer loop
      vertex -38.6163 -6.36619 9.84546
      vertex -38.4117 -7.3703 9.82022
      vertex -38.4117 -6.27317 9.82022
    endloop
  endfacet
  facet normal 0.122435 0 0.992477
    outer loop
      vertex -38.4117 -7.3703 9.82022
      vertex -38.6163 -6.36619 9.84546
      vertex -38.6163 -7.46332 9.84546
    endloop
  endfacet
  facet normal -0.314065 0 -0.949402
    outer loop
      vertex -36.5851 -7.50941 17.9545
      vertex -36.6773 -6.45309 17.985
      vertex -36.5851 -6.41333 17.9545
    endloop
  endfacet
  facet normal -0.313461 -0 -0.949601
    outer loop
      vertex -36.7808 -6.50371 18.0191
      vertex -36.5851 -7.50941 17.9545
      vertex -36.7808 -7.60517 18.0191
    endloop
  endfacet
  facet normal -0.312969 0.00010606 -0.949763
    outer loop
      vertex -36.5851 -7.50941 17.9545
      vertex -36.7808 -6.50371 18.0191
      vertex -36.6773 -6.45309 17.985
    endloop
  endfacet
  facet normal 0.266768 0 -0.963761
    outer loop
      vertex -39.2192 -7.58458 18.0191
      vertex -39.0205 -8.60561 18.0741
      vertex -39.2192 -8.68603 18.0191
    endloop
  endfacet
  facet normal 0.266768 0 -0.963761
    outer loop
      vertex -39.0205 -8.60561 18.0741
      vertex -39.2192 -7.58458 18.0191
      vertex -39.0205 -7.50417 18.0741
    endloop
  endfacet
  facet normal 0.992441 0 -0.122721
    outer loop
      vertex -42.1545 -8.47152 14.6163
      vertex -42.1798 -9.58315 14.4117
      vertex -42.1798 -8.45506 14.4117
    endloop
  endfacet
  facet normal 0.992441 0 -0.122721
    outer loop
      vertex -42.1798 -9.58315 14.4117
      vertex -42.1545 -8.47152 14.6163
      vertex -42.1545 -9.59956 14.6163
    endloop
  endfacet
  facet normal 0.788259 -2.3806e-05 0.615344
    outer loop
      vertex -41.2466 -8.78979 11.3355
      vertex -41.292 -7.69541 11.3937
      vertex -41.3735 -7.74631 11.4981
    endloop
  endfacet
  facet normal 0.788476 0 0.615065
    outer loop
      vertex -41.292 -7.69541 11.3937
      vertex -41.2466 -8.78979 11.3355
      vertex -41.2466 -7.66994 11.3355
    endloop
  endfacet
  facet normal 0.788333 0 0.615249
    outer loop
      vertex -41.2466 -8.78979 11.3355
      vertex -41.3735 -7.74631 11.4981
      vertex -41.3735 -8.86899 11.4981
    endloop
  endfacet
  facet normal -0.817519 0 0.575902
    outer loop
      vertex -34.6265 -4.88442 11.4981
      vertex -34.5078 -5.92871 11.6666
      vertex -34.5078 -4.8539 11.6666
    endloop
  endfacet
  facet normal -0.817519 0 0.575902
    outer loop
      vertex -34.5078 -5.92871 11.6666
      vertex -34.6265 -4.88442 11.4981
      vertex -34.6265 -5.95925 11.4981
    endloop
  endfacet
  facet normal -0.689679 0 0.724115
    outer loop
      vertex -35.1795 -5.04243 10.888
      vertex -35.0302 -6.07261 11.0302
      vertex -35.0302 -4.99772 11.0302
    endloop
  endfacet
  facet normal -0.689679 0 0.724115
    outer loop
      vertex -35.0302 -6.07261 11.0302
      vertex -35.1795 -5.04243 10.888
      vertex -35.1795 -6.11734 10.888
    endloop
  endfacet
  facet normal 0.313461 0 -0.949601
    outer loop
      vertex -39.4149 -7.66234 17.9545
      vertex -39.2192 -8.68603 18.0191
      vertex -39.4149 -8.76381 17.9545
    endloop
  endfacet
  facet normal 0.313461 0 -0.949601
    outer loop
      vertex -39.2192 -8.68603 18.0191
      vertex -39.4149 -7.66234 17.9545
      vertex -39.2192 -7.58458 18.0191
    endloop
  endfacet
  facet normal 0.844878 0 0.53496
    outer loop
      vertex -41.6025 -7.894 11.8408
      vertex -41.4922 -8.94466 11.6666
      vertex -41.4922 -7.82201 11.6666
    endloop
  endfacet
  facet normal 0.844878 0 0.53496
    outer loop
      vertex -41.4922 -8.94466 11.6666
      vertex -41.6025 -7.894 11.8408
      vertex -41.6025 -9.01663 11.8408
    endloop
  endfacet
  facet normal -0.93302 0 0.359824
    outer loop
      vertex -34.1197 -4.76998 12.3927
      vertex -34.0455 -5.83347 12.5851
      vertex -34.0455 -4.75879 12.5851
    endloop
  endfacet
  facet normal -0.93302 0 0.359824
    outer loop
      vertex -34.0455 -5.83347 12.5851
      vertex -34.1197 -4.76998 12.3927
      vertex -34.1197 -5.84469 12.3927
    endloop
  endfacet
  facet normal 0.985311 0 -0.170768
    outer loop
      vertex -42.1193 -8.48273 14.8194
      vertex -42.1545 -9.59956 14.6163
      vertex -42.1545 -8.47152 14.6163
    endloop
  endfacet
  facet normal 0.985311 0 -0.170768
    outer loop
      vertex -42.1545 -9.59956 14.6163
      vertex -42.1193 -8.48273 14.8194
      vertex -42.1193 -9.61073 14.8194
    endloop
  endfacet
  facet normal 0.817519 0 0.575902
    outer loop
      vertex -41.4922 -7.82201 11.6666
      vertex -41.3735 -8.86899 11.4981
      vertex -41.3735 -7.74631 11.4981
    endloop
  endfacet
  facet normal 0.817519 0 0.575902
    outer loop
      vertex -41.3735 -8.86899 11.4981
      vertex -41.4922 -7.82201 11.6666
      vertex -41.4922 -8.94466 11.6666
    endloop
  endfacet
  facet normal 0.359824 0 0.93302
    outer loop
      vertex -39.6073 -6.83083 10.1197
      vertex -39.4149 -7.83582 10.0455
      vertex -39.4149 -6.73872 10.0455
    endloop
  endfacet
  facet normal 0.359299 -0.000115475 0.933223
    outer loop
      vertex -39.4149 -7.83582 10.0455
      vertex -39.6073 -6.83083 10.1197
      vertex -39.484 -7.86888 10.0721
    endloop
  endfacet
  facet normal 0.360145 0 0.932896
    outer loop
      vertex -39.484 -7.86888 10.0721
      vertex -39.6073 -6.83083 10.1197
      vertex -39.6073 -7.92793 10.1197
    endloop
  endfacet
  facet normal 0.757128 0 -0.653266
    outer loop
      vertex -41.112 -9.38851 16.8205
      vertex -41.2466 -8.30645 16.6645
      vertex -41.112 -8.26093 16.8205
    endloop
  endfacet
  facet normal 0.757128 0 -0.653266
    outer loop
      vertex -41.2466 -8.30645 16.6645
      vertex -41.112 -9.38851 16.8205
      vertex -41.2466 -9.43407 16.6645
    endloop
  endfacet
  facet normal 0.313679 0 0.949529
    outer loop
      vertex -39.4149 -6.73872 10.0455
      vertex -39.2192 -7.74308 9.98085
      vertex -39.2192 -6.64597 9.98085
    endloop
  endfacet
  facet normal 0.313679 0 0.949529
    outer loop
      vertex -39.2192 -7.74308 9.98085
      vertex -39.4149 -6.73872 10.0455
      vertex -39.4149 -7.83582 10.0455
    endloop
  endfacet
  facet normal 0.219154 0 0.97569
    outer loop
      vertex -39.0205 -6.55282 9.92587
      vertex -38.8194 -7.55661 9.8807
      vertex -38.8194 -6.45948 9.8807
    endloop
  endfacet
  facet normal 0.219154 0 0.97569
    outer loop
      vertex -38.8194 -7.55661 9.8807
      vertex -39.0205 -6.55282 9.92587
      vertex -39.0205 -7.64994 9.92587
    endloop
  endfacet
  facet normal 0.949601 0 0.313461
    outer loop
      vertex -42.0191 -8.19271 12.7808
      vertex -41.9545 -9.26416 12.5851
      vertex -41.9545 -8.14163 12.5851
    endloop
  endfacet
  facet normal 0.949601 0 0.313461
    outer loop
      vertex -41.9545 -9.26416 12.5851
      vertex -42.0191 -8.19271 12.7808
      vertex -42.0191 -9.31521 12.7808
    endloop
  endfacet
  facet normal 0.53496 0 0.844878
    outer loop
      vertex -40.3334 -7.18859 10.5078
      vertex -40.1592 -8.19825 10.3975
      vertex -40.1592 -7.10119 10.3975
    endloop
  endfacet
  facet normal 0.53496 0 0.844878
    outer loop
      vertex -40.1592 -8.19825 10.3975
      vertex -40.3334 -7.18859 10.5078
      vertex -40.3334 -8.28563 10.5078
    endloop
  endfacet
  facet normal 0.44954 0 -0.89326
    outer loop
      vertex -39.9799 -7.87788 17.7041
      vertex -39.7957 -8.91067 17.7968
      vertex -39.9799 -8.9794 17.7041
    endloop
  endfacet
  facet normal 0.44954 0 -0.89326
    outer loop
      vertex -39.7957 -8.91067 17.7968
      vertex -39.9799 -7.87788 17.7041
      vertex -39.7957 -7.80917 17.7968
    endloop
  endfacet
  facet normal 0.653266 0 0.757128
    outer loop
      vertex -40.8205 -7.43968 10.888
      vertex -40.6645 -8.45505 10.7534
      vertex -40.6645 -7.35804 10.7534
    endloop
  endfacet
  facet normal 0.653266 0 0.757128
    outer loop
      vertex -40.6645 -8.45505 10.7534
      vertex -40.8205 -7.43968 10.888
      vertex -40.8205 -8.53667 10.888
    endloop
  endfacet
  facet normal -0.9495 0 0.313767
    outer loop
      vertex 3.95448 0.376222 12.5851
      vertex 4.01915 1.36105 12.7808
      vertex 3.95448 1.37919 12.5851
    endloop
  endfacet
  facet normal -0.9495 0 0.313767
    outer loop
      vertex 4.01915 1.36105 12.7808
      vertex 3.95448 0.376222 12.5851
      vertex 4.01915 0.358107 12.7808
    endloop
  endfacet
  facet normal -0.999699 0 -0.0245438
    outer loop
      vertex 4.2 0.238857 14
      vertex 4.19494 1.22075 14.2061
      vertex 4.2 1.24687 14
    endloop
  endfacet
  facet normal -0.999699 -0 -0.0245438
    outer loop
      vertex 4.19494 1.22075 14.2061
      vertex 4.2 0.238857 14
      vertex 4.19494 0.212775 14.2061
    endloop
  endfacet
  facet normal -0.72426 0 -0.689527
    outer loop
      vertex 3.11199 -0.0931052 16.8205
      vertex 2.96985 0.898859 16.9698
      vertex 3.11199 0.914383 16.8205
    endloop
  endfacet
  facet normal -0.72426 -0 -0.689527
    outer loop
      vertex 2.96985 0.898859 16.9698
      vertex 3.11199 -0.0931052 16.8205
      vertex 2.96985 -0.108601 16.9698
    endloop
  endfacet
  facet normal -0.985279 0 -0.170956
    outer loop
      vertex 4.15454 0.161606 14.6163
      vertex 4.1193 1.14451 14.8194
      vertex 4.15454 1.16951 14.6163
    endloop
  endfacet
  facet normal -0.985279 -0 -0.170956
    outer loop
      vertex 4.1193 1.14451 14.8194
      vertex 4.15454 0.161606 14.6163
      vertex 4.1193 0.136643 14.8194
    endloop
  endfacet
  facet normal 0.689835 0 -0.723967
    outer loop
      vertex -2.86085 -0.119122 17.0736
      vertex -2.82055 0.884421 17.112
      vertex -2.82055 -0.123012 17.112
    endloop
  endfacet
  facet normal 0.689623 1.6223e-05 -0.724169
    outer loop
      vertex -2.96985 -0.108601 16.9698
      vertex -2.82055 0.884421 17.112
      vertex -2.86085 -0.119122 17.0736
    endloop
  endfacet
  facet normal 0.689679 0 -0.724115
    outer loop
      vertex -2.82055 0.884421 17.112
      vertex -2.96985 -0.108601 16.9698
      vertex -2.96985 0.898859 16.9698
    endloop
  endfacet
  facet normal 0.817519 0 -0.575902
    outer loop
      vertex -3.37347 0.948539 16.5019
      vertex -3.49217 -0.0404898 16.3334
      vertex -3.49217 0.96709 16.3334
    endloop
  endfacet
  facet normal 0.817519 0 -0.575902
    outer loop
      vertex -3.49217 -0.0404898 16.3334
      vertex -3.37347 0.948539 16.5019
      vertex -3.37347 -0.0590084 16.5019
    endloop
  endfacet
  facet normal -0.992474 0 -0.122457
    outer loop
      vertex 4.17978 0.187004 14.4117
      vertex 4.16965 1.18474 14.4938
      vertex 4.17978 1.19494 14.4117
    endloop
  endfacet
  facet normal -0.992478 -3.16698e-06 -0.12242
    outer loop
      vertex 4.16965 1.18474 14.4938
      vertex 4.17978 0.187004 14.4117
      vertex 4.15454 1.16951 14.6163
    endloop
  endfacet
  facet normal -0.992477 -0 -0.122435
    outer loop
      vertex 4.15454 1.16951 14.6163
      vertex 4.17978 0.187004 14.4117
      vertex 4.15454 0.161606 14.6163
    endloop
  endfacet
  facet normal 0.997293 0 0.0735358
    outer loop
      vertex -4.19494 1.27107 13.7939
      vertex -4.17978 0.285982 13.5883
      vertex -4.17978 1.28883 13.5883
    endloop
  endfacet
  facet normal 0.997294 4.84247e-06 0.0735127
    outer loop
      vertex -4.19494 1.27107 13.7939
      vertex -4.18965 0.274433 13.7222
      vertex -4.17978 0.285982 13.5883
    endloop
  endfacet
  facet normal 0.997289 0 0.0735796
    outer loop
      vertex -4.18965 0.274433 13.7222
      vertex -4.19494 1.27107 13.7939
      vertex -4.19494 0.265188 13.7939
    endloop
  endfacet
  facet normal 0.359938 0 -0.932976
    outer loop
      vertex -1.60727 -0.190928 17.8803
      vertex -1.41494 0.811635 17.9545
      vertex -1.41494 -0.195641 17.9545
    endloop
  endfacet
  facet normal 0.359938 0 -0.932976
    outer loop
      vertex -1.41494 0.811635 17.9545
      vertex -1.60727 -0.190928 17.8803
      vertex -1.60727 0.816362 17.8803
    endloop
  endfacet
  facet normal 0.21925 0 -0.975669
    outer loop
      vertex -1.02052 -0.201173 18.0741
      vertex -0.819379 0.805266 18.1193
      vertex -0.819379 -0.201979 18.1193
    endloop
  endfacet
  facet normal 0.21925 0 -0.975669
    outer loop
      vertex -0.819379 0.805266 18.1193
      vertex -1.02052 -0.201173 18.0741
      vertex -1.02052 0.80608 18.0741
    endloop
  endfacet
  facet normal 0.266703 0 0.963779
    outer loop
      vertex -1.2192 1.66655 9.98085
      vertex -1.02052 0.672772 9.92587
      vertex -1.02052 1.67607 9.92587
    endloop
  endfacet
  facet normal 0.266703 0 0.963779
    outer loop
      vertex -1.02052 0.672772 9.92587
      vertex -1.2192 1.66655 9.98085
      vertex -1.2192 0.663252 9.98085
    endloop
  endfacet
  facet normal -0.963786 0 -0.266678
    outer loop
      vertex 4.07413 0.112174 15.0205
      vertex 4.01915 1.09605 15.2192
      vertex 4.07413 1.12 15.0205
    endloop
  endfacet
  facet normal -0.963786 -0 -0.266678
    outer loop
      vertex 4.01915 1.09605 15.2192
      vertex 4.07413 0.112174 15.0205
      vertex 4.01915 0.0882594 15.2192
    endloop
  endfacet
  facet normal -0.359938 -0 -0.932976
    outer loop
      vertex 1.41494 0.811635 17.9545
      vertex 1.60727 -0.190928 17.8803
      vertex 1.41494 -0.195641 17.9545
    endloop
  endfacet
  facet normal -0.359938 0 -0.932976
    outer loop
      vertex 1.60727 -0.190928 17.8803
      vertex 1.41494 0.811635 17.9545
      vertex 1.60727 0.816362 17.8803
    endloop
  endfacet
  facet normal 0.492875 0 0.8701
    outer loop
      vertex -2.15923 1.60824 10.3975
      vertex -1.97987 0.617976 10.2959
      vertex -1.97987 1.62123 10.2959
    endloop
  endfacet
  facet normal 0.492875 0 0.8701
    outer loop
      vertex -1.97987 0.617976 10.2959
      vertex -2.15923 1.60824 10.3975
      vertex -2.15923 0.604994 10.3975
    endloop
  endfacet
  facet normal -0.535047 0 0.844822
    outer loop
      vertex 2.15923 0.604994 10.3975
      vertex 2.33339 1.59464 10.5078
      vertex 2.15923 1.60824 10.3975
    endloop
  endfacet
  facet normal -0.535047 0 0.844822
    outer loop
      vertex 2.33339 1.59464 10.5078
      vertex 2.15923 0.604994 10.3975
      vertex 2.33339 0.591406 10.5078
    endloop
  endfacet
  facet normal -0.0735397 0 0.997292
    outer loop
      vertex 0.206083 0.702966 9.80506
      vertex 0.411672 1.69995 9.82022
      vertex 0.206083 1.70628 9.80506
    endloop
  endfacet
  facet normal -0.0735397 0 0.997292
    outer loop
      vertex 0.411672 1.69995 9.82022
      vertex 0.206083 0.702966 9.80506
      vertex 0.411672 0.696638 9.82022
    endloop
  endfacet
  facet normal -0.844899 0 -0.534925
    outer loop
      vertex 3.60246 -0.02105 16.1592
      vertex 3.49217 0.96709 16.3334
      vertex 3.60246 0.986562 16.1592
    endloop
  endfacet
  facet normal -0.844899 -0 -0.534925
    outer loop
      vertex 3.49217 0.96709 16.3334
      vertex 3.60246 -0.02105 16.1592
      vertex 3.49217 -0.0404898 16.3334
    endloop
  endfacet
  facet normal 0.61546 0 -0.788168
    outer loop
      vertex -2.66445 -0.136303 17.2466
      vertex -2.50194 0.858943 17.3735
      vertex -2.50194 -0.148441 17.3735
    endloop
  endfacet
  facet normal 0.61546 0 -0.788168
    outer loop
      vertex -2.50194 0.858943 17.3735
      vertex -2.66445 -0.136303 17.2466
      vertex -2.66445 0.871106 17.2466
    endloop
  endfacet
  facet normal 0.870008 0 0.493037
    outer loop
      vertex -3.70407 1.43311 12.0201
      vertex -3.60246 0.447707 11.8408
      vertex -3.60246 1.45077 11.8408
    endloop
  endfacet
  facet normal 0.870008 0 0.493037
    outer loop
      vertex -3.60246 0.447707 11.8408
      vertex -3.70407 1.43311 12.0201
      vertex -3.70407 0.430068 12.0201
    endloop
  endfacet
  facet normal -0.992477 0 0.122435
    outer loop
      vertex 4.15454 0.303876 13.3837
      vertex 4.17978 1.28883 13.5883
      vertex 4.15454 1.30675 13.3837
    endloop
  endfacet
  facet normal -0.992477 0 0.122435
    outer loop
      vertex 4.17978 1.28883 13.5883
      vertex 4.15454 0.303876 13.3837
      vertex 4.17978 0.285982 13.5883
    endloop
  endfacet
  facet normal 0.170758 0 -0.985313
    outer loop
      vertex -0.819379 -0.201979 18.1193
      vertex -0.616267 0.805764 18.1545
      vertex -0.616267 -0.201475 18.1545
    endloop
  endfacet
  facet normal 0.170758 0 -0.985313
    outer loop
      vertex -0.616267 0.805764 18.1545
      vertex -0.819379 -0.201979 18.1193
      vertex -0.819379 0.805266 18.1193
    endloop
  endfacet
  facet normal -0.266703 0 0.963779
    outer loop
      vertex 1.02052 0.672772 9.92587
      vertex 1.2192 1.66655 9.98085
      vertex 1.02052 1.67607 9.92587
    endloop
  endfacet
  facet normal -0.266703 0 0.963779
    outer loop
      vertex 1.2192 1.66655 9.98085
      vertex 1.02052 0.672772 9.92587
      vertex 1.2192 0.663252 9.98085
    endloop
  endfacet
  facet normal -0.653026 -0 -0.757335
    outer loop
      vertex 2.66445 0.871106 17.2466
      vertex 2.82055 -0.123012 17.112
      vertex 2.66445 -0.136303 17.2466
    endloop
  endfacet
  facet normal -0.653026 0 -0.757335
    outer loop
      vertex 2.82055 -0.123012 17.112
      vertex 2.66445 0.871106 17.2466
      vertex 2.82055 0.884421 17.112
    endloop
  endfacet
  facet normal -0.97569 0 -0.219154
    outer loop
      vertex 4.1193 0.136643 14.8194
      vertex 4.07413 1.12 15.0205
      vertex 4.1193 1.14451 14.8194
    endloop
  endfacet
  facet normal -0.97569 -0 -0.219154
    outer loop
      vertex 4.07413 1.12 15.0205
      vertex 4.1193 0.136643 14.8194
      vertex 4.07413 0.112174 15.0205
    endloop
  endfacet
  facet normal -0.267334 0 -0.963604
    outer loop
      vertex 1.2192 -0.199059 18.0191
      vertex 1.1071 0.807006 18.0502
      vertex 1.2192 0.808205 18.0191
    endloop
  endfacet
  facet normal -0.266794 6.47633e-05 -0.963754
    outer loop
      vertex 1.02052 -0.201173 18.0741
      vertex 1.1071 0.807006 18.0502
      vertex 1.2192 -0.199059 18.0191
    endloop
  endfacet
  facet normal -0.266093 0 -0.963947
    outer loop
      vertex 1.1071 0.807006 18.0502
      vertex 1.02052 -0.201173 18.0741
      vertex 1.02052 0.80608 18.0741
    endloop
  endfacet
  facet normal -0.0245458 0 0.999699
    outer loop
      vertex 0 0.708452 9.8
      vertex 0.206083 1.70628 9.80506
      vertex 0 1.71177 9.8
    endloop
  endfacet
  facet normal -0.0245458 0 0.999699
    outer loop
      vertex 0.206083 1.70628 9.80506
      vertex 0 0.708452 9.8
      vertex 0.206083 0.702966 9.80506
    endloop
  endfacet
  facet normal 0.575788 0 -0.817599
    outer loop
      vertex -2.50194 -0.148441 17.3735
      vertex -2.33339 0.847964 17.4922
      vertex -2.33339 -0.159398 17.4922
    endloop
  endfacet
  facet normal 0.575788 0 -0.817599
    outer loop
      vertex -2.33339 0.847964 17.4922
      vertex -2.50194 -0.148441 17.3735
      vertex -2.50194 0.858943 17.3735
    endloop
  endfacet
  facet normal -0.844899 0 0.534925
    outer loop
      vertex 3.49217 0.46512 11.6666
      vertex 3.60246 1.45077 11.8408
      vertex 3.49217 1.46821 11.6666
    endloop
  endfacet
  facet normal -0.844899 0 0.534925
    outer loop
      vertex 3.60246 1.45077 11.8408
      vertex 3.49217 0.46512 11.6666
      vertex 3.60246 0.447707 11.8408
    endloop
  endfacet
  facet normal -0.622959 0.000852327 0.782254
    outer loop
      vertex 2.59578 0.568759 10.6998
      vertex 2.66445 1.56575 10.7534
      vertex 2.66106 1.56605 10.7507
    endloop
  endfacet
  facet normal -0.615299 0 0.788294
    outer loop
      vertex 2.66445 1.56575 10.7534
      vertex 2.59578 0.568759 10.6998
      vertex 2.66445 0.562548 10.7534
    endloop
  endfacet
  facet normal -0.615298 0 0.788295
    outer loop
      vertex 2.50194 0.577246 10.6265
      vertex 2.66106 1.56605 10.7507
      vertex 2.50194 1.58046 10.6265
    endloop
  endfacet
  facet normal -0.615575 7.17258e-05 0.788078
    outer loop
      vertex 2.66106 1.56605 10.7507
      vertex 2.50194 0.577246 10.6265
      vertex 2.59578 0.568759 10.6998
    endloop
  endfacet
  facet normal 0.0245458 0 0.999699
    outer loop
      vertex -0.206083 1.70628 9.80506
      vertex 0 0.708452 9.8
      vertex 0 1.71177 9.8
    endloop
  endfacet
  facet normal 0.0245458 0 0.999699
    outer loop
      vertex 0 0.708452 9.8
      vertex -0.206083 1.70628 9.80506
      vertex -0.206083 0.702966 9.80506
    endloop
  endfacet
  facet normal -0.893299 0 -0.449462
    outer loop
      vertex 3.79675 0.0204044 15.7957
      vertex 3.70407 1.00691 15.9799
      vertex 3.79675 1.02808 15.7957
    endloop
  endfacet
  facet normal -0.893299 -0 -0.449462
    outer loop
      vertex 3.70407 1.00691 15.9799
      vertex 3.79675 0.0204044 15.7957
      vertex 3.70407 -0.000735643 15.9799
    endloop
  endfacet
  facet normal -0.492875 -0 -0.8701
    outer loop
      vertex 1.97987 0.829657 17.7041
      vertex 2.15923 -0.169147 17.6025
      vertex 1.97987 -0.177665 17.7041
    endloop
  endfacet
  facet normal -0.492875 0 -0.8701
    outer loop
      vertex 2.15923 -0.169147 17.6025
      vertex 1.97987 0.829657 17.7041
      vertex 2.15923 0.838194 17.6025
    endloop
  endfacet
  facet normal 0.757008 0 0.653405
    outer loop
      vertex -3.24664 1.50223 11.3355
      vertex -3.11199 0.515585 11.1795
      vertex -3.11199 1.51873 11.1795
    endloop
  endfacet
  facet normal 0.757008 0 0.653405
    outer loop
      vertex -3.11199 0.515585 11.1795
      vertex -3.24664 1.50223 11.3355
      vertex -3.24664 0.4991 11.3355
    endloop
  endfacet
  facet normal -0.0247397 0 -0.999694
    outer loop
      vertex 0 -0.192127 18.2
      vertex 0.206083 0.810688 18.1949
      vertex 0.206083 -0.196543 18.1949
    endloop
  endfacet
  facet normal -0.0247397 0 -0.999694
    outer loop
      vertex 0.206083 0.810688 18.1949
      vertex 0 -0.192127 18.2
      vertex 0 0.815103 18.2
    endloop
  endfacet
  facet normal -0.359938 0 0.932976
    outer loop
      vertex 1.41494 0.652988 10.0455
      vertex 1.60727 1.64528 10.1197
      vertex 1.41494 1.65627 10.0455
    endloop
  endfacet
  facet normal -0.359938 0 0.932976
    outer loop
      vertex 1.60727 1.64528 10.1197
      vertex 1.41494 0.652988 10.0455
      vertex 1.60727 0.642002 10.1197
    endloop
  endfacet
  facet normal -0.999696 0 0.0246473
    outer loop
      vertex 4.19494 0.265188 13.7939
      vertex 4.19619 1.26675 13.8446
      vertex 4.19494 1.27107 13.7939
    endloop
  endfacet
  facet normal -0.9997 6.9114e-06 0.0245109
    outer loop
      vertex 4.19619 1.26675 13.8446
      vertex 4.19494 0.265188 13.7939
      vertex 4.2 1.24687 14
    endloop
  endfacet
  facet normal -0.999699 0 0.0245438
    outer loop
      vertex 4.2 1.24687 14
      vertex 4.19494 0.265188 13.7939
      vertex 4.2 0.238857 14
    endloop
  endfacet
  facet normal -0.313622 0 0.949548
    outer loop
      vertex 1.2192 0.663252 9.98085
      vertex 1.41494 1.65627 10.0455
      vertex 1.2192 1.66655 9.98085
    endloop
  endfacet
  facet normal -0.313622 0 0.949548
    outer loop
      vertex 1.41494 1.65627 10.0455
      vertex 1.2192 0.663252 9.98085
      vertex 1.41494 0.652988 10.0455
    endloop
  endfacet
  facet normal -0.405085 -0 -0.914279
    outer loop
      vertex 1.60727 0.816362 17.8803
      vertex 1.79573 -0.184931 17.7968
      vertex 1.60727 -0.190928 17.8803
    endloop
  endfacet
  facet normal -0.405085 0 -0.914279
    outer loop
      vertex 1.79573 -0.184931 17.7968
      vertex 1.60727 0.816362 17.8803
      vertex 1.79573 0.822374 17.7968
    endloop
  endfacet
  facet normal 0.985279 0 0.170956
    outer loop
      vertex -4.15454 1.30675 13.3837
      vertex -4.1193 0.321891 13.1806
      vertex -4.1193 1.32479 13.1806
    endloop
  endfacet
  facet normal 0.985279 0 0.170956
    outer loop
      vertex -4.1193 0.321891 13.1806
      vertex -4.15454 1.30675 13.3837
      vertex -4.15454 0.303876 13.3837
    endloop
  endfacet
  facet normal -0.575788 0 0.817599
    outer loop
      vertex 2.33339 0.591406 10.5078
      vertex 2.50194 1.58046 10.6265
      vertex 2.33339 1.59464 10.5078
    endloop
  endfacet
  facet normal -0.575788 0 0.817599
    outer loop
      vertex 2.50194 1.58046 10.6265
      vertex 2.33339 0.591406 10.5078
      vertex 2.50194 0.577246 10.6265
    endloop
  endfacet
  facet normal 0.170946 0 0.98528
    outer loop
      vertex -0.819379 1.68483 9.8807
      vertex -0.616267 0.689485 9.84546
      vertex -0.616267 1.6928 9.84546
    endloop
  endfacet
  facet normal 0.170946 0 0.98528
    outer loop
      vertex -0.616267 0.689485 9.84546
      vertex -0.819379 1.68483 9.8807
      vertex -0.819379 0.681523 9.8807
    endloop
  endfacet
  facet normal -0.405085 0 0.914279
    outer loop
      vertex 1.60727 0.642002 10.1197
      vertex 1.79573 1.63359 10.2032
      vertex 1.60727 1.64528 10.1197
    endloop
  endfacet
  facet normal -0.405085 0 0.914279
    outer loop
      vertex 1.79573 1.63359 10.2032
      vertex 1.60727 0.642002 10.1197
      vertex 1.79573 0.630322 10.2032
    endloop
  endfacet
  facet normal 0.72426 0 -0.689527
    outer loop
      vertex -2.96985 0.898859 16.9698
      vertex -3.11199 -0.0931052 16.8205
      vertex -3.11199 0.914383 16.8205
    endloop
  endfacet
  facet normal 0.72426 0 -0.689527
    outer loop
      vertex -3.11199 -0.0931052 16.8205
      vertex -2.96985 0.898859 16.9698
      vertex -2.96985 -0.108601 16.9698
    endloop
  endfacet
  facet normal 0.963786 0 -0.266678
    outer loop
      vertex -4.01915 1.09605 15.2192
      vertex -4.07413 0.112174 15.0205
      vertex -4.07413 1.12 15.0205
    endloop
  endfacet
  facet normal 0.963786 0 -0.266678
    outer loop
      vertex -4.07413 0.112174 15.0205
      vertex -4.01915 1.09605 15.2192
      vertex -4.01915 0.0882594 15.2192
    endloop
  endfacet
  facet normal -0.170758 0 -0.985313
    outer loop
      vertex 0.616267 -0.201475 18.1545
      vertex 0.819379 0.805266 18.1193
      vertex 0.819379 -0.201979 18.1193
    endloop
  endfacet
  facet normal -0.170758 0 -0.985313
    outer loop
      vertex 0.819379 0.805266 18.1193
      vertex 0.616267 -0.201475 18.1545
      vertex 0.616267 0.805764 18.1545
    endloop
  endfacet
  facet normal 0.788498 0 -0.615038
    outer loop
      vertex -3.24664 0.930956 16.6645
      vertex -3.37347 -0.0590084 16.5019
      vertex -3.37347 0.948539 16.5019
    endloop
  endfacet
  facet normal 0.788498 0 -0.615038
    outer loop
      vertex -3.37347 -0.0590084 16.5019
      vertex -3.24664 0.930956 16.6645
      vertex -3.24664 -0.076561 16.6645
    endloop
  endfacet
  facet normal -0.449657 -0 -0.893201
    outer loop
      vertex 1.79573 0.822374 17.7968
      vertex 1.97987 -0.177665 17.7041
      vertex 1.79573 -0.184931 17.7968
    endloop
  endfacet
  facet normal -0.449657 0 -0.893201
    outer loop
      vertex 1.97987 -0.177665 17.7041
      vertex 1.79573 0.822374 17.7968
      vertex 1.97987 0.829657 17.7041
    endloop
  endfacet
  facet normal -0.997293 0 -0.0735358
    outer loop
      vertex 4.19494 0.212775 14.2061
      vertex 4.17978 1.19494 14.4117
      vertex 4.19494 1.22075 14.2061
    endloop
  endfacet
  facet normal -0.997293 -0 -0.0735358
    outer loop
      vertex 4.17978 1.19494 14.4117
      vertex 4.19494 0.212775 14.2061
      vertex 4.17978 0.187004 14.4117
    endloop
  endfacet
  facet normal 0.963786 0 0.266678
    outer loop
      vertex -4.07413 1.3429 12.9795
      vertex -4.01915 0.358107 12.7808
      vertex -4.01915 1.36105 12.7808
    endloop
  endfacet
  facet normal 0.963786 0 0.266678
    outer loop
      vertex -4.01915 0.358107 12.7808
      vertex -4.07413 1.3429 12.9795
      vertex -4.07413 0.339982 12.9795
    endloop
  endfacet
  facet normal 0.492875 0 -0.8701
    outer loop
      vertex -2.15923 -0.169147 17.6025
      vertex -1.97987 0.829657 17.7041
      vertex -1.97987 -0.177665 17.7041
    endloop
  endfacet
  facet normal 0.492875 0 -0.8701
    outer loop
      vertex -1.97987 0.829657 17.7041
      vertex -2.15923 -0.169147 17.6025
      vertex -2.15923 0.838194 17.6025
    endloop
  endfacet
  facet normal 0.0732502 0 -0.997314
    outer loop
      vertex -0.411672 0.807573 18.1798
      vertex -0.206083 -0.196543 18.1949
      vertex -0.411672 -0.199661 18.1798
    endloop
  endfacet
  facet normal 0.0732502 0 -0.997314
    outer loop
      vertex -0.206083 -0.196543 18.1949
      vertex -0.411672 0.807573 18.1798
      vertex -0.206083 0.810688 18.1949
    endloop
  endfacet
  facet normal -0.788498 0 0.615038
    outer loop
      vertex 3.24664 0.4991 11.3355
      vertex 3.37347 1.48537 11.4981
      vertex 3.24664 1.50223 11.3355
    endloop
  endfacet
  facet normal -0.788498 0 0.615038
    outer loop
      vertex 3.37347 1.48537 11.4981
      vertex 3.24664 0.4991 11.3355
      vertex 3.37347 0.482264 11.4981
    endloop
  endfacet
  facet normal 0.405085 0 -0.914279
    outer loop
      vertex -1.79573 -0.184931 17.7968
      vertex -1.60727 0.816362 17.8803
      vertex -1.60727 -0.190928 17.8803
    endloop
  endfacet
  facet normal 0.405085 0 -0.914279
    outer loop
      vertex -1.60727 0.816362 17.8803
      vertex -1.79573 -0.184931 17.7968
      vertex -1.79573 0.822374 17.7968
    endloop
  endfacet
  facet normal -0.72426 0 0.689527
    outer loop
      vertex 2.96985 0.53168 11.0302
      vertex 3.11199 1.51873 11.1795
      vertex 2.96985 1.53484 11.0302
    endloop
  endfacet
  facet normal -0.72426 0 0.689527
    outer loop
      vertex 3.11199 1.51873 11.1795
      vertex 2.96985 0.53168 11.0302
      vertex 3.11199 0.515585 11.1795
    endloop
  endfacet
  facet normal -0.757008 0 0.653405
    outer loop
      vertex 3.11199 0.515585 11.1795
      vertex 3.24664 1.50223 11.3355
      vertex 3.11199 1.51873 11.1795
    endloop
  endfacet
  facet normal -0.757008 0 0.653405
    outer loop
      vertex 3.24664 1.50223 11.3355
      vertex 3.11199 0.515585 11.1795
      vertex 3.24664 0.4991 11.3355
    endloop
  endfacet
  facet normal 0.844899 0 -0.534925
    outer loop
      vertex -3.49217 0.96709 16.3334
      vertex -3.60246 -0.02105 16.1592
      vertex -3.60246 0.986562 16.1592
    endloop
  endfacet
  facet normal 0.844899 0 -0.534925
    outer loop
      vertex -3.60246 -0.02105 16.1592
      vertex -3.49217 0.96709 16.3334
      vertex -3.49217 -0.0404898 16.3334
    endloop
  endfacet
  facet normal 0.0735397 0 0.997292
    outer loop
      vertex -0.411672 1.69995 9.82022
      vertex -0.206083 0.702966 9.80506
      vertex -0.206083 1.70628 9.80506
    endloop
  endfacet
  facet normal 0.0735397 0 0.997292
    outer loop
      vertex -0.206083 0.702966 9.80506
      vertex -0.411672 1.69995 9.82022
      vertex -0.411672 0.696638 9.82022
    endloop
  endfacet
  facet normal 0.893299 0 0.449462
    outer loop
      vertex -3.79675 1.41526 12.2043
      vertex -3.70407 0.430068 12.0201
      vertex -3.70407 1.43311 12.0201
    endloop
  endfacet
  facet normal 0.893299 0 0.449462
    outer loop
      vertex -3.70407 0.430068 12.0201
      vertex -3.79675 1.41526 12.2043
      vertex -3.79675 0.412246 12.2043
    endloop
  endfacet
  facet normal -0.817519 0 -0.575902
    outer loop
      vertex 3.49217 -0.0404898 16.3334
      vertex 3.37347 0.948539 16.5019
      vertex 3.49217 0.96709 16.3334
    endloop
  endfacet
  facet normal -0.817519 -0 -0.575902
    outer loop
      vertex 3.37347 0.948539 16.5019
      vertex 3.49217 -0.0404898 16.3334
      vertex 3.37347 -0.0590084 16.5019
    endloop
  endfacet
  facet normal 0.575788 0 0.817599
    outer loop
      vertex -2.50194 1.58046 10.6265
      vertex -2.33339 0.591406 10.5078
      vertex -2.33339 1.59464 10.5078
    endloop
  endfacet
  facet normal 0.575788 0 0.817599
    outer loop
      vertex -2.33339 0.591406 10.5078
      vertex -2.50194 1.58046 10.6265
      vertex -2.50194 0.577246 10.6265
    endloop
  endfacet
  facet normal 0.997293 0 -0.0735358
    outer loop
      vertex -4.17978 1.19494 14.4117
      vertex -4.19494 0.212775 14.2061
      vertex -4.19494 1.22075 14.2061
    endloop
  endfacet
  facet normal 0.997293 0 -0.0735358
    outer loop
      vertex -4.19494 0.212775 14.2061
      vertex -4.17978 1.19494 14.4117
      vertex -4.17978 0.187004 14.4117
    endloop
  endfacet
  facet normal -0.61546 -0 -0.788168
    outer loop
      vertex 2.50194 0.858943 17.3735
      vertex 2.66445 -0.136303 17.2466
      vertex 2.50194 -0.148441 17.3735
    endloop
  endfacet
  facet normal -0.61546 0 -0.788168
    outer loop
      vertex 2.66445 -0.136303 17.2466
      vertex 2.50194 0.858943 17.3735
      vertex 2.66445 0.871106 17.2466
    endloop
  endfacet
  facet normal -0.933037 0 -0.359782
    outer loop
      vertex 3.95448 0.0649555 15.4149
      vertex 3.88029 1.05003 15.6073
      vertex 3.95448 1.07271 15.4149
    endloop
  endfacet
  facet normal -0.933037 -0 -0.359782
    outer loop
      vertex 3.88029 1.05003 15.6073
      vertex 3.95448 0.0649555 15.4149
      vertex 3.88029 0.042319 15.6073
    endloop
  endfacet
  facet normal 0.653026 0 -0.757335
    outer loop
      vertex -2.82055 -0.123012 17.112
      vertex -2.66445 0.871106 17.2466
      vertex -2.66445 -0.136303 17.2466
    endloop
  endfacet
  facet normal 0.653026 0 -0.757335
    outer loop
      vertex -2.66445 0.871106 17.2466
      vertex -2.82055 -0.123012 17.112
      vertex -2.82055 0.884421 17.112
    endloop
  endfacet
  facet normal -0.535047 -0 -0.844822
    outer loop
      vertex 2.15923 0.838194 17.6025
      vertex 2.33339 -0.159398 17.4922
      vertex 2.15923 -0.169147 17.6025
    endloop
  endfacet
  facet normal -0.535047 0 -0.844822
    outer loop
      vertex 2.33339 -0.159398 17.4922
      vertex 2.15923 0.838194 17.6025
      vertex 2.33339 0.847964 17.4922
    endloop
  endfacet
  facet normal -0.788498 0 -0.615038
    outer loop
      vertex 3.37347 -0.0590084 16.5019
      vertex 3.24664 0.930956 16.6645
      vertex 3.37347 0.948539 16.5019
    endloop
  endfacet
  facet normal -0.788498 -0 -0.615038
    outer loop
      vertex 3.24664 0.930956 16.6645
      vertex 3.37347 -0.0590084 16.5019
      vertex 3.24664 -0.076561 16.6645
    endloop
  endfacet
  facet normal 0.9997 6.9114e-06 0.0245109
    outer loop
      vertex -4.19494 0.265188 13.7939
      vertex -4.19619 1.26675 13.8446
      vertex -4.2 1.24687 14
    endloop
  endfacet
  facet normal 0.999696 0 0.0246473
    outer loop
      vertex -4.19619 1.26675 13.8446
      vertex -4.19494 0.265188 13.7939
      vertex -4.19494 1.27107 13.7939
    endloop
  endfacet
  facet normal 0.999699 0 0.0245438
    outer loop
      vertex -4.19494 0.265188 13.7939
      vertex -4.2 1.24687 14
      vertex -4.2 0.238857 14
    endloop
  endfacet
  facet normal -0.997293 0 0.0735358
    outer loop
      vertex 4.17978 0.285982 13.5883
      vertex 4.19494 1.27107 13.7939
      vertex 4.17978 1.28883 13.5883
    endloop
  endfacet
  facet normal -0.997294 4.84247e-06 0.0735127
    outer loop
      vertex 4.18965 0.274433 13.7222
      vertex 4.19494 1.27107 13.7939
      vertex 4.17978 0.285982 13.5883
    endloop
  endfacet
  facet normal -0.997289 0 0.0735796
    outer loop
      vertex 4.19494 1.27107 13.7939
      vertex 4.18965 0.274433 13.7222
      vertex 4.19494 0.265188 13.7939
    endloop
  endfacet
  facet normal -0.914159 0 0.405355
    outer loop
      vertex 3.79675 0.412246 12.2043
      vertex 3.88029 1.39728 12.3927
      vertex 3.79675 1.41526 12.2043
    endloop
  endfacet
  facet normal -0.914159 0 0.405355
    outer loop
      vertex 3.88029 1.39728 12.3927
      vertex 3.79675 0.412246 12.2043
      vertex 3.88029 0.394282 12.3927
    endloop
  endfacet
  facet normal -0.9495 0 -0.313767
    outer loop
      vertex 4.01915 0.0882594 15.2192
      vertex 3.95448 1.07271 15.4149
      vertex 4.01915 1.09605 15.2192
    endloop
  endfacet
  facet normal -0.9495 -0 -0.313767
    outer loop
      vertex 3.95448 1.07271 15.4149
      vertex 4.01915 0.0882594 15.2192
      vertex 3.95448 0.0649555 15.4149
    endloop
  endfacet
  facet normal -0.914159 0 -0.405355
    outer loop
      vertex 3.88029 0.042319 15.6073
      vertex 3.79675 1.02808 15.7957
      vertex 3.88029 1.05003 15.6073
    endloop
  endfacet
  facet normal -0.914159 -0 -0.405355
    outer loop
      vertex 3.79675 1.02808 15.7957
      vertex 3.88029 0.042319 15.6073
      vertex 3.79675 0.0204044 15.7957
    endloop
  endfacet
  facet normal -0.870008 0 -0.493037
    outer loop
      vertex 3.70407 -0.000735643 15.9799
      vertex 3.60246 0.986562 16.1592
      vertex 3.70407 1.00691 15.9799
    endloop
  endfacet
  facet normal -0.870008 -0 -0.493037
    outer loop
      vertex 3.60246 0.986562 16.1592
      vertex 3.70407 -0.000735643 15.9799
      vertex 3.60246 -0.02105 16.1592
    endloop
  endfacet
  facet normal -0.122437 0 0.992476
    outer loop
      vertex 0.411672 0.696638 9.82022
      vertex 0.616267 1.6928 9.84546
      vertex 0.411672 1.69995 9.82022
    endloop
  endfacet
  facet normal -0.122437 0 0.992476
    outer loop
      vertex 0.616267 1.6928 9.84546
      vertex 0.411672 0.696638 9.82022
      vertex 0.616267 0.689485 9.84546
    endloop
  endfacet
  facet normal -0.219112 0 0.9757
    outer loop
      vertex 0.819379 0.681523 9.8807
      vertex 1.02052 1.67607 9.92587
      vertex 0.819379 1.68483 9.8807
    endloop
  endfacet
  facet normal -0.219112 0 0.9757
    outer loop
      vertex 1.02052 1.67607 9.92587
      vertex 0.819379 0.681523 9.8807
      vertex 1.02052 0.672772 9.92587
    endloop
  endfacet
  facet normal 0.449657 0 0.893201
    outer loop
      vertex -1.97987 1.62123 10.2959
      vertex -1.79573 0.630322 10.2032
      vertex -1.79573 1.63359 10.2032
    endloop
  endfacet
  facet normal 0.449657 0 0.893201
    outer loop
      vertex -1.79573 0.630322 10.2032
      vertex -1.97987 1.62123 10.2959
      vertex -1.97987 0.617976 10.2959
    endloop
  endfacet
  facet normal -0.0732502 0 -0.997314
    outer loop
      vertex 0.206083 -0.196543 18.1949
      vertex 0.411672 0.807573 18.1798
      vertex 0.411672 -0.199661 18.1798
    endloop
  endfacet
  facet normal -0.0732502 0 -0.997314
    outer loop
      vertex 0.411672 0.807573 18.1798
      vertex 0.206083 -0.196543 18.1949
      vertex 0.206083 0.810688 18.1949
    endloop
  endfacet
  facet normal 0.0247397 0 -0.999694
    outer loop
      vertex -0.206083 0.810688 18.1949
      vertex 0 -0.192127 18.2
      vertex -0.206083 -0.196543 18.1949
    endloop
  endfacet
  facet normal 0.0247397 0 -0.999694
    outer loop
      vertex 0 -0.192127 18.2
      vertex -0.206083 0.810688 18.1949
      vertex 0 0.815103 18.2
    endloop
  endfacet
  facet normal 0.893299 0 -0.449462
    outer loop
      vertex -3.70407 1.00691 15.9799
      vertex -3.79675 0.0204044 15.7957
      vertex -3.79675 1.02808 15.7957
    endloop
  endfacet
  facet normal 0.893299 0 -0.449462
    outer loop
      vertex -3.79675 0.0204044 15.7957
      vertex -3.70407 1.00691 15.9799
      vertex -3.70407 -0.000735643 15.9799
    endloop
  endfacet
  facet normal -0.575788 -0 -0.817599
    outer loop
      vertex 2.33339 0.847964 17.4922
      vertex 2.50194 -0.148441 17.3735
      vertex 2.33339 -0.159398 17.4922
    endloop
  endfacet
  facet normal -0.575788 0 -0.817599
    outer loop
      vertex 2.50194 -0.148441 17.3735
      vertex 2.33339 0.847964 17.4922
      vertex 2.50194 0.858943 17.3735
    endloop
  endfacet
  facet normal 0.914159 0 -0.405355
    outer loop
      vertex -3.79675 1.02808 15.7957
      vertex -3.88029 0.042319 15.6073
      vertex -3.88029 1.05003 15.6073
    endloop
  endfacet
  facet normal 0.914159 0 -0.405355
    outer loop
      vertex -3.88029 0.042319 15.6073
      vertex -3.79675 1.02808 15.7957
      vertex -3.79675 0.0204044 15.7957
    endloop
  endfacet
  facet normal 0.933037 0 0.359782
    outer loop
      vertex -3.95448 1.37919 12.5851
      vertex -3.88029 0.394282 12.3927
      vertex -3.88029 1.39728 12.3927
    endloop
  endfacet
  facet normal 0.933037 0 0.359782
    outer loop
      vertex -3.88029 0.394282 12.3927
      vertex -3.95448 1.37919 12.5851
      vertex -3.95448 0.376222 12.5851
    endloop
  endfacet
  facet normal -0.653026 0 0.757335
    outer loop
      vertex 2.66445 0.562548 10.7534
      vertex 2.82055 1.55053 10.888
      vertex 2.66445 1.56575 10.7534
    endloop
  endfacet
  facet normal -0.653026 0 0.757335
    outer loop
      vertex 2.82055 1.55053 10.888
      vertex 2.66445 0.562548 10.7534
      vertex 2.82055 0.547347 10.888
    endloop
  endfacet
  facet normal 0.615298 0 0.788295
    outer loop
      vertex -2.66106 1.56605 10.7507
      vertex -2.50194 0.577246 10.6265
      vertex -2.50194 1.58046 10.6265
    endloop
  endfacet
  facet normal 0.615575 7.17258e-05 0.788078
    outer loop
      vertex -2.50194 0.577246 10.6265
      vertex -2.66106 1.56605 10.7507
      vertex -2.59578 0.568759 10.6998
    endloop
  endfacet
  facet normal 0.622959 0.000852327 0.782254
    outer loop
      vertex -2.66445 1.56575 10.7534
      vertex -2.59578 0.568759 10.6998
      vertex -2.66106 1.56605 10.7507
    endloop
  endfacet
  facet normal 0.615299 0 0.788294
    outer loop
      vertex -2.59578 0.568759 10.6998
      vertex -2.66445 1.56575 10.7534
      vertex -2.66445 0.562548 10.7534
    endloop
  endfacet
  facet normal 0.97569 0 -0.219154
    outer loop
      vertex -4.07413 1.12 15.0205
      vertex -4.1193 0.136643 14.8194
      vertex -4.1193 1.14451 14.8194
    endloop
  endfacet
  facet normal 0.97569 0 -0.219154
    outer loop
      vertex -4.1193 0.136643 14.8194
      vertex -4.07413 1.12 15.0205
      vertex -4.07413 0.112174 15.0205
    endloop
  endfacet
  facet normal -0.870008 0 0.493037
    outer loop
      vertex 3.60246 0.447707 11.8408
      vertex 3.70407 1.43311 12.0201
      vertex 3.60246 1.45077 11.8408
    endloop
  endfacet
  facet normal -0.870008 0 0.493037
    outer loop
      vertex 3.70407 1.43311 12.0201
      vertex 3.60246 0.447707 11.8408
      vertex 3.70407 0.430068 12.0201
    endloop
  endfacet
  facet normal -0.122724 0 -0.992441
    outer loop
      vertex 0.411672 -0.199661 18.1798
      vertex 0.616267 0.805764 18.1545
      vertex 0.616267 -0.201475 18.1545
    endloop
  endfacet
  facet normal -0.122724 0 -0.992441
    outer loop
      vertex 0.616267 0.805764 18.1545
      vertex 0.411672 -0.199661 18.1798
      vertex 0.411672 0.807573 18.1798
    endloop
  endfacet
  facet normal -0.689623 1.6223e-05 -0.724169
    outer loop
      vertex 2.82055 0.884421 17.112
      vertex 2.96985 -0.108601 16.9698
      vertex 2.86085 -0.119122 17.0736
    endloop
  endfacet
  facet normal -0.689835 -0 -0.723967
    outer loop
      vertex 2.82055 0.884421 17.112
      vertex 2.86085 -0.119122 17.0736
      vertex 2.82055 -0.123012 17.112
    endloop
  endfacet
  facet normal -0.689679 0 -0.724115
    outer loop
      vertex 2.96985 -0.108601 16.9698
      vertex 2.82055 0.884421 17.112
      vertex 2.96985 0.898859 16.9698
    endloop
  endfacet
  facet normal 0.122724 0 -0.992441
    outer loop
      vertex -0.616267 0.805764 18.1545
      vertex -0.411672 -0.199661 18.1798
      vertex -0.616267 -0.201475 18.1545
    endloop
  endfacet
  facet normal 0.122724 0 -0.992441
    outer loop
      vertex -0.411672 -0.199661 18.1798
      vertex -0.616267 0.805764 18.1545
      vertex -0.411672 0.807573 18.1798
    endloop
  endfacet
  facet normal 0.535047 0 -0.844822
    outer loop
      vertex -2.33339 -0.159398 17.4922
      vertex -2.15923 0.838194 17.6025
      vertex -2.15923 -0.169147 17.6025
    endloop
  endfacet
  facet normal 0.535047 0 -0.844822
    outer loop
      vertex -2.15923 0.838194 17.6025
      vertex -2.33339 -0.159398 17.4922
      vertex -2.33339 0.847964 17.4922
    endloop
  endfacet
  facet normal 0.870008 0 -0.493037
    outer loop
      vertex -3.60246 0.986562 16.1592
      vertex -3.70407 -0.000735643 15.9799
      vertex -3.70407 1.00691 15.9799
    endloop
  endfacet
  facet normal 0.870008 0 -0.493037
    outer loop
      vertex -3.70407 -0.000735643 15.9799
      vertex -3.60246 0.986562 16.1592
      vertex -3.60246 -0.02105 16.1592
    endloop
  endfacet
  facet normal 0.9495 0 -0.313767
    outer loop
      vertex -3.95448 1.07271 15.4149
      vertex -4.01915 0.0882594 15.2192
      vertex -4.01915 1.09605 15.2192
    endloop
  endfacet
  facet normal 0.9495 0 -0.313767
    outer loop
      vertex -4.01915 0.0882594 15.2192
      vertex -3.95448 1.07271 15.4149
      vertex -3.95448 0.0649555 15.4149
    endloop
  endfacet
  facet normal -0.757008 0 -0.653405
    outer loop
      vertex 3.24664 -0.076561 16.6645
      vertex 3.11199 0.914383 16.8205
      vertex 3.24664 0.930956 16.6645
    endloop
  endfacet
  facet normal -0.757008 -0 -0.653405
    outer loop
      vertex 3.11199 0.914383 16.8205
      vertex 3.24664 -0.076561 16.6645
      vertex 3.11199 -0.0931052 16.8205
    endloop
  endfacet
  facet normal 0.97569 0 0.219154
    outer loop
      vertex -4.1193 1.32479 13.1806
      vertex -4.07413 0.339982 12.9795
      vertex -4.07413 1.3429 12.9795
    endloop
  endfacet
  facet normal 0.97569 0 0.219154
    outer loop
      vertex -4.07413 0.339982 12.9795
      vertex -4.1193 1.32479 13.1806
      vertex -4.1193 0.321891 13.1806
    endloop
  endfacet
  facet normal 0.933037 0 -0.359782
    outer loop
      vertex -3.88029 1.05003 15.6073
      vertex -3.95448 0.0649555 15.4149
      vertex -3.95448 1.07271 15.4149
    endloop
  endfacet
  facet normal 0.933037 0 -0.359782
    outer loop
      vertex -3.95448 0.0649555 15.4149
      vertex -3.88029 1.05003 15.6073
      vertex -3.88029 0.042319 15.6073
    endloop
  endfacet
  facet normal 0.689679 0 0.724115
    outer loop
      vertex -2.96985 1.53484 11.0302
      vertex -2.82055 0.547347 10.888
      vertex -2.82055 1.55053 10.888
    endloop
  endfacet
  facet normal 0.689679 0 0.724115
    outer loop
      vertex -2.82055 0.547347 10.888
      vertex -2.96985 1.53484 11.0302
      vertex -2.96985 0.53168 11.0302
    endloop
  endfacet
  facet normal 0.72426 0 0.689527
    outer loop
      vertex -3.11199 1.51873 11.1795
      vertex -2.96985 0.53168 11.0302
      vertex -2.96985 1.53484 11.0302
    endloop
  endfacet
  facet normal 0.72426 0 0.689527
    outer loop
      vertex -2.96985 0.53168 11.0302
      vertex -3.11199 1.51873 11.1795
      vertex -3.11199 0.515585 11.1795
    endloop
  endfacet
  facet normal 0.914159 0 0.405355
    outer loop
      vertex -3.88029 1.39728 12.3927
      vertex -3.79675 0.412246 12.2043
      vertex -3.79675 1.41526 12.2043
    endloop
  endfacet
  facet normal 0.914159 0 0.405355
    outer loop
      vertex -3.79675 0.412246 12.2043
      vertex -3.88029 1.39728 12.3927
      vertex -3.88029 0.394282 12.3927
    endloop
  endfacet
  facet normal -0.21925 0 -0.975669
    outer loop
      vertex 0.819379 -0.201979 18.1193
      vertex 1.02052 0.80608 18.0741
      vertex 1.02052 -0.201173 18.0741
    endloop
  endfacet
  facet normal -0.21925 0 -0.975669
    outer loop
      vertex 1.02052 0.80608 18.0741
      vertex 0.819379 -0.201979 18.1193
      vertex 0.819379 0.805266 18.1193
    endloop
  endfacet
  facet normal -0.449657 0 0.893201
    outer loop
      vertex 1.79573 0.630322 10.2032
      vertex 1.97987 1.62123 10.2959
      vertex 1.79573 1.63359 10.2032
    endloop
  endfacet
  facet normal -0.449657 0 0.893201
    outer loop
      vertex 1.97987 1.62123 10.2959
      vertex 1.79573 0.630322 10.2032
      vertex 1.97987 0.617976 10.2959
    endloop
  endfacet
  facet normal 0.992477 0 0.122435
    outer loop
      vertex -4.17978 1.28883 13.5883
      vertex -4.15454 0.303876 13.3837
      vertex -4.15454 1.30675 13.3837
    endloop
  endfacet
  facet normal 0.992477 0 0.122435
    outer loop
      vertex -4.15454 0.303876 13.3837
      vertex -4.17978 1.28883 13.5883
      vertex -4.17978 0.285982 13.5883
    endloop
  endfacet
  facet normal -0.963786 0 0.266678
    outer loop
      vertex 4.01915 0.358107 12.7808
      vertex 4.07413 1.3429 12.9795
      vertex 4.01915 1.36105 12.7808
    endloop
  endfacet
  facet normal -0.963786 0 0.266678
    outer loop
      vertex 4.07413 1.3429 12.9795
      vertex 4.01915 0.358107 12.7808
      vertex 4.07413 0.339982 12.9795
    endloop
  endfacet
  facet normal 0.405085 0 0.914279
    outer loop
      vertex -1.79573 1.63359 10.2032
      vertex -1.60727 0.642002 10.1197
      vertex -1.60727 1.64528 10.1197
    endloop
  endfacet
  facet normal 0.405085 0 0.914279
    outer loop
      vertex -1.60727 0.642002 10.1197
      vertex -1.79573 1.63359 10.2032
      vertex -1.79573 0.630322 10.2032
    endloop
  endfacet
  facet normal -0.893299 0 0.449462
    outer loop
      vertex 3.70407 0.430068 12.0201
      vertex 3.79675 1.41526 12.2043
      vertex 3.70407 1.43311 12.0201
    endloop
  endfacet
  facet normal -0.893299 0 0.449462
    outer loop
      vertex 3.79675 1.41526 12.2043
      vertex 3.70407 0.430068 12.0201
      vertex 3.79675 0.412246 12.2043
    endloop
  endfacet
  facet normal -0.985279 0 0.170956
    outer loop
      vertex 4.1193 0.321891 13.1806
      vertex 4.15454 1.30675 13.3837
      vertex 4.1193 1.32479 13.1806
    endloop
  endfacet
  facet normal -0.985279 0 0.170956
    outer loop
      vertex 4.15454 1.30675 13.3837
      vertex 4.1193 0.321891 13.1806
      vertex 4.15454 0.303876 13.3837
    endloop
  endfacet
  facet normal -0.492875 0 0.8701
    outer loop
      vertex 1.97987 0.617976 10.2959
      vertex 2.15923 1.60824 10.3975
      vertex 1.97987 1.62123 10.2959
    endloop
  endfacet
  facet normal -0.492875 0 0.8701
    outer loop
      vertex 2.15923 1.60824 10.3975
      vertex 1.97987 0.617976 10.2959
      vertex 2.15923 0.604994 10.3975
    endloop
  endfacet
  facet normal -0.170946 0 0.98528
    outer loop
      vertex 0.616267 0.689485 9.84546
      vertex 0.819379 1.68483 9.8807
      vertex 0.616267 1.6928 9.84546
    endloop
  endfacet
  facet normal -0.170946 0 0.98528
    outer loop
      vertex 0.819379 1.68483 9.8807
      vertex 0.616267 0.689485 9.84546
      vertex 0.819379 0.681523 9.8807
    endloop
  endfacet
  facet normal 0.999699 0 -0.0245438
    outer loop
      vertex -4.19494 1.22075 14.2061
      vertex -4.2 0.238857 14
      vertex -4.2 1.24687 14
    endloop
  endfacet
  facet normal 0.999699 0 -0.0245438
    outer loop
      vertex -4.2 0.238857 14
      vertex -4.19494 1.22075 14.2061
      vertex -4.19494 0.212775 14.2061
    endloop
  endfacet
  facet normal -0.97569 0 0.219154
    outer loop
      vertex 4.07413 0.339982 12.9795
      vertex 4.1193 1.32479 13.1806
      vertex 4.07413 1.3429 12.9795
    endloop
  endfacet
  facet normal -0.97569 0 0.219154
    outer loop
      vertex 4.1193 1.32479 13.1806
      vertex 4.07413 0.339982 12.9795
      vertex 4.1193 0.321891 13.1806
    endloop
  endfacet
  facet normal 0.122437 0 0.992476
    outer loop
      vertex -0.616267 1.6928 9.84546
      vertex -0.411672 0.696638 9.82022
      vertex -0.411672 1.69995 9.82022
    endloop
  endfacet
  facet normal 0.122437 0 0.992476
    outer loop
      vertex -0.411672 0.696638 9.82022
      vertex -0.616267 1.6928 9.84546
      vertex -0.616267 0.689485 9.84546
    endloop
  endfacet
  facet normal -0.313403 -0 -0.94962
    outer loop
      vertex 1.2192 0.808205 18.0191
      vertex 1.41494 -0.195641 17.9545
      vertex 1.2192 -0.199059 18.0191
    endloop
  endfacet
  facet normal -0.313403 0 -0.94962
    outer loop
      vertex 1.41494 -0.195641 17.9545
      vertex 1.2192 0.808205 18.0191
      vertex 1.41494 0.811635 17.9545
    endloop
  endfacet
  facet normal 0.266093 0 -0.963947
    outer loop
      vertex -1.02052 -0.201173 18.0741
      vertex -1.1071 0.807006 18.0502
      vertex -1.02052 0.80608 18.0741
    endloop
  endfacet
  facet normal 0.266794 6.47633e-05 -0.963754
    outer loop
      vertex -1.2192 -0.199059 18.0191
      vertex -1.1071 0.807006 18.0502
      vertex -1.02052 -0.201173 18.0741
    endloop
  endfacet
  facet normal 0.267334 0 -0.963604
    outer loop
      vertex -1.1071 0.807006 18.0502
      vertex -1.2192 -0.199059 18.0191
      vertex -1.2192 0.808205 18.0191
    endloop
  endfacet
  facet normal 0.992478 -3.16698e-06 -0.12242
    outer loop
      vertex -4.17978 0.187004 14.4117
      vertex -4.16965 1.18474 14.4938
      vertex -4.15454 1.16951 14.6163
    endloop
  endfacet
  facet normal 0.992474 0 -0.122457
    outer loop
      vertex -4.16965 1.18474 14.4938
      vertex -4.17978 0.187004 14.4117
      vertex -4.17978 1.19494 14.4117
    endloop
  endfacet
  facet normal 0.992477 0 -0.122435
    outer loop
      vertex -4.17978 0.187004 14.4117
      vertex -4.15454 1.16951 14.6163
      vertex -4.15454 0.161606 14.6163
    endloop
  endfacet
  facet normal 0.788498 0 0.615038
    outer loop
      vertex -3.37347 1.48537 11.4981
      vertex -3.24664 0.4991 11.3355
      vertex -3.24664 1.50223 11.3355
    endloop
  endfacet
  facet normal 0.788498 0 0.615038
    outer loop
      vertex -3.24664 0.4991 11.3355
      vertex -3.37347 1.48537 11.4981
      vertex -3.37347 0.482264 11.4981
    endloop
  endfacet
  facet normal -0.817519 0 0.575902
    outer loop
      vertex 3.37347 0.482264 11.4981
      vertex 3.49217 1.46821 11.6666
      vertex 3.37347 1.48537 11.4981
    endloop
  endfacet
  facet normal -0.817519 0 0.575902
    outer loop
      vertex 3.49217 1.46821 11.6666
      vertex 3.37347 0.482264 11.4981
      vertex 3.49217 0.46512 11.6666
    endloop
  endfacet
  facet normal -0.689679 0 0.724115
    outer loop
      vertex 2.82055 0.547347 10.888
      vertex 2.96985 1.53484 11.0302
      vertex 2.82055 1.55053 10.888
    endloop
  endfacet
  facet normal -0.689679 0 0.724115
    outer loop
      vertex 2.96985 1.53484 11.0302
      vertex 2.82055 0.547347 10.888
      vertex 2.96985 0.53168 11.0302
    endloop
  endfacet
  facet normal 0.313403 0 -0.94962
    outer loop
      vertex -1.41494 -0.195641 17.9545
      vertex -1.2192 0.808205 18.0191
      vertex -1.2192 -0.199059 18.0191
    endloop
  endfacet
  facet normal 0.313403 0 -0.94962
    outer loop
      vertex -1.2192 0.808205 18.0191
      vertex -1.41494 -0.195641 17.9545
      vertex -1.41494 0.811635 17.9545
    endloop
  endfacet
  facet normal 0.844899 0 0.534925
    outer loop
      vertex -3.60246 1.45077 11.8408
      vertex -3.49217 0.46512 11.6666
      vertex -3.49217 1.46821 11.6666
    endloop
  endfacet
  facet normal 0.844899 0 0.534925
    outer loop
      vertex -3.49217 0.46512 11.6666
      vertex -3.60246 1.45077 11.8408
      vertex -3.60246 0.447707 11.8408
    endloop
  endfacet
  facet normal -0.933037 0 0.359782
    outer loop
      vertex 3.88029 0.394282 12.3927
      vertex 3.95448 1.37919 12.5851
      vertex 3.88029 1.39728 12.3927
    endloop
  endfacet
  facet normal -0.933037 0 0.359782
    outer loop
      vertex 3.95448 1.37919 12.5851
      vertex 3.88029 0.394282 12.3927
      vertex 3.95448 0.376222 12.5851
    endloop
  endfacet
  facet normal 0.985279 0 -0.170956
    outer loop
      vertex -4.1193 1.14451 14.8194
      vertex -4.15454 0.161606 14.6163
      vertex -4.15454 1.16951 14.6163
    endloop
  endfacet
  facet normal 0.985279 0 -0.170956
    outer loop
      vertex -4.15454 0.161606 14.6163
      vertex -4.1193 1.14451 14.8194
      vertex -4.1193 0.136643 14.8194
    endloop
  endfacet
  facet normal 0.817519 0 0.575902
    outer loop
      vertex -3.49217 1.46821 11.6666
      vertex -3.37347 0.482264 11.4981
      vertex -3.37347 1.48537 11.4981
    endloop
  endfacet
  facet normal 0.817519 0 0.575902
    outer loop
      vertex -3.37347 0.482264 11.4981
      vertex -3.49217 1.46821 11.6666
      vertex -3.49217 0.46512 11.6666
    endloop
  endfacet
  facet normal 0.359938 0 0.932976
    outer loop
      vertex -1.60727 1.64528 10.1197
      vertex -1.41494 0.652988 10.0455
      vertex -1.41494 1.65627 10.0455
    endloop
  endfacet
  facet normal 0.359938 0 0.932976
    outer loop
      vertex -1.41494 0.652988 10.0455
      vertex -1.60727 1.64528 10.1197
      vertex -1.60727 0.642002 10.1197
    endloop
  endfacet
  facet normal 0.757008 0 -0.653405
    outer loop
      vertex -3.11199 0.914383 16.8205
      vertex -3.24664 -0.076561 16.6645
      vertex -3.24664 0.930956 16.6645
    endloop
  endfacet
  facet normal 0.757008 0 -0.653405
    outer loop
      vertex -3.24664 -0.076561 16.6645
      vertex -3.11199 0.914383 16.8205
      vertex -3.11199 -0.0931052 16.8205
    endloop
  endfacet
  facet normal 0.313622 0 0.949548
    outer loop
      vertex -1.41494 1.65627 10.0455
      vertex -1.2192 0.663252 9.98085
      vertex -1.2192 1.66655 9.98085
    endloop
  endfacet
  facet normal 0.313622 0 0.949548
    outer loop
      vertex -1.2192 0.663252 9.98085
      vertex -1.41494 1.65627 10.0455
      vertex -1.41494 0.652988 10.0455
    endloop
  endfacet
  facet normal 0.219112 0 0.9757
    outer loop
      vertex -1.02052 1.67607 9.92587
      vertex -0.819379 0.681523 9.8807
      vertex -0.819379 1.68483 9.8807
    endloop
  endfacet
  facet normal 0.219112 0 0.9757
    outer loop
      vertex -0.819379 0.681523 9.8807
      vertex -1.02052 1.67607 9.92587
      vertex -1.02052 0.672772 9.92587
    endloop
  endfacet
  facet normal 0.9495 0 0.313767
    outer loop
      vertex -4.01915 1.36105 12.7808
      vertex -3.95448 0.376222 12.5851
      vertex -3.95448 1.37919 12.5851
    endloop
  endfacet
  facet normal 0.9495 0 0.313767
    outer loop
      vertex -3.95448 0.376222 12.5851
      vertex -4.01915 1.36105 12.7808
      vertex -4.01915 0.358107 12.7808
    endloop
  endfacet
  facet normal 0.535047 0 0.844822
    outer loop
      vertex -2.33339 1.59464 10.5078
      vertex -2.15923 0.604994 10.3975
      vertex -2.15923 1.60824 10.3975
    endloop
  endfacet
  facet normal 0.535047 0 0.844822
    outer loop
      vertex -2.15923 0.604994 10.3975
      vertex -2.33339 1.59464 10.5078
      vertex -2.33339 0.591406 10.5078
    endloop
  endfacet
  facet normal 0.449657 0 -0.893201
    outer loop
      vertex -1.97987 -0.177665 17.7041
      vertex -1.79573 0.822374 17.7968
      vertex -1.79573 -0.184931 17.7968
    endloop
  endfacet
  facet normal 0.449657 0 -0.893201
    outer loop
      vertex -1.79573 0.822374 17.7968
      vertex -1.97987 -0.177665 17.7041
      vertex -1.97987 0.829657 17.7041
    endloop
  endfacet
  facet normal 0.653026 0 0.757335
    outer loop
      vertex -2.82055 1.55053 10.888
      vertex -2.66445 0.562548 10.7534
      vertex -2.66445 1.56575 10.7534
    endloop
  endfacet
  facet normal 0.653026 0 0.757335
    outer loop
      vertex -2.66445 0.562548 10.7534
      vertex -2.82055 1.55053 10.888
      vertex -2.82055 0.547347 10.888
    endloop
  endfacet
  facet normal -0.949601 0 0.313461
    outer loop
      vertex 41.9545 -9.26416 12.5851
      vertex 42.0191 -8.19271 12.7808
      vertex 41.9545 -8.14163 12.5851
    endloop
  endfacet
  facet normal -0.949601 0 0.313461
    outer loop
      vertex 42.0191 -8.19271 12.7808
      vertex 41.9545 -9.26416 12.5851
      vertex 42.0191 -9.31521 12.7808
    endloop
  endfacet
  facet normal -0.997314 0 -0.0732463
    outer loop
      vertex 42.1949 -9.56152 14.2061
      vertex 42.1798 -8.45506 14.4117
      vertex 42.1949 -8.43339 14.2061
    endloop
  endfacet
  facet normal -0.997314 -0 -0.0732463
    outer loop
      vertex 42.1798 -8.45506 14.4117
      vertex 42.1949 -9.56152 14.2061
      vertex 42.1798 -9.58315 14.4117
    endloop
  endfacet
  facet normal -0.999694 0 -0.0247377
    outer loop
      vertex 42.2 -9.53474 14
      vertex 42.1949 -8.43339 14.2061
      vertex 42.2 -8.40656 14
    endloop
  endfacet
  facet normal -0.999694 -0 -0.0247377
    outer loop
      vertex 42.1949 -8.43339 14.2061
      vertex 42.2 -9.53474 14
      vertex 42.1949 -9.56152 14.2061
    endloop
  endfacet
  facet normal -0.724784 0.000185912 -0.688976
    outer loop
      vertex 40.9698 -9.33821 16.9698
      vertex 41.0371 -8.23442 16.8993
      vertex 41.112 -8.26093 16.8205
    endloop
  endfacet
  facet normal -0.723332 0 -0.6905
    outer loop
      vertex 41.0371 -8.23442 16.8993
      vertex 40.9698 -9.33821 16.9698
      vertex 40.9698 -8.21446 16.9698
    endloop
  endfacet
  facet normal -0.724115 0 -0.689679
    outer loop
      vertex 40.9698 -9.33821 16.9698
      vertex 41.112 -8.26093 16.8205
      vertex 41.112 -9.38851 16.8205
    endloop
  endfacet
  facet normal -0.985311 0 -0.170768
    outer loop
      vertex 42.1545 -9.59956 14.6163
      vertex 42.1193 -8.48273 14.8194
      vertex 42.1545 -8.47152 14.6163
    endloop
  endfacet
  facet normal -0.985311 -0 -0.170768
    outer loop
      vertex 42.1193 -8.48273 14.8194
      vertex 42.1545 -9.59956 14.6163
      vertex 42.1193 -9.61073 14.8194
    endloop
  endfacet
  facet normal 0.689679 0 -0.724115
    outer loop
      vertex 35.0302 -6.75867 16.9698
      vertex 35.1795 -5.75617 17.112
      vertex 35.1795 -6.83563 17.112
    endloop
  endfacet
  facet normal 0.689679 0 -0.724115
    outer loop
      vertex 35.1795 -5.75617 17.112
      vertex 35.0302 -6.75867 16.9698
      vertex 35.0302 -5.67918 16.9698
    endloop
  endfacet
  facet normal 0.817519 0 -0.575902
    outer loop
      vertex 34.6265 -5.45964 16.5019
      vertex 34.5078 -6.47047 16.3334
      vertex 34.5078 -5.39085 16.3334
    endloop
  endfacet
  facet normal 0.817519 0 -0.575902
    outer loop
      vertex 34.5078 -6.47047 16.3334
      vertex 34.6265 -5.45964 16.5019
      vertex 34.6265 -6.53922 16.5019
    endloop
  endfacet
  facet normal -0.992441 0 -0.122721
    outer loop
      vertex 42.1798 -9.58315 14.4117
      vertex 42.1545 -8.47152 14.6163
      vertex 42.1798 -8.45506 14.4117
    endloop
  endfacet
  facet normal -0.992441 -0 -0.122721
    outer loop
      vertex 42.1545 -8.47152 14.6163
      vertex 42.1798 -9.58315 14.4117
      vertex 42.1545 -9.59956 14.6163
    endloop
  endfacet
  facet normal 0.997314 0 0.0732463
    outer loop
      vertex 33.8051 -4.77556 13.7939
      vertex 33.8202 -5.83733 13.5883
      vertex 33.8202 -4.76278 13.5883
    endloop
  endfacet
  facet normal 0.997278 -9.3921e-05 0.0737287
    outer loop
      vertex 33.8051 -4.77556 13.7939
      vertex 33.8103 -5.84563 13.7222
      vertex 33.8202 -5.83733 13.5883
    endloop
  endfacet
  facet normal 0.99738 0 0.0723344
    outer loop
      vertex 33.8103 -5.84563 13.7222
      vertex 33.8051 -4.77556 13.7939
      vertex 33.8051 -5.85336 13.7939
    endloop
  endfacet
  facet normal 0.359824 0 -0.93302
    outer loop
      vertex 36.3927 -7.41384 17.8803
      vertex 36.5851 -6.41333 17.9545
      vertex 36.5851 -7.50941 17.9545
    endloop
  endfacet
  facet normal 0.359824 0 -0.93302
    outer loop
      vertex 36.5851 -6.41333 17.9545
      vertex 36.3927 -7.41384 17.8803
      vertex 36.3927 -6.32902 17.8803
    endloop
  endfacet
  facet normal 0.219293 0 -0.975659
    outer loop
      vertex 36.9795 -7.70088 18.0741
      vertex 37.1806 -6.69489 18.1193
      vertex 37.1806 -7.79632 18.1193
    endloop
  endfacet
  facet normal 0.219293 0 -0.975659
    outer loop
      vertex 37.1806 -6.69489 18.1193
      vertex 36.9795 -7.70088 18.0741
      vertex 36.9795 -6.59944 18.0741
    endloop
  endfacet
  facet normal 0.266678 -0 0.963786
    outer loop
      vertex 36.7808 -6.66222 9.98085
      vertex 36.9795 -5.64961 9.92587
      vertex 36.7808 -5.57795 9.98085
    endloop
  endfacet
  facet normal 0.266678 0 0.963786
    outer loop
      vertex 36.9795 -5.64961 9.92587
      vertex 36.7808 -6.66222 9.98085
      vertex 36.9795 -6.74521 9.92587
    endloop
  endfacet
  facet normal -0.964222 0 -0.265096
    outer loop
      vertex 42.0741 -9.61662 15.0205
      vertex 42.0639 -8.48878 15.0576
      vertex 42.0741 -8.48866 15.0205
    endloop
  endfacet
  facet normal -0.963761 5.91697e-05 -0.266768
    outer loop
      vertex 42.0191 -9.61722 15.2192
      vertex 42.0639 -8.48878 15.0576
      vertex 42.0741 -9.61662 15.0205
    endloop
  endfacet
  facet normal -0.963654 0 -0.267152
    outer loop
      vertex 42.0639 -8.48878 15.0576
      vertex 42.0191 -9.61722 15.2192
      vertex 42.0191 -8.4893 15.2192
    endloop
  endfacet
  facet normal -0.360473 0 -0.93277
    outer loop
      vertex 39.5571 -8.81918 17.8997
      vertex 39.6073 -7.73726 17.8803
      vertex 39.6073 -8.83875 17.8803
    endloop
  endfacet
  facet normal -0.35961 -4.59913e-05 -0.933103
    outer loop
      vertex 39.4149 -8.76381 17.9545
      vertex 39.6073 -7.73726 17.8803
      vertex 39.5571 -8.81918 17.8997
    endloop
  endfacet
  facet normal -0.359824 0 -0.93302
    outer loop
      vertex 39.6073 -7.73726 17.8803
      vertex 39.4149 -8.76381 17.9545
      vertex 39.4149 -7.66234 17.9545
    endloop
  endfacet
  facet normal 0.493 -0 0.870029
    outer loop
      vertex 35.8408 -6.32807 10.3975
      vertex 36.0201 -5.31308 10.2959
      vertex 35.8408 -5.25309 10.3975
    endloop
  endfacet
  facet normal 0.493 0 0.870029
    outer loop
      vertex 36.0201 -5.31308 10.2959
      vertex 35.8408 -6.32807 10.3975
      vertex 36.0201 -6.38806 10.2959
    endloop
  endfacet
  facet normal -0.53496 0 0.844878
    outer loop
      vertex 40.1592 -8.19825 10.3975
      vertex 40.3334 -7.18859 10.5078
      vertex 40.1592 -7.10119 10.3975
    endloop
  endfacet
  facet normal -0.53496 0 0.844878
    outer loop
      vertex 40.3334 -7.18859 10.5078
      vertex 40.1592 -8.19825 10.3975
      vertex 40.3334 -8.28563 10.5078
    endloop
  endfacet
  facet normal -0.0735358 0 0.997293
    outer loop
      vertex 38.2061 -7.27777 9.80506
      vertex 38.4117 -6.27317 9.82022
      vertex 38.2061 -6.18063 9.80506
    endloop
  endfacet
  facet normal -0.0735358 0 0.997293
    outer loop
      vertex 38.4117 -6.27317 9.82022
      vertex 38.2061 -7.27777 9.80506
      vertex 38.4117 -7.3703 9.82022
    endloop
  endfacet
  facet normal -0.844878 0 -0.53496
    outer loop
      vertex 41.6025 -8.41355 16.1592
      vertex 41.4922 -9.51054 16.3334
      vertex 41.4922 -8.38286 16.3334
    endloop
  endfacet
  facet normal -0.844878 0 -0.53496
    outer loop
      vertex 41.4922 -9.51054 16.3334
      vertex 41.6025 -8.41355 16.1592
      vertex 41.6025 -9.54127 16.1592
    endloop
  endfacet
  facet normal 0.615249 0 -0.788333
    outer loop
      vertex 35.3355 -6.91419 17.2466
      vertex 35.4981 -5.91475 17.3735
      vertex 35.4981 -6.99416 17.3735
    endloop
  endfacet
  facet normal 0.615249 0 -0.788333
    outer loop
      vertex 35.4981 -5.91475 17.3735
      vertex 35.3355 -6.91419 17.2466
      vertex 35.3355 -5.83475 17.2466
    endloop
  endfacet
  facet normal 0.870029 -0 0.493
    outer loop
      vertex 34.2959 -5.87895 12.0201
      vertex 34.3975 -4.82714 11.8408
      vertex 34.2959 -4.8042 12.0201
    endloop
  endfacet
  facet normal 0.870029 0 0.493
    outer loop
      vertex 34.3975 -4.82714 11.8408
      vertex 34.2959 -5.87895 12.0201
      vertex 34.3975 -5.90192 11.8408
    endloop
  endfacet
  facet normal -0.992441 0 0.122721
    outer loop
      vertex 42.1545 -9.44034 13.3837
      vertex 42.1798 -8.34998 13.5883
      vertex 42.1545 -8.31792 13.3837
    endloop
  endfacet
  facet normal -0.992441 0 0.122721
    outer loop
      vertex 42.1798 -8.34998 13.5883
      vertex 42.1545 -9.44034 13.3837
      vertex 42.1798 -9.47237 13.5883
    endloop
  endfacet
  facet normal 0.170768 0 -0.985311
    outer loop
      vertex 37.1806 -7.79632 18.1193
      vertex 37.3837 -6.78983 18.1545
      vertex 37.3837 -7.89125 18.1545
    endloop
  endfacet
  facet normal 0.170768 0 -0.985311
    outer loop
      vertex 37.3837 -6.78983 18.1545
      vertex 37.1806 -7.79632 18.1193
      vertex 37.1806 -6.69489 18.1193
    endloop
  endfacet
  facet normal -0.266678 0 0.963786
    outer loop
      vertex 39.0205 -7.64994 9.92587
      vertex 39.2192 -6.64597 9.98085
      vertex 39.0205 -6.55282 9.92587
    endloop
  endfacet
  facet normal -0.266678 0 0.963786
    outer loop
      vertex 39.2192 -6.64597 9.98085
      vertex 39.0205 -7.64994 9.92587
      vertex 39.2192 -7.74308 9.98085
    endloop
  endfacet
  facet normal -0.653266 0 -0.757128
    outer loop
      vertex 40.6645 -9.22388 17.2466
      vertex 40.8205 -8.16808 17.112
      vertex 40.8205 -9.28329 17.112
    endloop
  endfacet
  facet normal -0.653266 0 -0.757128
    outer loop
      vertex 40.8205 -8.16808 17.112
      vertex 40.6645 -9.22388 17.2466
      vertex 40.6645 -8.11764 17.2466
    endloop
  endfacet
  facet normal -0.975659 0 -0.219293
    outer loop
      vertex 42.1193 -9.61073 14.8194
      vertex 42.0741 -8.48866 15.0205
      vertex 42.1193 -8.48273 14.8194
    endloop
  endfacet
  facet normal -0.975659 -0 -0.219293
    outer loop
      vertex 42.0741 -8.48866 15.0205
      vertex 42.1193 -9.61073 14.8194
      vertex 42.0741 -9.61662 15.0205
    endloop
  endfacet
  facet normal -0.266768 0 -0.963761
    outer loop
      vertex 39.0205 -8.60561 18.0741
      vertex 39.2192 -7.58458 18.0191
      vertex 39.2192 -8.68603 18.0191
    endloop
  endfacet
  facet normal -0.266768 0 -0.963761
    outer loop
      vertex 39.2192 -7.58458 18.0191
      vertex 39.0205 -8.60561 18.0741
      vertex 39.0205 -7.50417 18.0741
    endloop
  endfacet
  facet normal 0.914231 0 -0.405193
    outer loop
      vertex 34.2032 -5.19999 15.7957
      vertex 34.1197 -6.22181 15.6073
      vertex 34.1197 -5.14205 15.6073
    endloop
  endfacet
  facet normal 0.914231 0 -0.405193
    outer loop
      vertex 34.1197 -6.22181 15.6073
      vertex 34.2032 -5.19999 15.7957
      vertex 34.2032 -6.27972 15.7957
    endloop
  endfacet
  facet normal -0.0245578 2.87057e-06 0.999698
    outer loop
      vertex 38 -7.18595 9.8
      vertex 38.2061 -6.18063 9.80506
      vertex 38.1715 -6.16522 9.80421
    endloop
  endfacet
  facet normal -0.0245407 0 0.999699
    outer loop
      vertex 38 -7.18595 9.8
      vertex 38.1715 -6.16522 9.80421
      vertex 38 -6.08881 9.8
    endloop
  endfacet
  facet normal -0.0245438 0 0.999699
    outer loop
      vertex 38.2061 -6.18063 9.80506
      vertex 38 -7.18595 9.8
      vertex 38.2061 -7.27777 9.80506
    endloop
  endfacet
  facet normal 0.575902 0 -0.817519
    outer loop
      vertex 35.4981 -6.99416 17.3735
      vertex 35.6666 -5.99596 17.4922
      vertex 35.6666 -7.07535 17.4922
    endloop
  endfacet
  facet normal 0.575902 0 -0.817519
    outer loop
      vertex 35.6666 -5.99596 17.4922
      vertex 35.4981 -6.99416 17.3735
      vertex 35.4981 -5.91475 17.3735
    endloop
  endfacet
  facet normal -0.844878 0 0.53496
    outer loop
      vertex 41.4922 -8.94466 11.6666
      vertex 41.6025 -7.894 11.8408
      vertex 41.4922 -7.82201 11.6666
    endloop
  endfacet
  facet normal -0.844878 0 0.53496
    outer loop
      vertex 41.6025 -7.894 11.8408
      vertex 41.4922 -8.94466 11.6666
      vertex 41.6025 -9.01663 11.8408
    endloop
  endfacet
  facet normal -0.615249 0 0.788333
    outer loop
      vertex 40.5019 -8.3713 10.6265
      vertex 40.6645 -7.35804 10.7534
      vertex 40.5019 -7.27427 10.6265
    endloop
  endfacet
  facet normal -0.615249 0 0.788333
    outer loop
      vertex 40.6645 -7.35804 10.7534
      vertex 40.5019 -8.3713 10.6265
      vertex 40.6645 -8.45505 10.7534
    endloop
  endfacet
  facet normal 0.0245438 -0 0.999699
    outer loop
      vertex 37.7939 -7.09507 9.80506
      vertex 38 -6.08881 9.8
      vertex 37.7939 -5.99793 9.80506
    endloop
  endfacet
  facet normal 0.0245438 0 0.999699
    outer loop
      vertex 38 -6.08881 9.8
      vertex 37.7939 -7.09507 9.80506
      vertex 38 -7.18595 9.8
    endloop
  endfacet
  facet normal -0.89326 0 -0.44954
    outer loop
      vertex 41.7968 -8.45954 15.7957
      vertex 41.7041 -9.56689 15.9799
      vertex 41.7041 -8.43913 15.9799
    endloop
  endfacet
  facet normal -0.89326 0 -0.44954
    outer loop
      vertex 41.7041 -9.56689 15.9799
      vertex 41.7968 -8.45954 15.7957
      vertex 41.7968 -9.58733 15.7957
    endloop
  endfacet
  facet normal -0.493 0 -0.870029
    outer loop
      vertex 39.9799 -8.9794 17.7041
      vertex 40.1592 -7.94324 17.6025
      vertex 40.1592 -9.04478 17.6025
    endloop
  endfacet
  facet normal -0.493 0 -0.870029
    outer loop
      vertex 40.1592 -7.94324 17.6025
      vertex 39.9799 -8.9794 17.7041
      vertex 39.9799 -7.87788 17.7041
    endloop
  endfacet
  facet normal -0.0247377 0 -0.999694
    outer loop
      vertex 38 -8.17075 18.2
      vertex 38.2061 -7.15998 18.1949
      vertex 38.2061 -8.2614 18.1949
    endloop
  endfacet
  facet normal -0.0247377 0 -0.999694
    outer loop
      vertex 38.2061 -7.15998 18.1949
      vertex 38 -8.17075 18.2
      vertex 38 -7.06933 18.2
    endloop
  endfacet
  facet normal -0.360145 0 0.932896
    outer loop
      vertex 39.6073 -6.83083 10.1197
      vertex 39.484 -7.86888 10.0721
      vertex 39.6073 -7.92793 10.1197
    endloop
  endfacet
  facet normal -0.359824 0 0.93302
    outer loop
      vertex 39.4149 -7.83582 10.0455
      vertex 39.6073 -6.83083 10.1197
      vertex 39.4149 -6.73872 10.0455
    endloop
  endfacet
  facet normal -0.359299 -0.000115475 0.933223
    outer loop
      vertex 39.6073 -6.83083 10.1197
      vertex 39.4149 -7.83582 10.0455
      vertex 39.484 -7.86888 10.0721
    endloop
  endfacet
  facet normal -0.999671 0 0.0256326
    outer loop
      vertex 42.1949 -9.50286 13.7939
      vertex 42.1962 -8.3825 13.8446
      vertex 42.1949 -8.37707 13.7939
    endloop
  endfacet
  facet normal -0.999701 5.3371e-05 0.024454
    outer loop
      vertex 42.1962 -8.3825 13.8446
      vertex 42.1949 -9.50286 13.7939
      vertex 42.2 -8.40656 14
    endloop
  endfacet
  facet normal -0.999694 0 0.0247377
    outer loop
      vertex 42.2 -8.40656 14
      vertex 42.1949 -9.50286 13.7939
      vertex 42.2 -9.53474 14
    endloop
  endfacet
  facet normal -0.313679 0 0.949529
    outer loop
      vertex 39.2192 -7.74308 9.98085
      vertex 39.4149 -6.73872 10.0455
      vertex 39.2192 -6.64597 9.98085
    endloop
  endfacet
  facet normal -0.313679 0 0.949529
    outer loop
      vertex 39.4149 -6.73872 10.0455
      vertex 39.2192 -7.74308 9.98085
      vertex 39.4149 -7.83582 10.0455
    endloop
  endfacet
  facet normal -0.405193 0 -0.914231
    outer loop
      vertex 39.6073 -8.83875 17.8803
      vertex 39.7957 -7.80917 17.7968
      vertex 39.7957 -8.91067 17.7968
    endloop
  endfacet
  facet normal -0.404457 -0.000160939 -0.914557
    outer loop
      vertex 39.7957 -7.80917 17.7968
      vertex 39.6073 -8.83875 17.8803
      vertex 39.781 -7.80354 17.8033
    endloop
  endfacet
  facet normal -0.405259 0 -0.914202
    outer loop
      vertex 39.781 -7.80354 17.8033
      vertex 39.6073 -8.83875 17.8803
      vertex 39.6073 -7.73726 17.8803
    endloop
  endfacet
  facet normal 0.985311 0 0.170768
    outer loop
      vertex 33.8455 -4.75398 13.3837
      vertex 33.8807 -5.82377 13.1806
      vertex 33.8807 -4.74917 13.1806
    endloop
  endfacet
  facet normal 0.985311 0 0.170768
    outer loop
      vertex 33.8807 -5.82377 13.1806
      vertex 33.8455 -4.75398 13.3837
      vertex 33.8455 -5.82855 13.3837
    endloop
  endfacet
  facet normal -0.575902 0 0.817519
    outer loop
      vertex 40.3334 -8.28563 10.5078
      vertex 40.5019 -7.27427 10.6265
      vertex 40.3334 -7.18859 10.5078
    endloop
  endfacet
  facet normal -0.575902 0 0.817519
    outer loop
      vertex 40.5019 -7.27427 10.6265
      vertex 40.3334 -8.28563 10.5078
      vertex 40.5019 -8.3713 10.6265
    endloop
  endfacet
  facet normal 0.170956 -0 0.985279
    outer loop
      vertex 37.1806 -6.8302 9.8807
      vertex 37.3837 -5.81985 9.84546
      vertex 37.1806 -5.73307 9.8807
    endloop
  endfacet
  facet normal 0.170956 0 0.985279
    outer loop
      vertex 37.3837 -5.81985 9.84546
      vertex 37.1806 -6.8302 9.8807
      vertex 37.3837 -6.91698 9.84546
    endloop
  endfacet
  facet normal -0.405193 0 0.914231
    outer loop
      vertex 39.6073 -7.92793 10.1197
      vertex 39.7957 -6.92209 10.2032
      vertex 39.6073 -6.83083 10.1197
    endloop
  endfacet
  facet normal -0.405193 0 0.914231
    outer loop
      vertex 39.7957 -6.92209 10.2032
      vertex 39.6073 -7.92793 10.1197
      vertex 39.7957 -8.01918 10.2032
    endloop
  endfacet
  facet normal 0.724115 0 -0.689679
    outer loop
      vertex 35.0302 -5.67918 16.9698
      vertex 34.888 -6.6835 16.8205
      vertex 34.888 -5.60397 16.8205
    endloop
  endfacet
  facet normal 0.724115 0 -0.689679
    outer loop
      vertex 34.888 -6.6835 16.8205
      vertex 35.0302 -5.67918 16.9698
      vertex 35.0302 -6.75867 16.9698
    endloop
  endfacet
  facet normal 0.963761 0 -0.266768
    outer loop
      vertex 33.9809 -5.03553 15.2192
      vertex 33.9259 -6.06709 15.0205
      vertex 33.9259 -4.98721 15.0205
    endloop
  endfacet
  facet normal 0.963761 0 -0.266768
    outer loop
      vertex 33.9259 -6.06709 15.0205
      vertex 33.9809 -5.03553 15.2192
      vertex 33.9809 -6.11537 15.2192
    endloop
  endfacet
  facet normal -0.170768 0 -0.985311
    outer loop
      vertex 38.6163 -8.4376 18.1545
      vertex 38.8194 -7.4213 18.1193
      vertex 38.8194 -8.52273 18.1193
    endloop
  endfacet
  facet normal -0.170768 0 -0.985311
    outer loop
      vertex 38.8194 -7.4213 18.1193
      vertex 38.6163 -8.4376 18.1545
      vertex 38.6163 -7.33617 18.1545
    endloop
  endfacet
  facet normal 0.784883 0 -0.619644
    outer loop
      vertex 34.628 -5.46043 16.5038
      vertex 34.6265 -6.53922 16.5019
      vertex 34.6265 -5.45964 16.5019
    endloop
  endfacet
  facet normal 0.788371 -1.26779e-05 -0.6152
    outer loop
      vertex 34.7534 -5.53073 16.6645
      vertex 34.6265 -6.53922 16.5019
      vertex 34.628 -5.46043 16.5038
    endloop
  endfacet
  facet normal 0.788333 0 -0.615249
    outer loop
      vertex 34.6265 -6.53922 16.5019
      vertex 34.7534 -5.53073 16.6645
      vertex 34.7534 -6.61029 16.6645
    endloop
  endfacet
  facet normal -0.44954 0 -0.89326
    outer loop
      vertex 39.7957 -8.91067 17.7968
      vertex 39.9799 -7.87788 17.7041
      vertex 39.9799 -8.9794 17.7041
    endloop
  endfacet
  facet normal -0.44954 0 -0.89326
    outer loop
      vertex 39.9799 -7.87788 17.7041
      vertex 39.7957 -8.91067 17.7968
      vertex 39.7957 -7.80917 17.7968
    endloop
  endfacet
  facet normal 0.963761 -0 0.266768
    outer loop
      vertex 33.9259 -5.823 12.9795
      vertex 33.9809 -4.75158 12.7808
      vertex 33.9259 -4.74837 12.9795
    endloop
  endfacet
  facet normal 0.963761 0 0.266768
    outer loop
      vertex 33.9809 -4.75158 12.7808
      vertex 33.9259 -5.823 12.9795
      vertex 33.9809 -5.82623 12.7808
    endloop
  endfacet
  facet normal 0.493 0 -0.870029
    outer loop
      vertex 35.8408 -7.15756 17.6025
      vertex 36.0201 -6.16125 17.7041
      vertex 36.0201 -7.24059 17.7041
    endloop
  endfacet
  facet normal 0.493 0 -0.870029
    outer loop
      vertex 36.0201 -6.16125 17.7041
      vertex 35.8408 -7.15756 17.6025
      vertex 35.8408 -6.07819 17.6025
    endloop
  endfacet
  facet normal 0.0732463 0 -0.997314
    outer loop
      vertex 37.5883 -7.98545 18.1798
      vertex 37.7939 -6.97728 18.1949
      vertex 37.7939 -8.07869 18.1949
    endloop
  endfacet
  facet normal 0.0732463 0 -0.997314
    outer loop
      vertex 37.7939 -6.97728 18.1949
      vertex 37.5883 -7.98545 18.1798
      vertex 37.5883 -6.88403 18.1798
    endloop
  endfacet
  facet normal -0.788476 0 0.615065
    outer loop
      vertex 41.2466 -8.78979 11.3355
      vertex 41.292 -7.69541 11.3937
      vertex 41.2466 -7.66994 11.3355
    endloop
  endfacet
  facet normal -0.788259 -2.3806e-05 0.615344
    outer loop
      vertex 41.292 -7.69541 11.3937
      vertex 41.2466 -8.78979 11.3355
      vertex 41.3735 -7.74631 11.4981
    endloop
  endfacet
  facet normal -0.788333 0 0.615249
    outer loop
      vertex 41.3735 -7.74631 11.4981
      vertex 41.2466 -8.78979 11.3355
      vertex 41.3735 -8.86899 11.4981
    endloop
  endfacet
  facet normal 0.405776 0 -0.913972
    outer loop
      vertex 36.299 -7.3665 17.8387
      vertex 36.3927 -6.32902 17.8803
      vertex 36.3927 -7.41384 17.8803
    endloop
  endfacet
  facet normal 0.40466 0.000120696 -0.914467
    outer loop
      vertex 36.2043 -7.32425 17.7968
      vertex 36.3927 -6.32902 17.8803
      vertex 36.299 -7.3665 17.8387
    endloop
  endfacet
  facet normal 0.405193 0 -0.914231
    outer loop
      vertex 36.3927 -6.32902 17.8803
      vertex 36.2043 -7.32425 17.7968
      vertex 36.2043 -6.24492 17.7968
    endloop
  endfacet
  facet normal -0.724115 0 0.689679
    outer loop
      vertex 40.9698 -8.6216 11.0302
      vertex 41.112 -7.59582 11.1795
      vertex 40.9698 -7.519 11.0302
    endloop
  endfacet
  facet normal -0.724115 0 0.689679
    outer loop
      vertex 41.112 -7.59582 11.1795
      vertex 40.9698 -8.6216 11.0302
      vertex 41.112 -8.70726 11.1795
    endloop
  endfacet
  facet normal -0.757128 0 0.653266
    outer loop
      vertex 41.112 -8.70726 11.1795
      vertex 41.2466 -7.66994 11.3355
      vertex 41.112 -7.59582 11.1795
    endloop
  endfacet
  facet normal -0.757128 0 0.653266
    outer loop
      vertex 41.2466 -7.66994 11.3355
      vertex 41.112 -8.70726 11.1795
      vertex 41.2466 -8.78979 11.3355
    endloop
  endfacet
  facet normal 0.844878 0 -0.53496
    outer loop
      vertex 34.5078 -5.39085 16.3334
      vertex 34.3975 -6.40419 16.1592
      vertex 34.3975 -5.32454 16.1592
    endloop
  endfacet
  facet normal 0.844314 0.000214092 -0.535848
    outer loop
      vertex 34.5078 -5.39085 16.3334
      vertex 34.4154 -6.41492 16.1874
      vertex 34.3975 -6.40419 16.1592
    endloop
  endfacet
  facet normal 0.844993 0 -0.534777
    outer loop
      vertex 34.4154 -6.41492 16.1874
      vertex 34.5078 -5.39085 16.3334
      vertex 34.5078 -6.47047 16.3334
    endloop
  endfacet
  facet normal 0.0735358 -0 0.997293
    outer loop
      vertex 37.5883 -7.00534 9.82022
      vertex 37.7939 -5.99793 9.80506
      vertex 37.5883 -5.9082 9.82022
    endloop
  endfacet
  facet normal 0.0735358 0 0.997293
    outer loop
      vertex 37.7939 -5.99793 9.80506
      vertex 37.5883 -7.00534 9.82022
      vertex 37.7939 -7.09507 9.80506
    endloop
  endfacet
  facet normal 0.89326 -0 0.44954
    outer loop
      vertex 34.2032 -5.85986 12.2043
      vertex 34.2959 -4.8042 12.0201
      vertex 34.2032 -4.78513 12.2043
    endloop
  endfacet
  facet normal 0.89326 0 0.44954
    outer loop
      vertex 34.2959 -4.8042 12.0201
      vertex 34.2032 -5.85986 12.2043
      vertex 34.2959 -5.87895 12.0201
    endloop
  endfacet
  facet normal -0.817519 0 -0.575902
    outer loop
      vertex 41.4922 -8.38286 16.3334
      vertex 41.3735 -9.47478 16.5019
      vertex 41.3735 -8.34713 16.5019
    endloop
  endfacet
  facet normal -0.817519 0 -0.575902
    outer loop
      vertex 41.3735 -9.47478 16.5019
      vertex 41.4922 -8.38286 16.3334
      vertex 41.4922 -9.51054 16.3334
    endloop
  endfacet
  facet normal 0.575902 -0 0.817519
    outer loop
      vertex 35.4981 -6.21659 10.6265
      vertex 35.6666 -5.1959 10.5078
      vertex 35.4981 -5.14165 10.6265
    endloop
  endfacet
  facet normal 0.575902 0 0.817519
    outer loop
      vertex 35.6666 -5.1959 10.5078
      vertex 35.4981 -6.21659 10.6265
      vertex 35.6666 -6.27086 10.5078
    endloop
  endfacet
  facet normal 0.997314 0 -0.0732463
    outer loop
      vertex 33.8202 -4.86338 14.4117
      vertex 33.8051 -5.90952 14.2061
      vertex 33.8051 -4.82948 14.2061
    endloop
  endfacet
  facet normal 0.997314 0 -0.0732463
    outer loop
      vertex 33.8051 -5.90952 14.2061
      vertex 33.8202 -4.86338 14.4117
      vertex 33.8202 -5.94338 14.4117
    endloop
  endfacet
  facet normal -0.615093 0 -0.788455
    outer loop
      vertex 40.584 -9.19232 17.3094
      vertex 40.6645 -8.11764 17.2466
      vertex 40.6645 -9.22388 17.2466
    endloop
  endfacet
  facet normal -0.615394 3.63421e-05 -0.788219
    outer loop
      vertex 40.5019 -9.16485 17.3735
      vertex 40.6645 -8.11764 17.2466
      vertex 40.584 -9.19232 17.3094
    endloop
  endfacet
  facet normal -0.615249 0 -0.788333
    outer loop
      vertex 40.6645 -8.11764 17.2466
      vertex 40.5019 -9.16485 17.3735
      vertex 40.5019 -8.06326 17.3735
    endloop
  endfacet
  facet normal -0.93302 0 -0.359824
    outer loop
      vertex 41.9545 -8.48466 15.4149
      vertex 41.8803 -9.60256 15.6073
      vertex 41.8803 -8.47472 15.6073
    endloop
  endfacet
  facet normal -0.93302 0 -0.359824
    outer loop
      vertex 41.8803 -9.60256 15.6073
      vertex 41.9545 -8.48466 15.4149
      vertex 41.9545 -9.61253 15.4149
    endloop
  endfacet
  facet normal 0.653266 0 -0.757128
    outer loop
      vertex 35.1795 -6.83563 17.112
      vertex 35.3355 -5.83475 17.2466
      vertex 35.3355 -6.91419 17.2466
    endloop
  endfacet
  facet normal 0.653266 0 -0.757128
    outer loop
      vertex 35.3355 -5.83475 17.2466
      vertex 35.1795 -6.83563 17.112
      vertex 35.1795 -5.75617 17.112
    endloop
  endfacet
  facet normal -0.53496 0 -0.844878
    outer loop
      vertex 40.1592 -9.04478 17.6025
      vertex 40.3334 -8.00508 17.4922
      vertex 40.3334 -9.10664 17.4922
    endloop
  endfacet
  facet normal -0.53496 0 -0.844878
    outer loop
      vertex 40.3334 -8.00508 17.4922
      vertex 40.1592 -9.04478 17.6025
      vertex 40.1592 -7.94324 17.6025
    endloop
  endfacet
  facet normal -0.788333 0 -0.615249
    outer loop
      vertex 41.3735 -8.34713 16.5019
      vertex 41.2466 -9.43407 16.6645
      vertex 41.2466 -8.30645 16.6645
    endloop
  endfacet
  facet normal -0.788333 0 -0.615249
    outer loop
      vertex 41.2466 -9.43407 16.6645
      vertex 41.3735 -8.34713 16.5019
      vertex 41.3735 -9.47478 16.5019
    endloop
  endfacet
  facet normal 0.999701 5.57468e-05 0.0244528
    outer loop
      vertex 33.8051 -5.85336 13.7939
      vertex 33.8038 -4.77967 13.8446
      vertex 33.8 -4.7994 14
    endloop
  endfacet
  facet normal 0.999671 0 0.0256326
    outer loop
      vertex 33.8038 -4.77967 13.8446
      vertex 33.8051 -5.85336 13.7939
      vertex 33.8051 -4.77556 13.7939
    endloop
  endfacet
  facet normal 0.999694 0 0.0247377
    outer loop
      vertex 33.8051 -5.85336 13.7939
      vertex 33.8 -4.7994 14
      vertex 33.8 -5.87949 14
    endloop
  endfacet
  facet normal -0.997314 0 0.0732463
    outer loop
      vertex 42.1798 -9.47237 13.5883
      vertex 42.1949 -8.37707 13.7939
      vertex 42.1798 -8.34998 13.5883
    endloop
  endfacet
  facet normal -0.997279 -8.99164e-05 0.0737227
    outer loop
      vertex 42.1897 -9.49 13.7222
      vertex 42.1949 -8.37707 13.7939
      vertex 42.1798 -9.47237 13.5883
    endloop
  endfacet
  facet normal -0.99738 0 0.0723344
    outer loop
      vertex 42.1949 -8.37707 13.7939
      vertex 42.1897 -9.49 13.7222
      vertex 42.1949 -9.50286 13.7939
    endloop
  endfacet
  facet normal -0.914231 0 0.405193
    outer loop
      vertex 41.7968 -9.14878 12.2043
      vertex 41.8803 -8.08609 12.3927
      vertex 41.7968 -8.0262 12.2043
    endloop
  endfacet
  facet normal -0.91434 5.21716e-05 0.404947
    outer loop
      vertex 41.8685 -9.20022 12.3662
      vertex 41.8803 -8.08609 12.3927
      vertex 41.7968 -9.14878 12.2043
    endloop
  endfacet
  facet normal -0.913527 0 0.406778
    outer loop
      vertex 41.8803 -8.08609 12.3927
      vertex 41.8685 -9.20022 12.3662
      vertex 41.8803 -9.20864 12.3927
    endloop
  endfacet
  facet normal -0.949601 0 -0.313461
    outer loop
      vertex 42.0191 -8.4893 15.2192
      vertex 41.9545 -9.61253 15.4149
      vertex 41.9545 -8.48466 15.4149
    endloop
  endfacet
  facet normal -0.949601 0 -0.313461
    outer loop
      vertex 41.9545 -9.61253 15.4149
      vertex 42.0191 -8.4893 15.2192
      vertex 42.0191 -9.61722 15.2192
    endloop
  endfacet
  facet normal -0.914231 0 -0.405193
    outer loop
      vertex 41.8803 -8.47472 15.6073
      vertex 41.7968 -9.58733 15.7957
      vertex 41.7968 -8.45954 15.7957
    endloop
  endfacet
  facet normal -0.914231 0 -0.405193
    outer loop
      vertex 41.7968 -9.58733 15.7957
      vertex 41.8803 -8.47472 15.6073
      vertex 41.8803 -9.60256 15.6073
    endloop
  endfacet
  facet normal -0.870029 0 -0.493
    outer loop
      vertex 41.7041 -8.43913 15.9799
      vertex 41.6025 -9.54127 16.1592
      vertex 41.6025 -8.41355 16.1592
    endloop
  endfacet
  facet normal -0.870029 0 -0.493
    outer loop
      vertex 41.6025 -9.54127 16.1592
      vertex 41.7041 -8.43913 15.9799
      vertex 41.7041 -9.56689 15.9799
    endloop
  endfacet
  facet normal -0.122435 0 0.992477
    outer loop
      vertex 38.4117 -7.3703 9.82022
      vertex 38.6163 -6.36619 9.84546
      vertex 38.4117 -6.27317 9.82022
    endloop
  endfacet
  facet normal -0.122435 0 0.992477
    outer loop
      vertex 38.6163 -6.36619 9.84546
      vertex 38.4117 -7.3703 9.82022
      vertex 38.6163 -7.46332 9.84546
    endloop
  endfacet
  facet normal -0.219154 0 0.97569
    outer loop
      vertex 38.8194 -7.55661 9.8807
      vertex 39.0205 -6.55282 9.92587
      vertex 38.8194 -6.45948 9.8807
    endloop
  endfacet
  facet normal -0.219154 0 0.97569
    outer loop
      vertex 39.0205 -6.55282 9.92587
      vertex 38.8194 -7.55661 9.8807
      vertex 39.0205 -7.64994 9.92587
    endloop
  endfacet
  facet normal 0.44954 -0 0.89326
    outer loop
      vertex 36.0201 -6.38806 10.2959
      vertex 36.2043 -5.37571 10.2032
      vertex 36.0201 -5.31308 10.2959
    endloop
  endfacet
  facet normal 0.44954 0 0.89326
    outer loop
      vertex 36.2043 -5.37571 10.2032
      vertex 36.0201 -6.38806 10.2959
      vertex 36.2043 -6.45071 10.2032
    endloop
  endfacet
  facet normal -0.0732463 0 -0.997314
    outer loop
      vertex 38.2061 -8.2614 18.1949
      vertex 38.4117 -7.249 18.1798
      vertex 38.4117 -8.35042 18.1798
    endloop
  endfacet
  facet normal -0.0732463 0 -0.997314
    outer loop
      vertex 38.4117 -7.249 18.1798
      vertex 38.2061 -8.2614 18.1949
      vertex 38.2061 -7.15998 18.1949
    endloop
  endfacet
  facet normal 0.0247377 0 -0.999694
    outer loop
      vertex 37.7939 -8.07869 18.1949
      vertex 38 -7.06933 18.2
      vertex 38 -8.17075 18.2
    endloop
  endfacet
  facet normal 0.0247377 0 -0.999694
    outer loop
      vertex 38 -7.06933 18.2
      vertex 37.7939 -8.07869 18.1949
      vertex 37.7939 -6.97728 18.1949
    endloop
  endfacet
  facet normal 0.89326 0 -0.44954
    outer loop
      vertex 34.2959 -5.26087 15.9799
      vertex 34.2032 -6.27972 15.7957
      vertex 34.2032 -5.19999 15.7957
    endloop
  endfacet
  facet normal 0.89326 0 -0.44954
    outer loop
      vertex 34.2032 -6.27972 15.7957
      vertex 34.2959 -5.26087 15.9799
      vertex 34.2959 -6.34056 15.9799
    endloop
  endfacet
  facet normal -0.575902 0 -0.817519
    outer loop
      vertex 40.3334 -9.10664 17.4922
      vertex 40.5019 -8.06326 17.3735
      vertex 40.5019 -9.16485 17.3735
    endloop
  endfacet
  facet normal -0.575902 0 -0.817519
    outer loop
      vertex 40.5019 -8.06326 17.3735
      vertex 40.3334 -9.10664 17.4922
      vertex 40.3334 -8.00508 17.4922
    endloop
  endfacet
  facet normal 0.93302 -0 0.359824
    outer loop
      vertex 34.0455 -5.83347 12.5851
      vertex 34.1197 -4.76998 12.3927
      vertex 34.0455 -4.75879 12.5851
    endloop
  endfacet
  facet normal 0.93302 0 0.359824
    outer loop
      vertex 34.1197 -4.76998 12.3927
      vertex 34.0455 -5.83347 12.5851
      vertex 34.1197 -5.84469 12.3927
    endloop
  endfacet
  facet normal -0.653266 0 0.757128
    outer loop
      vertex 40.6645 -8.45505 10.7534
      vertex 40.8205 -7.43968 10.888
      vertex 40.6645 -7.35804 10.7534
    endloop
  endfacet
  facet normal -0.653266 0 0.757128
    outer loop
      vertex 40.8205 -7.43968 10.888
      vertex 40.6645 -8.45505 10.7534
      vertex 40.8205 -8.53667 10.888
    endloop
  endfacet
  facet normal 0.615249 -0 0.788333
    outer loop
      vertex 35.3355 -6.16537 10.7534
      vertex 35.4981 -5.14165 10.6265
      vertex 35.3355 -5.09045 10.7534
    endloop
  endfacet
  facet normal 0.615249 0 0.788333
    outer loop
      vertex 35.4981 -5.14165 10.6265
      vertex 35.3355 -6.16537 10.7534
      vertex 35.4981 -6.21659 10.6265
    endloop
  endfacet
  facet normal 0.653266 -0 0.757128
    outer loop
      vertex 35.1795 -6.11734 10.888
      vertex 35.3355 -5.09045 10.7534
      vertex 35.1795 -5.04243 10.888
    endloop
  endfacet
  facet normal 0.653266 0 0.757128
    outer loop
      vertex 35.3355 -5.09045 10.7534
      vertex 35.1795 -6.11734 10.888
      vertex 35.3355 -6.16537 10.7534
    endloop
  endfacet
  facet normal 0.975659 0 -0.219293
    outer loop
      vertex 33.9259 -4.98721 15.0205
      vertex 33.8807 -6.02226 14.8194
      vertex 33.8807 -4.94234 14.8194
    endloop
  endfacet
  facet normal 0.975659 0 -0.219293
    outer loop
      vertex 33.8807 -6.02226 14.8194
      vertex 33.9259 -4.98721 15.0205
      vertex 33.9259 -6.06709 15.0205
    endloop
  endfacet
  facet normal -0.122721 0 -0.992441
    outer loop
      vertex 38.4117 -8.35042 18.1798
      vertex 38.6163 -7.33617 18.1545
      vertex 38.6163 -8.4376 18.1545
    endloop
  endfacet
  facet normal -0.122721 0 -0.992441
    outer loop
      vertex 38.6163 -7.33617 18.1545
      vertex 38.4117 -8.35042 18.1798
      vertex 38.4117 -7.249 18.1798
    endloop
  endfacet
  facet normal -0.689679 0 -0.724115
    outer loop
      vertex 40.8205 -9.28329 17.112
      vertex 40.9698 -8.21446 16.9698
      vertex 40.9698 -9.33821 16.9698
    endloop
  endfacet
  facet normal -0.689679 0 -0.724115
    outer loop
      vertex 40.9698 -8.21446 16.9698
      vertex 40.8205 -9.28329 17.112
      vertex 40.8205 -8.16808 17.112
    endloop
  endfacet
  facet normal 0.122721 0 -0.992441
    outer loop
      vertex 37.3837 -7.89125 18.1545
      vertex 37.5883 -6.88403 18.1798
      vertex 37.5883 -7.98545 18.1798
    endloop
  endfacet
  facet normal 0.122721 0 -0.992441
    outer loop
      vertex 37.5883 -6.88403 18.1798
      vertex 37.3837 -7.89125 18.1545
      vertex 37.3837 -6.78983 18.1545
    endloop
  endfacet
  facet normal -0.870029 0 0.493
    outer loop
      vertex 41.6025 -9.01663 11.8408
      vertex 41.7041 -7.96212 12.0201
      vertex 41.6025 -7.894 11.8408
    endloop
  endfacet
  facet normal -0.870029 0 0.493
    outer loop
      vertex 41.7041 -7.96212 12.0201
      vertex 41.6025 -9.01663 11.8408
      vertex 41.7041 -9.08473 12.0201
    endloop
  endfacet
  facet normal 0.53496 0 -0.844878
    outer loop
      vertex 35.6666 -7.07535 17.4922
      vertex 35.8408 -6.07819 17.6025
      vertex 35.8408 -7.15756 17.6025
    endloop
  endfacet
  facet normal 0.53496 0 -0.844878
    outer loop
      vertex 35.8408 -6.07819 17.6025
      vertex 35.6666 -7.07535 17.4922
      vertex 35.6666 -5.99596 17.4922
    endloop
  endfacet
  facet normal 0.870029 0 -0.493
    outer loop
      vertex 34.3975 -5.32454 16.1592
      vertex 34.2959 -6.34056 15.9799
      vertex 34.2959 -5.26087 15.9799
    endloop
  endfacet
  facet normal 0.870029 0 -0.493
    outer loop
      vertex 34.2959 -6.34056 15.9799
      vertex 34.3975 -5.32454 16.1592
      vertex 34.3975 -6.40419 16.1592
    endloop
  endfacet
  facet normal 0.949601 0 -0.313461
    outer loop
      vertex 34.0455 -5.08719 15.4149
      vertex 33.9809 -6.11537 15.2192
      vertex 33.9809 -5.03553 15.2192
    endloop
  endfacet
  facet normal 0.949601 0 -0.313461
    outer loop
      vertex 33.9809 -6.11537 15.2192
      vertex 34.0455 -5.08719 15.4149
      vertex 34.0455 -6.16699 15.4149
    endloop
  endfacet
  facet normal -0.757128 0 -0.653266
    outer loop
      vertex 41.2466 -8.30645 16.6645
      vertex 41.112 -9.38851 16.8205
      vertex 41.112 -8.26093 16.8205
    endloop
  endfacet
  facet normal -0.757128 0 -0.653266
    outer loop
      vertex 41.112 -9.38851 16.8205
      vertex 41.2466 -8.30645 16.6645
      vertex 41.2466 -9.43407 16.6645
    endloop
  endfacet
  facet normal 0.975659 0 0.219293
    outer loop
      vertex 33.8807 -4.74917 13.1806
      vertex 33.9259 -5.823 12.9795
      vertex 33.9259 -4.74837 12.9795
    endloop
  endfacet
  facet normal 0.975659 0 0.219293
    outer loop
      vertex 33.9259 -5.823 12.9795
      vertex 33.8807 -4.74917 13.1806
      vertex 33.8807 -5.82377 13.1806
    endloop
  endfacet
  facet normal 0.93302 0 -0.359824
    outer loop
      vertex 34.1197 -5.14205 15.6073
      vertex 34.0455 -6.16699 15.4149
      vertex 34.0455 -5.08719 15.4149
    endloop
  endfacet
  facet normal 0.93302 0 -0.359824
    outer loop
      vertex 34.0455 -6.16699 15.4149
      vertex 34.1197 -5.14205 15.6073
      vertex 34.1197 -6.22181 15.6073
    endloop
  endfacet
  facet normal 0.689679 -0 0.724115
    outer loop
      vertex 35.0302 -6.07261 11.0302
      vertex 35.1795 -5.04243 10.888
      vertex 35.0302 -4.99772 11.0302
    endloop
  endfacet
  facet normal 0.689679 0 0.724115
    outer loop
      vertex 35.1795 -5.04243 10.888
      vertex 35.0302 -6.07261 11.0302
      vertex 35.1795 -6.11734 10.888
    endloop
  endfacet
  facet normal 0.724115 -0 0.689679
    outer loop
      vertex 34.888 -6.03129 11.1795
      vertex 35.0302 -4.99772 11.0302
      vertex 34.888 -4.95642 11.1795
    endloop
  endfacet
  facet normal 0.724115 0 0.689679
    outer loop
      vertex 35.0302 -4.99772 11.0302
      vertex 34.888 -6.03129 11.1795
      vertex 35.0302 -6.07261 11.0302
    endloop
  endfacet
  facet normal 0.914231 -0 0.405193
    outer loop
      vertex 34.1197 -5.84469 12.3927
      vertex 34.2032 -4.78513 12.2043
      vertex 34.1197 -4.76998 12.3927
    endloop
  endfacet
  facet normal 0.914231 0 0.405193
    outer loop
      vertex 34.2032 -4.78513 12.2043
      vertex 34.1197 -5.84469 12.3927
      vertex 34.2032 -5.85986 12.2043
    endloop
  endfacet
  facet normal -0.219293 0 -0.975659
    outer loop
      vertex 38.8194 -8.52273 18.1193
      vertex 39.0205 -7.50417 18.0741
      vertex 39.0205 -8.60561 18.0741
    endloop
  endfacet
  facet normal -0.219293 0 -0.975659
    outer loop
      vertex 39.0205 -7.50417 18.0741
      vertex 38.8194 -8.52273 18.1193
      vertex 38.8194 -7.4213 18.1193
    endloop
  endfacet
  facet normal -0.44954 0 0.89326
    outer loop
      vertex 39.7957 -8.01918 10.2032
      vertex 39.9799 -7.01229 10.2959
      vertex 39.7957 -6.92209 10.2032
    endloop
  endfacet
  facet normal -0.44954 0 0.89326
    outer loop
      vertex 39.9799 -7.01229 10.2959
      vertex 39.7957 -8.01918 10.2032
      vertex 39.9799 -8.10936 10.2959
    endloop
  endfacet
  facet normal 0.992441 0 0.122721
    outer loop
      vertex 33.8202 -4.76278 13.5883
      vertex 33.8455 -5.82855 13.3837
      vertex 33.8455 -4.75398 13.3837
    endloop
  endfacet
  facet normal 0.992441 0 0.122721
    outer loop
      vertex 33.8455 -5.82855 13.3837
      vertex 33.8202 -4.76278 13.5883
      vertex 33.8202 -5.83733 13.5883
    endloop
  endfacet
  facet normal -0.96374 0 0.266842
    outer loop
      vertex 42.0191 -9.31521 12.7808
      vertex 42.0294 -8.20141 12.818
      vertex 42.0191 -8.19271 12.7808
    endloop
  endfacet
  facet normal -0.963765 3.24296e-06 0.266752
    outer loop
      vertex 42.0294 -8.20141 12.818
      vertex 42.0191 -9.31521 12.7808
      vertex 42.0741 -8.23919 12.9795
    endloop
  endfacet
  facet normal -0.963761 0 0.266768
    outer loop
      vertex 42.0741 -8.23919 12.9795
      vertex 42.0191 -9.31521 12.7808
      vertex 42.0741 -9.36166 12.9795
    endloop
  endfacet
  facet normal 0.985311 0 -0.170768
    outer loop
      vertex 33.8807 -4.94234 14.8194
      vertex 33.8455 -5.98099 14.6163
      vertex 33.8455 -4.90103 14.6163
    endloop
  endfacet
  facet normal 0.985311 0 -0.170768
    outer loop
      vertex 33.8455 -5.98099 14.6163
      vertex 33.8807 -4.94234 14.8194
      vertex 33.8807 -6.02226 14.8194
    endloop
  endfacet
  facet normal 0.405193 -0 0.914231
    outer loop
      vertex 36.2043 -6.45071 10.2032
      vertex 36.3927 -5.44084 10.1197
      vertex 36.2043 -5.37571 10.2032
    endloop
  endfacet
  facet normal 0.405193 0 0.914231
    outer loop
      vertex 36.3927 -5.44084 10.1197
      vertex 36.2043 -6.45071 10.2032
      vertex 36.3927 -6.51585 10.1197
    endloop
  endfacet
  facet normal -0.89326 0 0.44954
    outer loop
      vertex 41.7041 -9.08473 12.0201
      vertex 41.7968 -8.0262 12.2043
      vertex 41.7041 -7.96212 12.0201
    endloop
  endfacet
  facet normal -0.89326 0 0.44954
    outer loop
      vertex 41.7968 -8.0262 12.2043
      vertex 41.7041 -9.08473 12.0201
      vertex 41.7968 -9.14878 12.2043
    endloop
  endfacet
  facet normal -0.985311 0 0.170768
    outer loop
      vertex 42.1193 -9.4034 13.1806
      vertex 42.1545 -8.31792 13.3837
      vertex 42.1193 -8.28096 13.1806
    endloop
  endfacet
  facet normal -0.985311 0 0.170768
    outer loop
      vertex 42.1545 -8.31792 13.3837
      vertex 42.1193 -9.4034 13.1806
      vertex 42.1545 -9.44034 13.3837
    endloop
  endfacet
  facet normal -0.493 0 0.870029
    outer loop
      vertex 39.9799 -8.10936 10.2959
      vertex 40.1592 -7.10119 10.3975
      vertex 39.9799 -7.01229 10.2959
    endloop
  endfacet
  facet normal -0.493 0 0.870029
    outer loop
      vertex 40.1592 -7.10119 10.3975
      vertex 39.9799 -8.10936 10.2959
      vertex 40.1592 -8.19825 10.3975
    endloop
  endfacet
  facet normal -0.170956 0 0.985279
    outer loop
      vertex 38.6163 -7.46332 9.84546
      vertex 38.8194 -6.45948 9.8807
      vertex 38.6163 -6.36619 9.84546
    endloop
  endfacet
  facet normal -0.170956 0 0.985279
    outer loop
      vertex 38.8194 -6.45948 9.8807
      vertex 38.6163 -7.46332 9.84546
      vertex 38.8194 -7.55661 9.8807
    endloop
  endfacet
  facet normal 0.999694 0 -0.0247377
    outer loop
      vertex 33.8051 -4.82948 14.2061
      vertex 33.8 -5.87949 14
      vertex 33.8 -4.7994 14
    endloop
  endfacet
  facet normal 0.999694 0 -0.0247377
    outer loop
      vertex 33.8 -5.87949 14
      vertex 33.8051 -4.82948 14.2061
      vertex 33.8051 -5.90952 14.2061
    endloop
  endfacet
  facet normal -0.975659 0 0.219293
    outer loop
      vertex 42.0741 -9.36166 12.9795
      vertex 42.1193 -8.28096 13.1806
      vertex 42.0741 -8.23919 12.9795
    endloop
  endfacet
  facet normal -0.975659 0 0.219293
    outer loop
      vertex 42.1193 -8.28096 13.1806
      vertex 42.0741 -9.36166 12.9795
      vertex 42.1193 -9.4034 13.1806
    endloop
  endfacet
  facet normal 0.122435 -0 0.992477
    outer loop
      vertex 37.3837 -6.91698 9.84546
      vertex 37.5883 -5.9082 9.82022
      vertex 37.3837 -5.81985 9.84546
    endloop
  endfacet
  facet normal 0.122435 0 0.992477
    outer loop
      vertex 37.5883 -5.9082 9.82022
      vertex 37.3837 -6.91698 9.84546
      vertex 37.5883 -7.00534 9.82022
    endloop
  endfacet
  facet normal -0.313461 0 -0.949601
    outer loop
      vertex 39.2192 -8.68603 18.0191
      vertex 39.4149 -7.66234 17.9545
      vertex 39.4149 -8.76381 17.9545
    endloop
  endfacet
  facet normal -0.313461 0 -0.949601
    outer loop
      vertex 39.4149 -7.66234 17.9545
      vertex 39.2192 -8.68603 18.0191
      vertex 39.2192 -7.58458 18.0191
    endloop
  endfacet
  facet normal 0.266768 0 -0.963761
    outer loop
      vertex 36.7808 -7.60517 18.0191
      vertex 36.9795 -6.59944 18.0741
      vertex 36.9795 -7.70088 18.0741
    endloop
  endfacet
  facet normal 0.266768 0 -0.963761
    outer loop
      vertex 36.9795 -6.59944 18.0741
      vertex 36.7808 -7.60517 18.0191
      vertex 36.7808 -6.50371 18.0191
    endloop
  endfacet
  facet normal 0.992441 0 -0.122721
    outer loop
      vertex 33.8455 -4.90103 14.6163
      vertex 33.8202 -5.94338 14.4117
      vertex 33.8202 -4.86338 14.4117
    endloop
  endfacet
  facet normal 0.992441 0 -0.122721
    outer loop
      vertex 33.8202 -5.94338 14.4117
      vertex 33.8455 -4.90103 14.6163
      vertex 33.8455 -5.98099 14.6163
    endloop
  endfacet
  facet normal 0.788333 -0 0.615249
    outer loop
      vertex 34.6265 -5.95925 11.4981
      vertex 34.7534 -4.91862 11.3355
      vertex 34.6265 -4.88442 11.4981
    endloop
  endfacet
  facet normal 0.788178 4.98913e-05 0.615447
    outer loop
      vertex 34.7081 -5.98125 11.3936
      vertex 34.7534 -4.91862 11.3355
      vertex 34.6265 -5.95925 11.4981
    endloop
  endfacet
  facet normal 0.788621 0 0.61488
    outer loop
      vertex 34.7534 -4.91862 11.3355
      vertex 34.7081 -5.98125 11.3936
      vertex 34.7534 -5.99347 11.3355
    endloop
  endfacet
  facet normal -0.817519 0 0.575902
    outer loop
      vertex 41.3735 -8.86899 11.4981
      vertex 41.4922 -7.82201 11.6666
      vertex 41.3735 -7.74631 11.4981
    endloop
  endfacet
  facet normal -0.817519 0 0.575902
    outer loop
      vertex 41.4922 -7.82201 11.6666
      vertex 41.3735 -8.86899 11.4981
      vertex 41.4922 -8.94466 11.6666
    endloop
  endfacet
  facet normal -0.689695 0 0.7241
    outer loop
      vertex 40.9698 -7.519 11.0302
      vertex 40.8793 -8.5679 10.944
      vertex 40.9698 -8.6216 11.0302
    endloop
  endfacet
  facet normal -0.689679 0 0.724115
    outer loop
      vertex 40.8205 -8.53667 10.888
      vertex 40.9698 -7.519 11.0302
      vertex 40.8205 -7.43968 10.888
    endloop
  endfacet
  facet normal -0.689657 -6.28692e-06 0.724136
    outer loop
      vertex 40.9698 -7.519 11.0302
      vertex 40.8205 -8.53667 10.888
      vertex 40.8793 -8.5679 10.944
    endloop
  endfacet
  facet normal 0.313461 0 -0.949601
    outer loop
      vertex 36.5851 -7.50941 17.9545
      vertex 36.7808 -6.50371 18.0191
      vertex 36.7808 -7.60517 18.0191
    endloop
  endfacet
  facet normal 0.312969 0.00010606 -0.949763
    outer loop
      vertex 36.7808 -6.50371 18.0191
      vertex 36.5851 -7.50941 17.9545
      vertex 36.6773 -6.45309 17.985
    endloop
  endfacet
  facet normal 0.314065 0 -0.949402
    outer loop
      vertex 36.6773 -6.45309 17.985
      vertex 36.5851 -7.50941 17.9545
      vertex 36.5851 -6.41333 17.9545
    endloop
  endfacet
  facet normal 0.844878 -0 0.53496
    outer loop
      vertex 34.3975 -5.90192 11.8408
      vertex 34.5078 -4.8539 11.6666
      vertex 34.3975 -4.82714 11.8408
    endloop
  endfacet
  facet normal 0.844878 0 0.53496
    outer loop
      vertex 34.5078 -4.8539 11.6666
      vertex 34.3975 -5.90192 11.8408
      vertex 34.5078 -5.92871 11.6666
    endloop
  endfacet
  facet normal -0.93302 0 0.359824
    outer loop
      vertex 41.8803 -9.20864 12.3927
      vertex 41.9545 -8.14163 12.5851
      vertex 41.8803 -8.08609 12.3927
    endloop
  endfacet
  facet normal -0.93302 0 0.359824
    outer loop
      vertex 41.9545 -8.14163 12.5851
      vertex 41.8803 -9.20864 12.3927
      vertex 41.9545 -9.26416 12.5851
    endloop
  endfacet
  facet normal 0.817519 -0 0.575902
    outer loop
      vertex 34.5078 -5.92871 11.6666
      vertex 34.6265 -4.88442 11.4981
      vertex 34.5078 -4.8539 11.6666
    endloop
  endfacet
  facet normal 0.817519 0 0.575902
    outer loop
      vertex 34.6265 -4.88442 11.4981
      vertex 34.5078 -5.92871 11.6666
      vertex 34.6265 -5.95925 11.4981
    endloop
  endfacet
  facet normal 0.359824 -0 0.93302
    outer loop
      vertex 36.3927 -6.51585 10.1197
      vertex 36.5851 -5.50831 10.0455
      vertex 36.3927 -5.44084 10.1197
    endloop
  endfacet
  facet normal 0.359824 0 0.93302
    outer loop
      vertex 36.5851 -5.50831 10.0455
      vertex 36.3927 -6.51585 10.1197
      vertex 36.5851 -6.58332 10.0455
    endloop
  endfacet
  facet normal 0.757128 0 -0.653266
    outer loop
      vertex 34.888 -5.60397 16.8205
      vertex 34.7534 -6.61029 16.6645
      vertex 34.7534 -5.53073 16.6645
    endloop
  endfacet
  facet normal 0.757128 0 -0.653266
    outer loop
      vertex 34.7534 -6.61029 16.6645
      vertex 34.888 -5.60397 16.8205
      vertex 34.888 -6.6835 16.8205
    endloop
  endfacet
  facet normal 0.313857 0 0.94947
    outer loop
      vertex 36.7808 -5.57795 9.98085
      vertex 36.6185 -6.59521 10.0345
      vertex 36.7808 -6.66222 9.98085
    endloop
  endfacet
  facet normal 0.313679 -0 0.949529
    outer loop
      vertex 36.5851 -6.58332 10.0455
      vertex 36.7808 -5.57795 9.98085
      vertex 36.5851 -5.50831 10.0455
    endloop
  endfacet
  facet normal 0.312869 0.000174849 0.949796
    outer loop
      vertex 36.7808 -5.57795 9.98085
      vertex 36.5851 -6.58332 10.0455
      vertex 36.6185 -6.59521 10.0345
    endloop
  endfacet
  facet normal 0.757126 -0 0.653269
    outer loop
      vertex 34.7534 -5.99347 11.3355
      vertex 34.8553 -4.94722 11.2174
      vertex 34.7534 -4.91862 11.3355
    endloop
  endfacet
  facet normal 0.757137 -2.60188e-06 0.653256
    outer loop
      vertex 34.8553 -4.94722 11.2174
      vertex 34.7534 -5.99347 11.3355
      vertex 34.888 -4.95642 11.1795
    endloop
  endfacet
  facet normal 0.757128 0 0.653266
    outer loop
      vertex 34.888 -4.95642 11.1795
      vertex 34.7534 -5.99347 11.3355
      vertex 34.888 -6.03129 11.1795
    endloop
  endfacet
  facet normal 0.219129 5.38187e-06 0.975696
    outer loop
      vertex 36.9795 -6.74521 9.92587
      vertex 37.1806 -5.73307 9.8807
      vertex 37.0061 -5.65934 9.91989
    endloop
  endfacet
  facet normal 0.219338 -0 0.975649
    outer loop
      vertex 36.9795 -6.74521 9.92587
      vertex 37.0061 -5.65934 9.91989
      vertex 36.9795 -5.64961 9.92587
    endloop
  endfacet
  facet normal 0.219154 0 0.97569
    outer loop
      vertex 37.1806 -5.73307 9.8807
      vertex 36.9795 -6.74521 9.92587
      vertex 37.1806 -6.8302 9.8807
    endloop
  endfacet
  facet normal 0.949601 -0 0.313461
    outer loop
      vertex 33.9809 -5.82623 12.7808
      vertex 34.0455 -4.75879 12.5851
      vertex 33.9809 -4.75158 12.7808
    endloop
  endfacet
  facet normal 0.949601 0 0.313461
    outer loop
      vertex 34.0455 -4.75879 12.5851
      vertex 33.9809 -5.82623 12.7808
      vertex 34.0455 -5.83347 12.5851
    endloop
  endfacet
  facet normal 0.53496 -0 0.844878
    outer loop
      vertex 35.6666 -6.27086 10.5078
      vertex 35.8408 -5.25309 10.3975
      vertex 35.6666 -5.1959 10.5078
    endloop
  endfacet
  facet normal 0.53496 0 0.844878
    outer loop
      vertex 35.8408 -5.25309 10.3975
      vertex 35.6666 -6.27086 10.5078
      vertex 35.8408 -6.32807 10.3975
    endloop
  endfacet
  facet normal 0.44954 0 -0.89326
    outer loop
      vertex 36.0201 -7.24059 17.7041
      vertex 36.2043 -6.24492 17.7968
      vertex 36.2043 -7.32425 17.7968
    endloop
  endfacet
  facet normal 0.44954 0 -0.89326
    outer loop
      vertex 36.2043 -6.24492 17.7968
      vertex 36.0201 -7.24059 17.7041
      vertex 36.0201 -6.16125 17.7041
    endloop
  endfacet
endsolid OpenSCAD_Model
